CombID	ProbID	merge_tag	W1_tag	W2_tag	W1	W2	L1	L2
1	4	NP	NNS	NN	boys	boy	boy	boy
2	4	NP	NNS	NNS	boys	outdoors	boy	outdoors
3	4	NP	NNS	NN	boys	man	boy	man
4	4	NP	NNS	n	boys	boy playing outdoors	boy	boy play outdoors
5	4	NP	NNS	n	boys	man smiling	boy	man smile
6	4	VP	VBG	VBG	playing	smiling	play	smile
7	4	NP	NNS	NN	outdoors	boy	outdoors	boy
8	4	NP	NNS	NN	outdoors	man	outdoors	man
9	4	NP	NNS	n	outdoors	boy playing outdoors	outdoors	boy play outdoors
10	4	NP	NNS	n	outdoors	man smiling	outdoors	man smile
11	4	NP	NN	NN	man	boy	man	boy
12	4	NP	NN	NNS	man	outdoors	man	outdoors
13	4	NP	NN	n	man	boy playing outdoors	man	boy play outdoors
14	4	NP	NN	n	man	man smiling	man	man smile
15	4	VP	VBG	VBG	smiling	playing	smile	play
16	4	NP	n	NN	young boys	boy	young boy	boy
17	4	NP	n	NNS	young boys	outdoors	young boy	outdoors
18	4	NP	n	NN	young boys	man	young boy	man
19	4	NP	n	n	young boys	boy playing outdoors	young boy	boy play outdoors
20	4	NP	n	n	young boys	man smiling	young boy	man smile
21	24	NP	NN	NN	person	bicycle	person	bicycle
22	24	NP	NN	NN	person	wheel	person	wheel
23	24	NP	NN	n	person	skilled person	person	skilled person
24	24	NP	NN	n	person	one wheel	person	one wheel
25	24	phrasal_JJ	JJ	JJ	black	skilled	black	skilled
26	24	NP	NN	NN	jacket	person	jacket	person
27	24	NP	NN	NN	jacket	bicycle	jacket	bicycle
28	24	NP	NN	NN	jacket	wheel	jacket	wheel
29	24	NP	NN	n	jacket	skilled person	jacket	skilled person
30	24	NP	NN	n	jacket	one wheel	jacket	one wheel
31	24	VP	VBG	VBG	doing	riding	do	ride
32	24	NP	NNS	NN	tricks	person	trick	person
33	24	NP	NNS	NN	tricks	bicycle	trick	bicycle
34	24	NP	NNS	NN	tricks	wheel	trick	wheel
35	24	NP	NNS	n	tricks	skilled person	trick	skilled person
36	24	NP	NNS	n	tricks	one wheel	trick	one wheel
37	24	NP	NN	NN	motorbike	person	motorbike	person
38	24	NP	NN	NN	motorbike	bicycle	motorbike	bicycle
39	24	NP	NN	NN	motorbike	wheel	motorbike	wheel
40	24	NP	NN	n	motorbike	skilled person	motorbike	skilled person
41	24	NP	NN	n	motorbike	one wheel	motorbike	one wheel
42	24	NP	n	NN	person in a black jacket	person	person in a black jacket	person
43	24	NP	n	NN	person in a black jacket	bicycle	person in a black jacket	bicycle
44	24	NP	n	NN	person in a black jacket	wheel	person in a black jacket	wheel
45	24	NP	n	n	person in a black jacket	skilled person	person in a black jacket	skilled person
46	24	NP	n	n	person in a black jacket	one wheel	person in a black jacket	one wheel
47	24	NP	n	NN	black jacket	person	black jacket	person
48	24	NP	n	NN	black jacket	bicycle	black jacket	bicycle
49	24	NP	n	NN	black jacket	wheel	black jacket	wheel
50	24	NP	n	n	black jacket	skilled person	black jacket	skilled person
51	24	NP	n	n	black jacket	one wheel	black jacket	one wheel
52	24	phrasal_IN	pp	(s:ng\np)\(s:ng\np)	on a motorbike	on one wheel	on a motorbike	on one wheel
53	105	NP	NNS	NNS	children	girls	child	girl
54	105	NP	NNS	NNS	children	backbends	child	backbend
55	105	NP	NNS	NNS	children	outdoors	child	outdoors
56	105	NP	NNS	n	children	Four girls	child	four girl
57	105	VP	VBG	VBG	doing	playing	do	play
58	105	NP	NNS	NNS	backbends	girls	backbend	girl
59	105	NP	NNS	NNS	backbends	outdoors	backbend	outdoors
60	105	NP	NNS	n	backbends	Four girls	backbend	four girl
61	105	NP	NN	NNS	gym	girls	gym	girl
62	105	NP	NN	NNS	gym	backbends	gym	backbend
63	105	NP	NN	NNS	gym	outdoors	gym	outdoors
64	105	NP	NN	n	gym	Four girls	gym	four girl
65	105	NP	n	NNS	Four children	girls	four child	girl
66	105	NP	n	NNS	Four children	backbends	four child	backbend
67	105	NP	n	NNS	Four children	outdoors	four child	outdoors
68	105	NP	n	n	Four children	Four girls	four child	four girl
69	116	NP	NN	NNS	player	teams	player	team
70	116	NP	NN	NN	player	football	player	football
71	116	NP	NN	NN	player	match	player	match
72	116	NP	NN	n	player	Two teams	player	two team
73	116	NP	NN	n	player	football match	player	football match
74	116	VP	VBG	VBG	throwing	competing	throw	compete
75	116	NP	NN	NNS	ball	teams	ball	team
76	116	NP	NN	NN	ball	football	ball	football
77	116	NP	NN	NN	ball	match	ball	match
78	116	NP	NN	n	ball	Two teams	ball	two team
79	116	NP	NN	n	ball	football match	ball	football match
80	119	NP	NNS	NN	children	hut	child	hut
81	119	NP	NNS	n	children	Five children	child	five child
82	119	NP	NNS	n	children	wooden hut	child	wooden hut
83	119	NP	NN	NNS	front	children	front	child
84	119	NP	NN	NN	front	hut	front	hut
85	119	NP	NN	n	front	Five children	front	five child
86	119	NP	NN	n	front	wooden hut	front	wooden hut
87	119	NP	NN	NNS	hut	children	hut	child
88	119	NP	NN	n	hut	Five children	hut	five child
89	119	NP	NN	n	hut	wooden hut	hut	wooden hut
90	119	NP	n	NNS	Five children	children	five child	child
91	119	NP	n	NN	Five children	hut	five child	hut
92	119	NP	n	n	Five children	wooden hut	five child	wooden hut
93	119	NP	n	NNS	front of a wooden hut	children	front of a wooden hut	child
94	119	NP	n	NN	front of a wooden hut	hut	front of a wooden hut	hut
95	119	NP	n	n	front of a wooden hut	Five children	front of a wooden hut	five child
96	119	NP	n	n	front of a wooden hut	wooden hut	front of a wooden hut	wooden hut
97	119	NP	n	NNS	wooden hut	children	wooden hut	child
98	119	NP	n	NN	wooden hut	hut	wooden hut	hut
99	119	NP	n	n	wooden hut	Five children	wooden hut	five child
100	185	phrasal_JJ	JJ	JJ	Few	large	few	large
101	185	phrasal_JJ	JJ	JJ	Few	Asian	few	asian
102	185	NP	NNS	NN	people	group	people	group
103	185	NP	NNS	NN	people	restaurant	people	restaurant
104	185	NP	NNS	n	people	large group of Asian people	people	large group of asian people
105	185	NP	NNS	n	people	group of Asian people	people	group of asian people
106	185	NP	NNS	n	people	Asian people	people	asian people
107	185	phrasal_JJ	JJ	JJ	red	large	red	large
108	185	phrasal_JJ	JJ	JJ	red	Asian	red	asian
109	185	NP	NNS	NN	tables	group	table	group
110	185	NP	NNS	NNS	tables	people	table	people
111	185	NP	NNS	NN	tables	restaurant	table	restaurant
112	185	NP	NNS	n	tables	large group of Asian people	table	large group of asian people
113	185	NP	NNS	n	tables	group of Asian people	table	group of asian people
114	185	NP	NNS	n	tables	Asian people	table	asian people
115	185	NP	NN	NN	restaurant	group	restaurant	group
116	185	NP	NN	NNS	restaurant	people	restaurant	people
117	185	NP	NN	n	restaurant	large group of Asian people	restaurant	large group of asian people
118	185	NP	NN	n	restaurant	group of Asian people	restaurant	group of asian people
119	185	NP	NN	n	restaurant	Asian people	restaurant	asian people
120	185	NP	NNS	NN	lights	group	light	group
121	185	NP	NNS	NNS	lights	people	light	people
122	185	NP	NNS	NN	lights	restaurant	light	restaurant
123	185	NP	NNS	n	lights	large group of Asian people	light	large group of asian people
124	185	NP	NNS	n	lights	group of Asian people	light	group of asian people
125	185	NP	NNS	n	lights	Asian people	light	asian people
126	185	NP	n	NN	Few people	group	few people	group
127	185	NP	n	NNS	Few people	people	few people	people
128	185	NP	n	NN	Few people	restaurant	few people	restaurant
129	185	NP	n	n	Few people	large group of Asian people	few people	large group of asian people
130	185	NP	n	n	Few people	group of Asian people	few people	group of asian people
131	185	NP	n	n	Few people	Asian people	few people	asian people
132	185	phrasal_IN	pp	pp	at red tables	at a restaurant	at red table	at a restaurant
133	185	NP	n	NN	red tables	group	red table	group
134	185	NP	n	NNS	red tables	people	red table	people
135	185	NP	n	NN	red tables	restaurant	red table	restaurant
136	185	NP	n	n	red tables	large group of Asian people	red table	large group of asian people
137	185	NP	n	n	red tables	group of Asian people	red table	group of asian people
138	185	NP	n	n	red tables	Asian people	red table	asian people
139	185	phrasal_IN	(s:ng\np)\(s:ng\np)	pp	in a restaurant	at a restaurant	in a restaurant	at a restaurant
140	185	phrasal_IN	(s:ng\np)\(s:ng\np)	pp	without lights	at a restaurant	without light	at a restaurant
141	197	NP	NN	NN	motorcycle	seat	motorcycle	seat
142	197	NP	NN	NN	motorcycle	vehicle	motorcycle	vehicle
143	197	NP	NN	n	motorcycle	seat of the vehicle	motorcycle	seat of the vehicle
144	197	VP	VBG	VBG	standing	riding	stand	ride
145	197	NP	NN	NN	seat	motorcycle	seat	motorcycle
146	197	NP	NN	NN	seat	vehicle	seat	vehicle
147	197	NP	NN	n	seat	seat of the vehicle	seat	seat of the vehicle
148	197	NP	n	NN	black and white motorcycle	motorcycle	black and white motorcycle	motorcycle
149	197	NP	n	NN	black and white motorcycle	seat	black and white motorcycle	seat
150	197	NP	n	NN	black and white motorcycle	vehicle	black and white motorcycle	vehicle
151	197	NP	n	n	black and white motorcycle	seat of the vehicle	black and white motorcycle	seat of the vehicle
152	211	NP	NNS	NN	dogs	plant	dog	plant
153	211	NP	NNS	n	dogs	Two dogs	dog	two dog
154	211	NP	NN	NNS	tree	dogs	tree	dog
155	211	NP	NN	NN	tree	plant	tree	plant
156	211	NP	NN	n	tree	Two dogs	tree	two dog
157	211	NP	n	NNS	Two dogs	dogs	two dog	dog
158	211	NP	n	NN	Two dogs	plant	two dog	plant
159	211	phrasal_IN	(s:ng\np)\(s:ng\np)	(s:ng\np)\(s:ng\np)	by a tree	by a plant	by a tree	by a plant
160	218	NP	NN	NNS	girl	clothes	girl	clothes
161	218	NP	NN	n	girl	white clothes	girl	white clothes
162	218	VP	VBG	VBG	dancing	wearing	dance	wear
163	218	NP	n	NN	girl in white	girl	girl in white	girl
164	218	NP	n	NNS	girl in white	clothes	girl in white	clothes
165	218	NP	n	n	girl in white	white clothes	girl in white	white clothes
166	219	NP	NN	n	girl	girl in white	girl	girl in white
167	219	NP	NN	NN	dancing	girl	dancing	girl
168	219	NP	NN	n	dancing	girl in white	dancing	girl in white
169	219	NP	n	NN	girl in white dancing	girl	girl in white dancing	girl
170	219	NP	n	n	girl in white dancing	girl in white	girl in white dancing	girl in white
171	219	NP	n	NN	white dancing	girl	white dancing	girl
172	219	NP	n	n	white dancing	girl in white	white dancing	girl in white
173	225	NP	NN	NN	equipment	girl	equipment	girl
174	225	NP	NN	n	equipment	girl in white	equipment	girl in white
175	225	NP	NN	NN	front	girl	front	girl
176	225	NP	NN	n	front	girl in white	front	girl in white
177	225	phrasal_JJ	JJ	JJ	blond	white	blond	white
178	225	phrasal_JJ	JJ	JJ	sound	white	sound	white
179	225	NP	n	NN	blond dancing girl	girl	blond dancing girl	girl
180	225	NP	n	n	blond dancing girl	girl in white	blond dancing girl	girl in white
181	228	NP	NN	NN	girl	front	girl	front
182	228	NP	NN	NN	girl	sound	girl	sound
183	228	NP	NN	NN	girl	equipment	girl	equipment
184	228	NP	NN	n	girl	blond girl	girl	blond girl
185	228	NP	NN	n	girl	front of the sound equipment	girl	front of the sound equipment
186	228	NP	NN	n	girl	sound equipment	girl	sound equipment
187	228	phrasal_JJ	JJ	JJ	white	blond	white	blond
188	228	NP	n	NN	girl in white	front	girl in white	front
189	228	NP	n	NN	girl in white	sound	girl in white	sound
190	228	NP	n	NN	girl in white	equipment	girl in white	equipment
191	228	NP	n	n	girl in white	blond girl	girl in white	blond girl
192	228	NP	n	n	girl in white	front of the sound equipment	girl in white	front of the sound equipment
193	228	NP	n	n	girl in white	sound equipment	girl in white	sound equipment
194	236	NP	NNS	NN	children	man	child	man
195	236	NP	NNS	NNS	children	kids	child	kid
196	236	NP	NNS	n	children	Asian man	child	asian man
197	236	NP	NNS	n	children	three kids	child	three kid
198	236	NP	NN	NN	family	man	family	man
199	236	NP	NN	NNS	family	kids	family	kid
200	236	NP	NN	n	family	Asian man	family	asian man
201	236	NP	NN	n	family	three kids	family	three kid
202	236	VP	VBG	VBG	playing	dancing	play	dance
203	236	VP	VBG	VBG	playing	looking	play	look
204	236	VP	VBG	VBG	waiting	dancing	wait	dance
205	236	VP	VBG	VBG	waiting	looking	wait	look
206	236	NP	n	NN	children of a family	man	child of a family	man
207	236	NP	n	NNS	children of a family	kids	child of a family	kid
208	236	NP	n	n	children of a family	Asian man	child of a family	asian man
209	236	NP	n	n	children of a family	three kids	child of a family	three kid
210	253	NP	NN	NN	hiker	top	hiker	top
211	253	NP	NN	NN	hiker	mountain	hiker	mountain
212	253	NP	NN	n	hiker	top of the mountain	hiker	top of the mountain
213	253	NP	NN	NN	top	hiker	top	hiker
214	253	NP	NN	NN	top	mountain	top	mountain
215	253	NP	NN	n	top	top of the mountain	top	top of the mountain
216	253	NP	NN	NN	mountain	hiker	mountain	hiker
217	253	NP	NN	NN	mountain	top	mountain	top
218	253	NP	NN	n	mountain	top of the mountain	mountain	top of the mountain
219	253	VP	VBG	VBG	doing	dancing	do	dance
220	253	NP	NN	NN	dance	hiker	dance	hiker
221	253	NP	NN	NN	dance	top	dance	top
222	253	NP	NN	NN	dance	mountain	dance	mountain
223	253	NP	NN	n	dance	top of the mountain	dance	top of the mountain
224	253	NP	n	NN	top of the mountain	hiker	top of the mountain	hiker
225	253	NP	n	NN	top of the mountain	top	top of the mountain	top
226	253	NP	n	NN	top of the mountain	mountain	top of the mountain	mountain
227	253	NP	n	NN	joyful dance	hiker	joyful dance	hiker
228	253	NP	n	NN	joyful dance	top	joyful dance	top
229	253	NP	n	NN	joyful dance	mountain	joyful dance	mountain
230	253	NP	n	n	joyful dance	top of the mountain	joyful dance	top of the mountain
231	280	NP	NN	NN	boy	ocean	boy	ocean
232	280	NP	NN	n	boy	blue ocean	boy	blue ocean
233	280	VP	VBG	VBG	standing	wading	stand	wade
234	280	NP	NN	NN	water	boy	water	boy
235	280	NP	NN	NN	water	ocean	water	ocean
236	280	NP	NN	n	water	blue ocean	water	blue ocean
237	280	phrasal_IN	pp	pp	outside the water	through the blue ocean	outside the water	through the blue ocean
238	285	phrasal_JJ	JJ	JJ	bald	blonde	bald	blonde
239	285	phrasal_JJ	JJ	JJ	bald	flyaway	bald	flyaway
240	285	NP	NN	NN	person	hair	person	hair
241	285	NP	NN	NN	person	guitar	person	guitar
242	285	NP	NN	n	person	blonde and flyaway hair	person	blonde and flyaway hair
243	285	NP	NN	NN	guitar	person	guitar	person
244	285	NP	NN	NN	guitar	hair	guitar	hair
245	285	NP	NN	n	guitar	blonde and flyaway hair	guitar	blonde and flyaway hair
246	285	NP	n	NN	bald person	person	bald person	person
247	285	NP	n	NN	bald person	hair	bald person	hair
248	285	NP	n	NN	bald person	guitar	bald person	guitar
249	285	NP	n	n	bald person	blonde and flyaway hair	bald person	blonde and flyaway hair
250	304	phrasal_JJ	JJ	JJ	old	young	old	young
251	304	phrasal_JJ	JJ	JJ	old	topless	old	topless
252	304	phrasal_JJ	JJ	JJ	topless	young	topless	young
253	304	NP	NN	NN	woman	paint	woman	paint
254	304	NP	NN	n	woman	young , topless woman	woman	young , topless woman
255	304	NP	NN	NN	paint	woman	paint	woman
256	304	NP	NN	n	paint	young , topless woman	paint	young , topless woman
257	304	NP	n	NN	old , topless woman	woman	old , topless woman	woman
258	304	NP	n	NN	old , topless woman	paint	old , topless woman	paint
259	304	NP	n	n	old , topless woman	young , topless woman	old , topless woman	young , topless woman
260	317	NP	NN	NN	group	crowd	group	crowd
261	317	NP	NN	NNS	group	people	group	people
262	317	NP	NN	NN	group	water	group	water
263	317	NP	NN	n	group	crowd of people	group	crowd of people
264	317	NP	NNS	NN	children	crowd	child	crowd
265	317	NP	NNS	NNS	children	people	child	people
266	317	NP	NNS	NN	children	water	child	water
267	317	NP	NNS	n	children	crowd of people	child	crowd of people
268	317	NP	NNS	NN	uniforms	crowd	uniform	crowd
269	317	NP	NNS	NNS	uniforms	people	uniform	people
270	317	NP	NNS	NN	uniforms	water	uniform	water
271	317	NP	NNS	n	uniforms	crowd of people	uniform	crowd of people
272	317	NP	NN	NN	gate	crowd	gate	crowd
273	317	NP	NN	NNS	gate	people	gate	people
274	317	NP	NN	NN	gate	water	gate	water
275	317	NP	NN	n	gate	crowd of people	gate	crowd of people
276	317	NP	NN	NN	one	crowd	one	crowd
277	317	NP	NN	NNS	one	people	one	people
278	317	NP	NN	NN	one	water	one	water
279	317	NP	NN	n	one	crowd of people	one	crowd of people
280	317	NP	NN	NN	mother	crowd	mother	crowd
281	317	NP	NN	NNS	mother	people	mother	people
282	317	NP	NN	NN	mother	water	mother	water
283	317	NP	NN	n	mother	crowd of people	mother	crowd of people
284	317	NP	n	NN	group of children in uniforms	crowd	group of child in uniform	crowd
285	317	NP	n	NNS	group of children in uniforms	people	group of child in uniform	people
286	317	NP	n	NN	group of children in uniforms	water	group of child in uniform	water
287	317	NP	n	n	group of children in uniforms	crowd of people	group of child in uniform	crowd of people
288	317	NP	n	NN	children in uniforms	crowd	child in uniform	crowd
289	317	NP	n	NNS	children in uniforms	people	child in uniform	people
290	317	NP	n	NN	children in uniforms	water	child in uniform	water
291	317	NP	n	n	children in uniforms	crowd of people	child in uniform	crowd of people
292	317	phrasal_IN	pp	pp	at a gate	near the water	at a gate	near the water
293	317	NP	n	NN	one kissing the mother	crowd	one kiss the mother	crowd
294	317	NP	n	NNS	one kissing the mother	people	one kiss the mother	people
295	317	NP	n	NN	one kissing the mother	water	one kiss the mother	water
296	317	NP	n	n	one kissing the mother	crowd of people	one kiss the mother	crowd of people
297	382	phrasal_JJ	JJ	JJ	brown	white	brown	white
298	382	phrasal_JJ	JJ	JJ	brown	wild	brown	wild
299	382	phrasal_JJ	JJ	JJ	white	brown	white	brown
300	382	phrasal_JJ	JJ	JJ	white	wild	white	wild
301	382	NP	NN	NN	dog	grass	dog	grass
302	382	NP	NN	n	dog	brown and white dog	dog	brown and white dog
303	382	NP	NN	n	dog	wild grass	dog	wild grass
304	382	VP	VBG	VBG	running	moving	run	move
305	382	phrasal_JJ	JJ	JJ	tall	brown	tall	brown
306	382	phrasal_JJ	JJ	JJ	tall	white	tall	white
307	382	phrasal_JJ	JJ	JJ	tall	wild	tall	wild
308	382	NP	NN	NN	grass	dog	grass	dog
309	382	NP	NN	n	grass	brown and white dog	grass	brown and white dog
310	382	NP	NN	n	grass	wild grass	grass	wild grass
311	382	NP	n	NN	brown and white dog	dog	brown and white dog	dog
312	382	NP	n	NN	brown and white dog	grass	brown and white dog	grass
313	382	NP	n	n	brown and white dog	wild grass	brown and white dog	wild grass
314	382	phrasal_IN	(s:dcl\np)\(s:dcl\np)	(s:ng\np)\(s:ng\np)	through the tall grass	through the wild grass	through the tall grass	through the wild grass
315	382	NP	n	NN	tall grass	dog	tall grass	dog
316	382	NP	n	NN	tall grass	grass	tall grass	grass
317	382	NP	n	n	tall grass	brown and white dog	tall grass	brown and white dog
318	382	NP	n	n	tall grass	wild grass	tall grass	wild grass
319	384	phrasal_JJ	JJ	JJ	white	tan	white	tan
320	384	phrasal_JJ	JJ	JJ	tan	white	tan	white
321	384	NP	NN	NN	dog	field	dog	field
322	384	NP	NN	n	dog	white and tan dog	dog	white and tan dog
323	384	phrasal_JJ	JJ	JJ	tall	tan	tall	tan
324	384	phrasal_JJ	JJ	JJ	green	white	green	white
325	384	phrasal_JJ	JJ	JJ	green	tan	green	tan
326	384	NP	NN	NN	grass	field	grass	field
327	384	NP	NN	n	grass	white and tan dog	grass	white and tan dog
328	384	NP	n	NN	white and tan dog	dog	white and tan dog	dog
329	384	NP	n	NN	white and tan dog	field	white and tan dog	field
330	384	NP	n	NN	tall and green grass	dog	tall and green grass	dog
331	384	NP	n	NN	tall and green grass	field	tall and green grass	field
332	384	NP	n	n	tall and green grass	white and tan dog	tall and green grass	white and tan dog
333	394	NP	NN	NN	man	bike	man	bike
334	394	NP	NN	NN	man	piece	man	piece
335	394	NP	NN	NN	man	paper	man	paper
336	394	NP	NN	n	man	piece paper	man	piece paper
337	394	VP	VBG	VBG	sitting	standing	sit	stand
338	394	VP	VBG	VBG	sitting	writing	sit	write
339	394	NP	NN	NN	bike	man	bike	man
340	394	NP	NN	NN	bike	piece	bike	piece
341	394	NP	NN	NN	bike	paper	bike	paper
342	394	NP	NN	n	bike	piece paper	bike	piece paper
343	394	VP	VBG	VBG	writing	standing	write	stand
344	394	NP	NN	NN	note	man	note	man
345	394	NP	NN	NN	note	bike	note	bike
346	394	NP	NN	NN	note	piece	note	piece
347	394	NP	NN	NN	note	paper	note	paper
348	394	NP	NN	n	note	piece paper	note	piece paper
349	394	phrasal_IN	(s:dcl\np)\(s:dcl\np)	pp	near a bike	on a piece paper	near a bike	on a piece paper
350	402	NP	NN	NNS	group	explorers	group	explorer
351	402	NP	NN	NN	group	grass	group	grass
352	402	NP	NN	n	group	group of explorers	group	group of explorer
353	402	NP	NNS	NN	scouts	group	scout	group
354	402	NP	NNS	NNS	scouts	explorers	scout	explorer
355	402	NP	NNS	NN	scouts	grass	scout	grass
356	402	NP	NNS	n	scouts	group of explorers	scout	group of explorer
357	402	VP	VBG	VBG	hiking	walking	hike	walk
358	402	NP	NN	NN	grass	group	grass	group
359	402	NP	NN	NNS	grass	explorers	grass	explorer
360	402	NP	NN	n	grass	group of explorers	grass	group of explorer
361	402	NP	n	NN	group of scouts	group	group of scout	group
362	402	NP	n	NNS	group of scouts	explorers	group of scout	explorer
363	402	NP	n	NN	group of scouts	grass	group of scout	grass
364	402	NP	n	n	group of scouts	group of explorers	group of scout	group of explorer
365	417	NP	NNS	NNS	men	cars	man	car
366	417	NP	NNS	NN	men	side	man	side
367	417	NP	NNS	NN	men	road	man	road
368	417	NP	NNS	n	men	Two men with cars	man	two man with car
369	417	NP	NNS	n	men	side of a snowy road	man	side of a snowy road
370	417	NP	NNS	n	men	snowy road	man	snowy road
371	417	NP	NN	NNS	break	men	break	man
372	417	NP	NN	NNS	break	cars	break	car
373	417	NP	NN	NN	break	side	break	side
374	417	NP	NN	NN	break	road	break	road
375	417	NP	NN	n	break	Two men with cars	break	two man with car
376	417	NP	NN	n	break	side of a snowy road	break	side of a snowy road
377	417	NP	NN	n	break	snowy road	break	snowy road
378	417	NP	NN	NNS	trip	men	trip	man
379	417	NP	NN	NNS	trip	cars	trip	car
380	417	NP	NN	NN	trip	side	trip	side
381	417	NP	NN	NN	trip	road	trip	road
382	417	NP	NN	n	trip	Two men with cars	trip	two man with car
383	417	NP	NN	n	trip	side of a snowy road	trip	side of a snowy road
384	417	NP	NN	n	trip	snowy road	trip	snowy road
385	417	NP	NN	NNS	road	men	road	man
386	417	NP	NN	NNS	road	cars	road	car
387	417	NP	NN	NN	road	side	road	side
388	417	NP	NN	n	road	Two men with cars	road	two man with car
389	417	NP	NN	n	road	side of a snowy road	road	side of a snowy road
390	417	NP	NN	n	road	snowy road	road	snowy road
391	417	NP	n	NNS	Two men	men	two man	man
392	417	NP	n	NNS	Two men	cars	two man	car
393	417	NP	n	NN	Two men	side	two man	side
394	417	NP	n	NN	Two men	road	two man	road
395	417	NP	n	n	Two men	Two men with cars	two man	two man with car
396	417	NP	n	n	Two men	side of a snowy road	two man	side of a snowy road
397	417	NP	n	n	Two men	snowy road	two man	snowy road
398	417	NP	n	NNS	snowy road	men	snowy road	man
399	417	NP	n	NNS	snowy road	cars	snowy road	car
400	417	NP	n	NN	snowy road	side	snowy road	side
401	417	NP	n	NN	snowy road	road	snowy road	road
402	417	NP	n	n	snowy road	Two men with cars	snowy road	two man with car
403	417	NP	n	n	snowy road	side of a snowy road	snowy road	side of a snowy road
404	450	NP	NN	NN	lady	girl	lady	girl
405	450	NP	NN	NNS	lady	waves	lady	wave
406	450	NP	NN	n	lady	blond girl	lady	blond girl
407	450	VP	VBG	VBG	surfing	looking	surf	look
408	450	VP	VBG	VBG	riding	looking	ride	look
409	450	NP	NN	NN	wave	girl	wave	girl
410	450	NP	NN	NNS	wave	waves	wave	wave
411	450	NP	NN	n	wave	blond girl	wave	blond girl
412	520	NP	NN	NNP	woman	Pink	woman	Pink
413	520	NP	NN	NNS	woman	bellbottoms	woman	bellbottom
414	520	NP	NN	NN	woman	scarf	woman	scarf
415	520	NP	NN	NNS	woman	women	woman	woman
416	520	NP	NN	NNS	woman	pants	woman	pants
417	520	NP	NN	NN	woman	bike	woman	bike
418	520	NP	NN	NN	woman	riding	woman	riding
419	520	NP	NN	NNS	woman	people	woman	people
420	520	NP	NN	n	woman	Pink bellbottoms	woman	Pink bellbottom
421	520	NP	NN	n	woman	pink scarf	woman	pink scarf
422	520	NP	NN	n	woman	silver pants	woman	silver pants
423	520	NP	NN	n	woman	bike riding people	woman	bike riding people
424	520	VP	VBG	VBN	wearing	worn	wear	wear
425	520	NP	NN	NNP	silver	Pink	silver	Pink
426	520	NP	NN	NNS	silver	bellbottoms	silver	bellbottom
427	520	NP	NN	NN	silver	scarf	silver	scarf
428	520	NP	NN	NNS	silver	women	silver	woman
429	520	NP	NN	NNS	silver	pants	silver	pants
430	520	NP	NN	NN	silver	bike	silver	bike
431	520	NP	NN	NN	silver	riding	silver	riding
432	520	NP	NN	NNS	silver	people	silver	people
433	520	NP	NN	n	silver	Pink bellbottoms	silver	Pink bellbottom
434	520	NP	NN	n	silver	pink scarf	silver	pink scarf
435	520	NP	NN	n	silver	silver pants	silver	silver pants
436	520	NP	NN	n	silver	bike riding people	silver	bike riding people
437	520	NP	NNS	NNP	pants	Pink	pants	Pink
438	520	NP	NNS	NNS	pants	bellbottoms	pants	bellbottom
439	520	NP	NNS	NN	pants	scarf	pants	scarf
440	520	NP	NNS	NNS	pants	women	pants	woman
441	520	NP	NNS	NN	pants	bike	pants	bike
442	520	NP	NNS	NN	pants	riding	pants	riding
443	520	NP	NNS	NNS	pants	people	pants	people
444	520	NP	NNS	n	pants	Pink bellbottoms	pants	Pink bellbottom
445	520	NP	NNS	n	pants	pink scarf	pants	pink scarf
446	520	NP	NNS	n	pants	silver pants	pants	silver pants
447	520	NP	NNS	n	pants	bike riding people	pants	bike riding people
448	520	phrasal_JJ	JJ	JJ	pink	silver	pink	silver
449	520	NP	NNS	NNP	bellbottoms	Pink	bellbottom	Pink
450	520	NP	NNS	NN	bellbottoms	scarf	bellbottom	scarf
451	520	NP	NNS	NNS	bellbottoms	women	bellbottom	woman
452	520	NP	NNS	NNS	bellbottoms	pants	bellbottom	pants
453	520	NP	NNS	NN	bellbottoms	bike	bellbottom	bike
454	520	NP	NNS	NN	bellbottoms	riding	bellbottom	riding
455	520	NP	NNS	NNS	bellbottoms	people	bellbottom	people
456	520	NP	NNS	n	bellbottoms	Pink bellbottoms	bellbottom	Pink bellbottom
457	520	NP	NNS	n	bellbottoms	pink scarf	bellbottom	pink scarf
458	520	NP	NNS	n	bellbottoms	silver pants	bellbottom	silver pants
459	520	NP	NNS	n	bellbottoms	bike riding people	bellbottom	bike riding people
460	520	NP	NN	NNP	scarf	Pink	scarf	Pink
461	520	NP	NN	NNS	scarf	bellbottoms	scarf	bellbottom
462	520	NP	NN	NNS	scarf	women	scarf	woman
463	520	NP	NN	NNS	scarf	pants	scarf	pants
464	520	NP	NN	NN	scarf	bike	scarf	bike
465	520	NP	NN	NN	scarf	riding	scarf	riding
466	520	NP	NN	NNS	scarf	people	scarf	people
467	520	NP	NN	n	scarf	Pink bellbottoms	scarf	Pink bellbottom
468	520	NP	NN	n	scarf	pink scarf	scarf	pink scarf
469	520	NP	NN	n	scarf	silver pants	scarf	silver pants
470	520	NP	NN	n	scarf	bike riding people	scarf	bike riding people
471	520	VP	VBG	VBN	riding	worn	ride	wear
472	520	NP	NN	NNP	bike	Pink	bike	Pink
473	520	NP	NN	NNS	bike	bellbottoms	bike	bellbottom
474	520	NP	NN	NN	bike	scarf	bike	scarf
475	520	NP	NN	NNS	bike	women	bike	woman
476	520	NP	NN	NNS	bike	pants	bike	pants
477	520	NP	NN	NN	bike	riding	bike	riding
478	520	NP	NN	NNS	bike	people	bike	people
479	520	NP	NN	n	bike	Pink bellbottoms	bike	Pink bellbottom
480	520	NP	NN	n	bike	pink scarf	bike	pink scarf
481	520	NP	NN	n	bike	silver pants	bike	silver pants
482	520	NP	NN	n	bike	bike riding people	bike	bike riding people
483	520	NP	n	NNP	silver pants	Pink	silver pants	Pink
484	520	NP	n	NNS	silver pants	bellbottoms	silver pants	bellbottom
485	520	NP	n	NN	silver pants	scarf	silver pants	scarf
486	520	NP	n	NNS	silver pants	women	silver pants	woman
487	520	NP	n	NNS	silver pants	pants	silver pants	pants
488	520	NP	n	NN	silver pants	bike	silver pants	bike
489	520	NP	n	NN	silver pants	riding	silver pants	riding
490	520	NP	n	NNS	silver pants	people	silver pants	people
491	520	NP	n	n	silver pants	Pink bellbottoms	silver pants	Pink bellbottom
492	520	NP	n	n	silver pants	pink scarf	silver pants	pink scarf
493	520	NP	n	n	silver pants	bike riding people	silver pants	bike riding people
494	520	NP	n	NNP	pink bellbottoms	Pink	pink bellbottom	Pink
495	520	NP	n	NNS	pink bellbottoms	bellbottoms	pink bellbottom	bellbottom
496	520	NP	n	NN	pink bellbottoms	scarf	pink bellbottom	scarf
497	520	NP	n	NNS	pink bellbottoms	women	pink bellbottom	woman
498	520	NP	n	NNS	pink bellbottoms	pants	pink bellbottom	pants
499	520	NP	n	NN	pink bellbottoms	bike	pink bellbottom	bike
500	520	NP	n	NN	pink bellbottoms	riding	pink bellbottom	riding
501	520	NP	n	NNS	pink bellbottoms	people	pink bellbottom	people
502	520	NP	n	n	pink bellbottoms	Pink bellbottoms	pink bellbottom	Pink bellbottom
503	520	NP	n	n	pink bellbottoms	pink scarf	pink bellbottom	pink scarf
504	520	NP	n	n	pink bellbottoms	silver pants	pink bellbottom	silver pants
505	520	NP	n	n	pink bellbottoms	bike riding people	pink bellbottom	bike riding people
506	520	NP	n	NNP	pink scarf	Pink	pink scarf	Pink
507	520	NP	n	NNS	pink scarf	bellbottoms	pink scarf	bellbottom
508	520	NP	n	NN	pink scarf	scarf	pink scarf	scarf
509	520	NP	n	NNS	pink scarf	women	pink scarf	woman
510	520	NP	n	NNS	pink scarf	pants	pink scarf	pants
511	520	NP	n	NN	pink scarf	bike	pink scarf	bike
512	520	NP	n	NN	pink scarf	riding	pink scarf	riding
513	520	NP	n	NNS	pink scarf	people	pink scarf	people
514	520	NP	n	n	pink scarf	Pink bellbottoms	pink scarf	Pink bellbottom
515	520	NP	n	n	pink scarf	silver pants	pink scarf	silver pants
516	520	NP	n	n	pink scarf	bike riding people	pink scarf	bike riding people
517	526	NP	NN	NNS	woman	bicycles	woman	bicycle
518	526	NP	NN	NN	woman	boa	woman	boa
519	526	NP	NN	NNS	woman	riders	woman	rider
520	526	NP	NN	n	woman	pedestrian woman	woman	pedestrian woman
521	526	NP	NN	n	woman	pink bicycles	woman	pink bicycle
522	526	NP	NN	n	woman	boa wearing riders	woman	boa wear rider
523	526	VP	VBG	VBG	wearing	building	wear	build
524	526	NP	NN	NN	silver	woman	silver	woman
525	526	NP	NN	NNS	silver	bicycles	silver	bicycle
526	526	NP	NN	NN	silver	boa	silver	boa
527	526	NP	NN	NNS	silver	riders	silver	rider
528	526	NP	NN	n	silver	pedestrian woman	silver	pedestrian woman
529	526	NP	NN	n	silver	pink bicycles	silver	pink bicycle
530	526	NP	NN	n	silver	boa wearing riders	silver	boa wear rider
531	526	NP	NNS	NN	pants	woman	pants	woman
532	526	NP	NNS	NNS	pants	bicycles	pants	bicycle
533	526	NP	NNS	NN	pants	boa	pants	boa
534	526	NP	NNS	NNS	pants	riders	pants	rider
535	526	NP	NNS	n	pants	pedestrian woman	pants	pedestrian woman
536	526	NP	NNS	n	pants	pink bicycles	pants	pink bicycle
537	526	NP	NNS	n	pants	boa wearing riders	pants	boa wear rider
538	526	phrasal_JJ	JJ	JJ	pink	pedestrian	pink	pedestrian
539	526	NP	NNS	NN	bellbottoms	woman	bellbottom	woman
540	526	NP	NNS	NNS	bellbottoms	bicycles	bellbottom	bicycle
541	526	NP	NNS	NN	bellbottoms	boa	bellbottom	boa
542	526	NP	NNS	NNS	bellbottoms	riders	bellbottom	rider
543	526	NP	NNS	n	bellbottoms	pedestrian woman	bellbottom	pedestrian woman
544	526	NP	NNS	n	bellbottoms	pink bicycles	bellbottom	pink bicycle
545	526	NP	NNS	n	bellbottoms	boa wearing riders	bellbottom	boa wear rider
546	526	NP	NN	NN	scarf	woman	scarf	woman
547	526	NP	NN	NNS	scarf	bicycles	scarf	bicycle
548	526	NP	NN	NN	scarf	boa	scarf	boa
549	526	NP	NN	NNS	scarf	riders	scarf	rider
550	526	NP	NN	n	scarf	pedestrian woman	scarf	pedestrian woman
551	526	NP	NN	n	scarf	pink bicycles	scarf	pink bicycle
552	526	NP	NN	n	scarf	boa wearing riders	scarf	boa wear rider
553	526	VP	VBG	VBG	riding	building	ride	build
554	526	VP	VBG	VBG	riding	wearing	ride	wear
555	526	NP	NN	NN	bike	woman	bike	woman
556	526	NP	NN	NNS	bike	bicycles	bike	bicycle
557	526	NP	NN	NN	bike	boa	bike	boa
558	526	NP	NN	NNS	bike	riders	bike	rider
559	526	NP	NN	n	bike	pedestrian woman	bike	pedestrian woman
560	526	NP	NN	n	bike	pink bicycles	bike	pink bicycle
561	526	NP	NN	n	bike	boa wearing riders	bike	boa wear rider
562	526	NP	n	NN	silver pants	woman	silver pants	woman
563	526	NP	n	NNS	silver pants	bicycles	silver pants	bicycle
564	526	NP	n	NN	silver pants	boa	silver pants	boa
565	526	NP	n	NNS	silver pants	riders	silver pants	rider
566	526	NP	n	n	silver pants	pedestrian woman	silver pants	pedestrian woman
567	526	NP	n	n	silver pants	pink bicycles	silver pants	pink bicycle
568	526	NP	n	n	silver pants	boa wearing riders	silver pants	boa wear rider
569	526	NP	n	NN	pink bellbottoms	woman	pink bellbottom	woman
570	526	NP	n	NNS	pink bellbottoms	bicycles	pink bellbottom	bicycle
571	526	NP	n	NN	pink bellbottoms	boa	pink bellbottom	boa
572	526	NP	n	NNS	pink bellbottoms	riders	pink bellbottom	rider
573	526	NP	n	n	pink bellbottoms	pedestrian woman	pink bellbottom	pedestrian woman
574	526	NP	n	n	pink bellbottoms	pink bicycles	pink bellbottom	pink bicycle
575	526	NP	n	n	pink bellbottoms	boa wearing riders	pink bellbottom	boa wear rider
576	526	NP	n	NN	pink scarf	woman	pink scarf	woman
577	526	NP	n	NNS	pink scarf	bicycles	pink scarf	bicycle
578	526	NP	n	NN	pink scarf	boa	pink scarf	boa
579	526	NP	n	NNS	pink scarf	riders	pink scarf	rider
580	526	NP	n	n	pink scarf	pedestrian woman	pink scarf	pedestrian woman
581	526	NP	n	n	pink scarf	pink bicycles	pink scarf	pink bicycle
582	526	NP	n	n	pink scarf	boa wearing riders	pink scarf	boa wear rider
583	530	NP	NN	NN	biker	black	biker	black
584	530	NP	NN	NNS	biker	gears	biker	gear
585	530	NP	NN	n	biker	biker wearing black	biker	biker wear black
586	530	VP	VBG	VBG	wearing	breaking	wear	break
587	530	NP	NN	NN	gear	biker	gear	biker
588	530	NP	NN	NN	gear	black	gear	black
589	530	NP	NN	NNS	gear	gears	gear	gear
590	530	NP	NN	n	gear	biker wearing black	gear	biker wear black
591	530	NP	n	NN	gear which is black	biker	gear which be black	biker
592	530	NP	n	NN	gear which is black	black	gear which be black	black
593	530	NP	n	NNS	gear which is black	gears	gear which be black	gear
594	530	NP	n	n	gear which is black	biker wearing black	gear which be black	biker wear black
595	592	NP	NN	NN	woman	cloak	woman	cloak
596	592	NP	NN	NN	woman	dress	woman	dress
597	592	NP	NN	n	woman	extravagant dress	woman	extravagant dress
598	592	VP	VBG	VBG	taking	putting	take	put
599	592	VP	VBG	VBG	taking	concealing	take	conceal
600	592	NP	NN	NN	cloak	woman	cloak	woman
601	592	NP	NN	NN	cloak	dress	cloak	dress
602	592	NP	NN	n	cloak	extravagant dress	cloak	extravagant dress
603	592	phrasal_JJ	JJ	JJ	large	extravagant	large	extravagant
604	592	VP	VBG	VBG	revealing	putting	reveal	put
605	592	VP	VBG	VBG	revealing	concealing	reveal	conceal
606	592	NP	NN	NN	extravagant	woman	extravagant	woman
607	592	NP	NN	NN	extravagant	cloak	extravagant	cloak
608	592	NP	NN	NN	extravagant	dress	extravagant	dress
609	592	NP	NN	n	extravagant	extravagant dress	extravagant	extravagant dress
610	592	NP	NN	NN	dress	woman	dress	woman
611	592	NP	NN	NN	dress	cloak	dress	cloak
612	592	NP	NN	n	dress	extravagant dress	dress	extravagant dress
613	592	NP	n	NN	extravagant dress	woman	extravagant dress	woman
614	592	NP	n	NN	extravagant dress	cloak	extravagant dress	cloak
615	592	NP	n	NN	extravagant dress	dress	extravagant dress	dress
616	619	NP	NN	NN	boy	wall	boy	wall
617	619	NP	NN	n	boy	little boy	boy	little boy
618	619	NP	NN	n	boy	climbing wall	boy	climb wall
619	619	VP	VBG	VBZ	climbing	looks	climb	look
620	619	NP	NN	NN	wall	boy	wall	boy
621	619	NP	NN	n	wall	little boy	wall	little boy
622	619	NP	NN	n	wall	climbing wall	wall	climb wall
623	619	VP	VBN	VBZ	built	looks	build	look
624	619	VP	VBN	VBG	built	climbing	build	climb
625	619	VP	VBN	VBZ	attached	looks	attach	look
626	619	VP	VBN	VBG	attached	climbing	attach	climb
627	619	NP	NN	NN	rope	boy	rope	boy
628	619	NP	NN	NN	rope	wall	rope	wall
629	619	NP	NN	n	rope	little boy	rope	little boy
630	619	NP	NN	n	rope	climbing wall	rope	climb wall
631	619	NP	n	NN	wall artificially built for climbing	boy	wall artificially build for climb	boy
632	619	NP	n	NN	wall artificially built for climbing	wall	wall artificially build for climb	wall
633	619	NP	n	n	wall artificially built for climbing	little boy	wall artificially build for climb	little boy
634	619	NP	n	n	wall artificially built for climbing	climbing wall	wall artificially build for climb	climb wall
635	619	phrasal_IN	pp	pp	for climbing	on a climbing wall	for climb	on a climb wall
636	630	NP	NN	NN	man	kid	man	kid
637	630	NP	NN	NN	man	swimming	man	swimming
638	630	NP	NN	NN	man	pool	man	pool
639	630	NP	NN	NN	man	ocean	man	ocean
640	630	NP	NN	n	man	kid into the swimming pool	man	kid into the swimming pool
641	630	NP	NN	n	man	swimming pool	man	swimming pool
642	630	NP	NN	NN	kid	man	kid	man
643	630	NP	NN	NN	kid	swimming	kid	swimming
644	630	NP	NN	NN	kid	pool	kid	pool
645	630	NP	NN	NN	kid	ocean	kid	ocean
646	630	NP	NN	n	kid	kid into the swimming pool	kid	kid into the swimming pool
647	630	NP	NN	n	kid	swimming pool	kid	swimming pool
648	630	NP	NN	NN	swimming	man	swimming	man
649	630	NP	NN	NN	swimming	kid	swimming	kid
650	630	NP	NN	NN	swimming	pool	swimming	pool
651	630	NP	NN	NN	swimming	ocean	swimming	ocean
652	630	NP	NN	n	swimming	kid into the swimming pool	swimming	kid into the swimming pool
653	630	NP	NN	n	swimming	swimming pool	swimming	swimming pool
654	630	NP	NN	NN	pool	man	pool	man
655	630	NP	NN	NN	pool	kid	pool	kid
656	630	NP	NN	NN	pool	swimming	pool	swimming
657	630	NP	NN	NN	pool	ocean	pool	ocean
658	630	NP	NN	n	pool	kid into the swimming pool	pool	kid into the swimming pool
659	630	NP	NN	n	pool	swimming pool	pool	swimming pool
660	630	NP	NN	NN	ocean	man	ocean	man
661	630	NP	NN	NN	ocean	kid	ocean	kid
662	630	NP	NN	NN	ocean	swimming	ocean	swimming
663	630	NP	NN	NN	ocean	pool	ocean	pool
664	630	NP	NN	n	ocean	kid into the swimming pool	ocean	kid into the swimming pool
665	630	NP	NN	n	ocean	swimming pool	ocean	swimming pool
666	630	NP	n	NN	kid into the swimming pool	man	kid into the swimming pool	man
667	630	NP	n	NN	kid into the swimming pool	kid	kid into the swimming pool	kid
668	630	NP	n	NN	kid into the swimming pool	swimming	kid into the swimming pool	swimming
669	630	NP	n	NN	kid into the swimming pool	pool	kid into the swimming pool	pool
670	630	NP	n	NN	kid into the swimming pool	ocean	kid into the swimming pool	ocean
671	630	NP	n	n	kid into the swimming pool	swimming pool	kid into the swimming pool	swimming pool
672	630	NP	n	NN	swimming pool	man	swimming pool	man
673	630	NP	n	NN	swimming pool	kid	swimming pool	kid
674	630	NP	n	NN	swimming pool	swimming	swimming pool	swimming
675	630	NP	n	NN	swimming pool	pool	swimming pool	pool
676	630	NP	n	NN	swimming pool	ocean	swimming pool	ocean
677	630	NP	n	n	swimming pool	kid into the swimming pool	swimming pool	kid into the swimming pool
678	647	NP	NN	NN	man	person	man	person
679	647	NP	NN	NN	man	pink	man	pink
680	647	NP	NN	NN	man	gear	man	gear
681	647	NP	NN	NN	man	rock	man	rock
682	647	NP	NN	n	man	person with pink climbing gear	man	person with pink climb gear
683	647	NP	NN	n	man	pink climbing gear	man	pink climb gear
684	647	VP	VBG	VBD	climbing	roped	climb	rope
685	647	NP	NN	NN	cliff	person	cliff	person
686	647	NP	NN	NN	cliff	pink	cliff	pink
687	647	NP	NN	NN	cliff	gear	cliff	gear
688	647	NP	NN	NN	cliff	rock	cliff	rock
689	647	NP	NN	n	cliff	person with pink climbing gear	cliff	person with pink climb gear
690	647	NP	NN	n	cliff	pink climbing gear	cliff	pink climb gear
691	647	NP	NN	NN	rope	person	rope	person
692	647	NP	NN	NN	rope	pink	rope	pink
693	647	NP	NN	NN	rope	gear	rope	gear
694	647	NP	NN	NN	rope	rock	rope	rock
695	647	NP	NN	n	rope	person with pink climbing gear	rope	person with pink climb gear
696	647	NP	NN	n	rope	pink climbing gear	rope	pink climb gear
697	647	NP	n	NN	One man	person	one man	person
698	647	NP	n	NN	One man	pink	one man	pink
699	647	NP	n	NN	One man	gear	one man	gear
700	647	NP	n	NN	One man	rock	one man	rock
701	647	NP	n	n	One man	person with pink climbing gear	one man	person with pink climb gear
702	647	NP	n	n	One man	pink climbing gear	one man	pink climb gear
703	651	NP	NN	NN	person	man	person	man
704	651	NP	NN	NN	person	cliff	person	cliff
705	651	NP	NN	NN	person	rope	person	rope
706	651	NP	NN	n	person	One man	person	one man
707	651	NP	NN	NN	rock	man	rock	man
708	651	NP	NN	NN	rock	cliff	rock	cliff
709	651	NP	NN	NN	rock	rope	rock	rope
710	651	NP	NN	n	rock	One man	rock	one man
711	651	NP	NN	NN	rope	man	rope	man
712	651	NP	NN	NN	rope	cliff	rope	cliff
713	651	NP	NN	n	rope	One man	rope	one man
714	687	phrasal_JJ	JJ	JJ	white	different	white	different
715	687	NP	NN	NNS	dog	dogs	dog	dog
716	687	NP	NN	NNS	dog	breeds	dog	breed
717	687	NP	NN	NN	dog	other	dog	other
718	687	NP	NN	NN	dog	street	dog	street
719	687	NP	NN	n	dog	Two dogs of different breeds	dog	two dog of different breed
720	687	NP	NN	n	dog	dogs of different breeds	dog	dog of different breed
721	687	NP	NN	n	dog	different breeds	dog	different breed
722	687	NP	NN	n	dog	other across a street	dog	other across a street
723	687	VP	VBG	VBG	staring	looking	stare	look
724	687	phrasal_JJ	JJ	JJ	black	different	black	different
725	687	NP	NN	NNS	street	dogs	street	dog
726	687	NP	NN	NNS	street	breeds	street	breed
727	687	NP	NN	NN	street	other	street	other
728	687	NP	NN	n	street	Two dogs of different breeds	street	two dog of different breed
729	687	NP	NN	n	street	dogs of different breeds	street	dog of different breed
730	687	NP	NN	n	street	different breeds	street	different breed
731	687	NP	NN	n	street	other across a street	street	other across a street
732	687	NP	n	NNS	One white dog	dogs	one white dog	dog
733	687	NP	n	NNS	One white dog	breeds	one white dog	breed
734	687	NP	n	NN	One white dog	other	one white dog	other
735	687	NP	n	NN	One white dog	street	one white dog	street
736	687	NP	n	n	One white dog	Two dogs of different breeds	one white dog	two dog of different breed
737	687	NP	n	n	One white dog	dogs of different breeds	one white dog	dog of different breed
738	687	NP	n	n	One white dog	different breeds	one white dog	different breed
739	687	NP	n	n	One white dog	other across a street	one white dog	other across a street
740	687	NP	n	NNS	black street	dogs	black street	dog
741	687	NP	n	NNS	black street	breeds	black street	breed
742	687	NP	n	NN	black street	other	black street	other
743	687	NP	n	NN	black street	street	black street	street
744	687	NP	n	n	black street	Two dogs of different breeds	black street	two dog of different breed
745	687	NP	n	n	black street	dogs of different breeds	black street	dog of different breed
746	687	NP	n	n	black street	different breeds	black street	different breed
747	687	NP	n	n	black street	other across a street	black street	other across a street
748	698	NP	NN	NN	dog	tree	dog	tree
749	698	NP	NN	NN	dog	pine	dog	pine
750	698	NP	NN	NN	dog	bucket	dog	bucket
751	698	NP	NN	NN	yard	dog	yard	dog
752	698	NP	NN	NN	yard	tree	yard	tree
753	698	NP	NN	NN	yard	pine	yard	pine
754	698	NP	NN	NN	yard	bucket	yard	bucket
755	698	VP	VBG	VBG	carrying	biting	carry	bite
756	698	NP	NN	NN	basket	dog	basket	dog
757	698	NP	NN	NN	basket	tree	basket	tree
758	698	NP	NN	NN	basket	pine	basket	pine
759	698	NP	NN	NN	basket	bucket	basket	bucket
760	698	NP	NN	NN	mouth	dog	mouth	dog
761	698	NP	NN	NN	mouth	tree	mouth	tree
762	698	NP	NN	NN	mouth	pine	mouth	pine
763	698	NP	NN	NN	mouth	bucket	mouth	bucket
764	698	NP	n	NN	back yard	dog	back yard	dog
765	698	NP	n	NN	back yard	tree	back yard	tree
766	698	NP	n	NN	back yard	pine	back yard	pine
767	698	NP	n	NN	back yard	bucket	back yard	bucket
768	717	NP	NNS	NN	men	competition	man	competition
769	717	NP	NNS	NNS	men	indoors	man	indoor
770	717	NP	NNS	n	men	few men in a competition	man	few man in a competition
771	717	NP	NNS	n	men	men in a competition	man	man in a competition
772	717	NP	NN	NNS	competition	men	competition	man
773	717	NP	NN	NNS	competition	indoors	competition	indoor
774	717	NP	NN	n	competition	few men in a competition	competition	few man in a competition
775	717	NP	NN	n	competition	men in a competition	competition	man in a competition
776	717	NP	n	NNS	few men in a competition	men	few man in a competition	man
777	717	NP	n	NN	few men in a competition	competition	few man in a competition	competition
778	717	NP	n	NNS	few men in a competition	indoors	few man in a competition	indoor
779	717	NP	n	n	few men in a competition	men in a competition	few man in a competition	man in a competition
780	717	NP	n	NNS	men in a competition	men	man in a competition	man
781	717	NP	n	NN	men in a competition	competition	man in a competition	competition
782	717	NP	n	NNS	men in a competition	indoors	man in a competition	indoor
783	717	NP	n	n	men in a competition	few men in a competition	man in a competition	few man in a competition
784	718	NP	NNS	NNS	men	competitions	man	competition
785	718	NP	NNS	n	men	few men	man	few man
786	718	NP	NN	NNS	competition	competitions	competition	competition
787	718	NP	NN	n	competition	few men	competition	few man
788	718	NP	n	NNS	few men in a competition	competitions	few man in a competition	competition
789	718	NP	n	n	few men in a competition	few men	few man in a competition	few man
790	718	NP	n	NNS	men in a competition	competitions	man in a competition	competition
791	718	NP	n	n	men in a competition	few men	man in a competition	few man
792	765	NP	NN	NN	kid	boy	kid	boy
793	765	NP	NN	NN	kid	hill	kid	hill
794	765	NP	NN	NN	kid	snow	kid	snow
795	765	NP	NN	NN	kid	jacket	kid	jacket
796	765	NP	NN	NN	kid	hat	kid	hat
797	765	NP	NN	NNS	kid	knees	kid	knee
798	765	NP	NN	n	kid	hill covered in snow	kid	hill cover in snow
799	765	NP	NN	n	kid	red jacket	kid	red jacket
800	765	NP	NN	n	kid	black hat	kid	black hat
801	765	VP	VBG	VBN	sliding	covered	slide	cover
802	765	VP	VBG	VBG	sliding	wearing	slide	wear
803	765	NP	NN	NN	snow	boy	snow	boy
804	765	NP	NN	NN	snow	hill	snow	hill
805	765	NP	NN	NN	snow	jacket	snow	jacket
806	765	NP	NN	NN	snow	hat	snow	hat
807	765	NP	NN	NNS	snow	knees	snow	knee
808	765	NP	NN	n	snow	hill covered in snow	snow	hill cover in snow
809	765	NP	NN	n	snow	red jacket	snow	red jacket
810	765	NP	NN	n	snow	black hat	snow	black hat
811	765	phrasal_IN	(s:ng\np)\(s:ng\np)	pp	in the snow	in snow	in the snow	in snow
812	765	phrasal_IN	(s:ng\np)\(s:ng\np)	pp	in the snow	on his knees	in the snow	on his knee
813	780	NP	NN	NN	woman	dog	woman	dog
814	780	NP	NN	NN	woman	tree	woman	tree
815	780	NP	NN	NN	woman	stump	woman	stump
816	780	NP	NN	n	woman	tree stump	woman	tree stump
817	780	NP	NN	NN	dog	woman	dog	woman
818	780	NP	NN	NN	dog	stump	dog	stump
819	780	NP	NN	n	dog	tree stump	dog	tree stump
820	780	phrasal_IN	pp	(s:dcl\np)\(s:dcl\np)	near a white dog	on a tree stump	near a white dog	on a tree stump
821	780	NP	n	NN	white dog	woman	white dog	woman
822	780	NP	n	NN	white dog	dog	white dog	dog
823	780	NP	n	NN	white dog	tree	white dog	tree
824	780	NP	n	NN	white dog	stump	white dog	stump
825	780	NP	n	n	white dog	tree stump	white dog	tree stump
826	816	NP	NN	NN	group	gear	group	gear
827	816	NP	NN	NN	group	protection	group	protection
828	816	NP	NN	n	group	group of people	group	group of people
829	816	NP	NN	n	group	gear used for protection	group	gear use for protection
830	816	NP	NNS	NN	people	gear	people	gear
831	816	NP	NNS	NN	people	protection	people	protection
832	816	NP	NNS	n	people	group of people	people	group of people
833	816	NP	NNS	n	people	gear used for protection	people	gear use for protection
834	816	VP	VBN	VBN	equipped	used	equip	use
835	816	NP	NN	NN	gear	group	gear	group
836	816	NP	NN	NNS	gear	people	gear	people
837	816	NP	NN	NN	gear	protection	gear	protection
838	816	NP	NN	n	gear	group of people	gear	group of people
839	816	NP	NN	n	gear	gear used for protection	gear	gear use for protection
840	816	NP	n	NN	group of people	group	group of people	group
841	816	NP	n	NNS	group of people	people	group of people	people
842	816	NP	n	NN	group of people	gear	group of people	gear
843	816	NP	n	NN	group of people	protection	group of people	protection
844	816	NP	n	n	group of people	gear used for protection	group of people	gear use for protection
845	816	phrasal_IN	pp	pp	with protective gear	with gear used for protection	with protective gear	with gear use for protection
846	816	phrasal_IN	pp	pp	with protective gear	for protection	with protective gear	for protection
847	816	NP	n	NN	protective gear	group	protective gear	group
848	816	NP	n	NNS	protective gear	people	protective gear	people
849	816	NP	n	NN	protective gear	gear	protective gear	gear
850	816	NP	n	NN	protective gear	protection	protective gear	protection
851	816	NP	n	n	protective gear	group of people	protective gear	group of people
852	816	NP	n	n	protective gear	gear used for protection	protective gear	gear use for protection
853	860	phrasal_JJ	JJ	JJ	white	black	white	black
854	860	NP	NN	NN	dog	coat	dog	coat
855	860	NP	NN	n	dog	black coat	dog	black coat
856	860	NP	NN	n	dog	white dog	dog	white dog
857	860	phrasal_JJ	JJ	JJ	black	white	black	white
858	860	NP	NN	NN	side	dog	side	dog
859	860	NP	NN	NN	side	coat	side	coat
860	860	NP	NN	NN	side	grass	side	grass
861	860	NP	NN	n	side	black coat	side	black coat
862	860	NP	NN	n	side	white dog	side	white dog
863	860	NP	NN	NN	grass	coat	grass	coat
864	860	NP	NN	n	grass	black coat	grass	black coat
865	860	NP	NN	n	grass	white dog	grass	white dog
866	860	NP	n	NN	One white dog	dog	one white dog	dog
867	860	NP	n	NN	One white dog	coat	one white dog	coat
868	860	NP	n	NN	One white dog	grass	one white dog	grass
869	860	NP	n	n	One white dog	black coat	one white dog	black coat
870	860	NP	n	n	One white dog	white dog	one white dog	white dog
871	860	NP	n	NN	one black one	dog	one black one	dog
872	860	NP	n	NN	one black one	coat	one black one	coat
873	860	NP	n	NN	one black one	grass	one black one	grass
874	860	NP	n	n	one black one	black coat	one black one	black coat
875	860	NP	n	n	one black one	white dog	one black one	white dog
876	860	phrasal_IN	(s:dcl\np)\(s:dcl\np)	pp	by side on the grass	on the grass	by side on the grass	on the grass
877	860	NP	n	NN	side on the grass	dog	side on the grass	dog
878	860	NP	n	NN	side on the grass	coat	side on the grass	coat
879	860	NP	n	NN	side on the grass	grass	side on the grass	grass
880	860	NP	n	n	side on the grass	black coat	side on the grass	black coat
881	860	NP	n	n	side on the grass	white dog	side on the grass	white dog
882	873	NP	NN	NN	lot	ice	lot	ice
883	873	NP	NN	NN	lot	rink	lot	rink
884	873	NP	NN	NNS	lot	outdoors	lot	outdoors
885	873	NP	NN	NNS	lot	people	lot	people
886	873	NP	NN	n	lot	ice skating rink placed outdoors	lot	ice skate rink place outdoors
887	873	NP	NN	n	lot	rink placed outdoors	lot	rink place outdoors
888	873	NP	NNS	NN	people	ice	people	ice
889	873	NP	NNS	NN	people	rink	people	rink
890	873	NP	NNS	NNS	people	outdoors	people	outdoors
891	873	NP	NNS	n	people	ice skating rink placed outdoors	people	ice skate rink place outdoors
892	873	NP	NNS	n	people	rink placed outdoors	people	rink place outdoors
893	873	NP	NN	NN	ice	rink	ice	rink
894	873	NP	NN	NNS	ice	outdoors	ice	outdoors
895	873	NP	NN	NNS	ice	people	ice	people
896	873	NP	NN	n	ice	ice skating rink placed outdoors	ice	ice skate rink place outdoors
897	873	NP	NN	n	ice	rink placed outdoors	ice	rink place outdoors
898	873	NP	NN	NN	skating	ice	skating	ice
899	873	NP	NN	NN	skating	rink	skating	rink
900	873	NP	NN	NNS	skating	outdoors	skating	outdoors
901	873	NP	NN	NNS	skating	people	skating	people
902	873	NP	NN	n	skating	ice skating rink placed outdoors	skating	ice skate rink place outdoors
903	873	NP	NN	n	skating	rink placed outdoors	skating	rink place outdoors
904	873	NP	NN	NN	park	ice	park	ice
905	873	NP	NN	NN	park	rink	park	rink
906	873	NP	NN	NNS	park	outdoors	park	outdoors
907	873	NP	NN	NNS	park	people	park	people
908	873	NP	NN	n	park	ice skating rink placed outdoors	park	ice skate rink place outdoors
909	873	NP	NN	n	park	rink placed outdoors	park	rink place outdoors
910	873	NP	n	NN	lot of people	ice	lot of people	ice
911	873	NP	n	NN	lot of people	rink	lot of people	rink
912	873	NP	n	NNS	lot of people	outdoors	lot of people	outdoors
913	873	NP	n	NNS	lot of people	people	lot of people	people
914	873	NP	n	n	lot of people	ice skating rink placed outdoors	lot of people	ice skate rink place outdoors
915	873	NP	n	n	lot of people	rink placed outdoors	lot of people	rink place outdoors
916	873	phrasal_IN	pp	pp	in an ice skating park	of people	in an ice skating park	of people
917	873	NP	n	NN	ice skating park	ice	ice skating park	ice
918	873	NP	n	NN	ice skating park	rink	ice skating park	rink
919	873	NP	n	NNS	ice skating park	outdoors	ice skating park	outdoors
920	873	NP	n	NNS	ice skating park	people	ice skating park	people
921	873	NP	n	n	ice skating park	ice skating rink placed outdoors	ice skating park	ice skate rink place outdoors
922	873	NP	n	n	ice skating park	rink placed outdoors	ice skating park	rink place outdoors
923	882	NP	NN	NN	girl	man	girl	man
924	882	NP	NN	NN	girl	uniform	girl	uniform
925	882	NP	NN	n	girl	blue and white uniform	girl	blue and white uniform
926	882	phrasal_JJ	JJ	JJ	blue	white	blue	white
927	882	phrasal_JJ	JJ	JJ	white	blue	white	blue
928	882	NP	NN	NN	uniform	girl	uniform	girl
929	882	NP	NN	NN	uniform	man	uniform	man
930	882	NP	NN	n	uniform	blue and white uniform	uniform	blue and white uniform
931	882	NP	n	NN	blue and white uniform	girl	blue and white uniform	girl
932	882	NP	n	NN	blue and white uniform	man	blue and white uniform	man
933	882	NP	n	NN	blue and white uniform	uniform	blue and white uniform	uniform
934	913	NP	NN	NN	woman	man	woman	man
935	913	NP	NN	NN	man	woman	man	woman
936	933	NP	NN	NN	girl	bubble	girl	bubble
937	933	NP	NN	n	girl	young girl	girl	young girl
938	933	NP	NN	n	girl	bubble that is huge	girl	bubble that be huge
939	933	phrasal_JJ	JJ	JJ	red	young	red	young
940	933	phrasal_JJ	JJ	JJ	red	huge	red	huge
941	933	NP	NN	NN	shirt	girl	shirt	girl
942	933	NP	NN	NN	shirt	bubble	shirt	bubble
943	933	NP	NN	n	shirt	young girl	shirt	young girl
944	933	NP	NN	n	shirt	bubble that is huge	shirt	bubble that be huge
945	933	NP	NN	NN	bubble	girl	bubble	girl
946	933	NP	NN	n	bubble	young girl	bubble	young girl
947	933	NP	NN	n	bubble	bubble that is huge	bubble	bubble that be huge
948	933	NP	n	NN	girl in the red shirt	girl	girl in the red shirt	girl
949	933	NP	n	NN	girl in the red shirt	bubble	girl in the red shirt	bubble
950	933	NP	n	n	girl in the red shirt	young girl	girl in the red shirt	young girl
951	933	NP	n	n	girl in the red shirt	bubble that is huge	girl in the red shirt	bubble that be huge
952	933	NP	n	NN	red shirt	girl	red shirt	girl
953	933	NP	n	NN	red shirt	bubble	red shirt	bubble
954	933	NP	n	n	red shirt	young girl	red shirt	young girl
955	933	NP	n	n	red shirt	bubble that is huge	red shirt	bubble that be huge
956	947	NP	NNS	NNS	corndogs	toddlers	corndog	toddler
957	947	NP	NNS	NN	corndogs	wagon	corndog	wagon
958	947	NP	NNS	n	corndogs	Two toddlers	corndog	two toddler
959	947	VP	VBN	VBG	eaten	eating	eat	eat
960	947	NP	NNS	NNS	toddlers	corndogs	toddler	corndog
961	947	NP	NNS	NN	toddlers	wagon	toddler	wagon
962	947	NP	NNS	n	toddlers	Two toddlers	toddler	two toddler
963	947	NP	NN	NNS	wagon	toddlers	wagon	toddler
964	947	NP	NN	NNS	wagon	corndogs	wagon	corndog
965	947	NP	NN	n	wagon	Two toddlers	wagon	two toddler
966	980	NP	NN	NN	man	horse	man	horse
967	980	NP	NN	NN	man	cowboy	man	cowboy
968	980	NP	NN	NNS	man	pants	man	pants
969	980	NP	NN	NN	man	color	man	color
970	980	NP	NN	n	man	blue and red color	man	blue and red color
971	980	VP	VBG	VBG	getting	tossing	get	toss
972	980	VP	VBG	VBG	getting	wearing	get	wear
973	980	NP	NN	NN	horse	cowboy	horse	cowboy
974	980	NP	NN	NNS	horse	pants	horse	pants
975	980	NP	NN	NN	horse	color	horse	color
976	980	NP	NN	n	horse	blue and red color	horse	blue and red color
977	980	NP	NN	NN	track	horse	track	horse
978	980	NP	NN	NN	track	cowboy	track	cowboy
979	980	NP	NN	NNS	track	pants	track	pants
980	980	NP	NN	NN	track	color	track	color
981	980	NP	NN	n	track	blue and red color	track	blue and red color
982	980	VP	VBN	VBG	laid	tossing	lay	toss
983	980	VP	VBN	VBG	laid	wearing	lay	wear
984	980	NP	NN	NN	wild	horse	wild	horse
985	980	NP	NN	NN	wild	cowboy	wild	cowboy
986	980	NP	NN	NNS	wild	pants	wild	pants
987	980	NP	NN	NN	wild	color	wild	color
988	980	NP	NN	n	wild	blue and red color	wild	blue and red color
989	980	NP	n	NN	track laid in the wild	horse	track lay in the wild	horse
990	980	NP	n	NN	track laid in the wild	cowboy	track lay in the wild	cowboy
991	980	NP	n	NNS	track laid in the wild	pants	track lay in the wild	pants
992	980	NP	n	NN	track laid in the wild	color	track lay in the wild	color
993	980	NP	n	n	track laid in the wild	blue and red color	track lay in the wild	blue and red color
994	987	NP	NN	NN	adult	amphitheater	adult	amphitheater
995	987	NP	NN	NN	adult	boy	adult	boy
996	987	NP	NN	n	adult	amphitheater talking to a boy	adult	amphitheater talk to a boy
997	987	NP	NN	NN	amphitheater	adult	amphitheater	adult
998	987	NP	NN	NN	amphitheater	boy	amphitheater	boy
999	987	NP	NN	n	amphitheater	amphitheater talking to a boy	amphitheater	amphitheater talk to a boy
1000	987	NP	NN	NN	boy	adult	boy	adult
1001	987	NP	NN	NN	boy	amphitheater	boy	amphitheater
1002	987	NP	NN	n	boy	amphitheater talking to a boy	boy	amphitheater talk to a boy
1003	988	NP	NN	NN	talk	adult	talk	adult
1004	988	NP	NN	NN	talk	amphitheater	talk	amphitheater
1005	988	NP	NN	NN	talk	boy	talk	boy
1006	988	VP	VBN	VBG	given	talking	give	talk
1007	1039	NP	NN	NN	snowboarder	person	snowboarder	person
1008	1039	NP	NN	NNS	snowboarder	jumps	snowboarder	jump
1009	1039	NP	NN	NN	snowboarder	air	snowboarder	air
1010	1039	NP	NN	n	snowboarder	snowboarding jumps	snowboarder	snowboard jump
1011	1039	VP	VBG	VBG	leaping	practicing	leap	practice
1012	1039	VP	VBG	VBG	leaping	snowboarding	leap	snowboard
1013	1039	NP	NN	NN	snow	person	snow	person
1014	1039	NP	NN	NNS	snow	jumps	snow	jump
1015	1039	NP	NN	NN	snow	air	snow	air
1016	1039	NP	NN	n	snow	snowboarding jumps	snow	snowboard jump
1017	1039	phrasal_IN	(s:ng\np)\(s:ng\np)	pp	over white snow	into the air	over white snow	into the air
1018	1039	NP	n	NN	white snow	person	white snow	person
1019	1039	NP	n	NNS	white snow	jumps	white snow	jump
1020	1039	NP	n	NN	white snow	air	white snow	air
1021	1039	NP	n	n	white snow	snowboarding jumps	white snow	snowboard jump
1022	1102	NP	NN	NN	woman	package	woman	package
1023	1102	NP	NN	NNS	woman	headphones	woman	headphone
1024	1102	NP	NN	n	woman	small package that contains headphones	woman	small package that contain headphone
1025	1102	NP	NN	n	woman	package that contains headphones	woman	package that contain headphone
1026	1102	VP	VBG	VBG	riding	opening	ride	open
1027	1102	VP	VBG	VBZ	riding	contains	ride	contain
1028	1102	NP	NN	NN	horse	man	horse	man
1029	1102	NP	NN	NN	horse	package	horse	package
1030	1102	NP	NN	NNS	horse	headphones	horse	headphone
1031	1102	NP	NN	n	horse	small package that contains headphones	horse	small package that contain headphone
1032	1102	NP	NN	n	horse	package that contains headphones	horse	package that contain headphone
1033	1137	NP	NN	NN	fish	turtle	fish	turtle
1034	1137	VP	VBG	VBG	hunting	following	hunt	follow
1035	1137	NP	NN	NN	turtle	fish	turtle	fish
1036	1137	NP	NN	NN	sea	turtle	sea	turtle
1037	1137	NP	NN	NN	sea	fish	sea	fish
1038	1137	NP	n	NN	turtle in the sea	turtle	turtle in the sea	turtle
1039	1137	NP	n	NN	turtle in the sea	fish	turtle in the sea	fish
1040	1170	NP	NN	NN	potato	woman	potato	woman
1041	1170	NP	NN	NN	potato	carrot	potato	carrot
1042	1170	VP	VBN	VBG	sliced	slicing	slice	slice
1043	1170	NP	NN	NN	woman	carrot	woman	carrot
1044	1177	NP	NN	NN	woman	hair	woman	hair
1045	1177	VP	VBG	VBG	combing	arranging	comb	arrange
1046	1177	NP	NN	NN	hair	woman	hair	woman
1047	1178	NP	NN	n	woman	woman combing her hair	woman	woman comb she hair
1048	1178	NP	NN	n	woman	her hair	woman	she hair
1049	1178	NP	NN	n	hair	woman combing her hair	hair	woman comb she hair
1050	1178	NP	NN	n	hair	her hair	hair	she hair
1051	1190	NP	NN	NNS	man	woods	man	wood
1052	1190	NP	NN	NNS	woman	woods	woman	wood
1053	1190	NP	NN	NN	area	man	area	man
1054	1190	NP	NN	NN	area	woman	area	woman
1055	1190	NP	NN	NNS	area	woods	area	wood
1056	1190	phrasal_IN	pp	(s:dcl\np)\(s:dcl\np)	through a wooded area	through the woods	through a wooded area	through the wood
1057	1190	NP	n	NN	wooded area	man	wooded area	man
1058	1190	NP	n	NN	wooded area	woman	wooded area	woman
1059	1190	NP	n	NNS	wooded area	woods	wooded area	wood
1060	1192	NP	NN	NN	man	area	man	area
1061	1192	NP	NN	n	man	wooded area	man	wooded area
1062	1192	NP	NN	NN	woman	area	woman	area
1063	1192	NP	NN	n	woman	wooded area	woman	wooded area
1064	1192	NP	NNS	NN	woods	man	wood	man
1065	1192	NP	NNS	NN	woods	woman	wood	woman
1066	1192	NP	NNS	NN	woods	area	wood	area
1067	1192	NP	NNS	n	woods	wooded area	wood	wooded area
1068	1192	phrasal_IN	(s:dcl\np)\(s:dcl\np)	(s:dcl\np)\(s:dcl\np)	through the woods	through a wooded area	through the wood	through a wooded area
1069	1232	NP	NN	NN	man	tomato	man	tomato
1070	1232	NP	NN	NN	bun	man	bun	man
1071	1232	NP	NN	NN	bun	tomato	bun	tomato
1072	1236	NP	NN	n	woman	other women	woman	other woman
1073	1236	VP	VBG	VBG	dancing	singing	dance	sing
1074	1236	VP	VBG	VBG	singing	dancing	sing	dance
1075	1237	NP	NNS	NN	women	woman	woman	woman
1076	1237	NP	NNS	NN	women	rain	woman	rain
1077	1241	NP	NN	NN	woman	rain	woman	rain
1078	1241	phrasal_IN	pp	pp	with other women	in the rain	with other woman	in the rain
1079	1241	NP	n	NN	other women	woman	other woman	woman
1080	1241	NP	n	NN	other women	rain	other woman	rain
1081	1266	NP	NN	NN	band	onstage	band	onstage
1082	1266	NP	NN	NN	stage	band	stage	band
1083	1266	NP	NN	NN	stage	onstage	stage	onstage
1084	1302	NP	NN	NN	man	game	man	game
1085	1302	NP	NN	NN	man	ball	man	ball
1086	1302	NP	NN	NN	flute	man	flute	man
1087	1302	NP	NN	NN	flute	game	flute	game
1088	1302	NP	NN	NN	flute	ball	flute	ball
1089	1333	VP	VBG	VBN	measuring	measured	measure	measure
1090	1333	NP	n	NN	other woman	woman	other woman	woman
1091	1390	NP	NN	NN	person	onion	person	onion
1092	1390	VP	VBG	VBG	standing	chopping	stand	chop
1093	1390	NP	NN	NN	motorcycle	person	motorcycle	person
1094	1390	NP	NN	NN	motorcycle	onion	motorcycle	onion
1095	1396	VP	VBG	VBN	screaming	scared	scream	scare
1096	1400	VP	VBG	VBG	crying	screaming	cry	scream
1097	1400	NP	n	NN	sad man	man	sad man	man
1098	1410	NP	NN	NN	woman	butter	woman	butter
1099	1410	NP	NN	NN	woman	container	woman	container
1100	1410	NP	NN	n	woman	small container	woman	small container
1101	1410	VP	VBG	VBG	cutting	chopping	cut	chop
1102	1410	NP	NNS	NN	shrimps	man	shrimp	man
1103	1410	NP	NNS	NN	shrimps	butter	shrimp	butter
1104	1410	NP	NNS	NN	shrimps	container	shrimp	container
1105	1410	NP	NNS	n	shrimps	small container	shrimp	small container
1106	1412	NP	NNS	NN	Men	wood	Man	wood
1107	1412	VP	VBG	VBG	sawing	cutting	saw	cut
1108	1412	NP	NNS	NNS	logs	Men	log	Man
1109	1412	NP	NNS	NN	logs	wood	log	wood
1110	1443	VP	VBG	VBG	talking	spitting	talk	spit
1111	1443	NP	NN	NN	radio	man	radio	man
1112	1469	NP	NNS	NN	men	man	man	man
1113	1469	NP	NNS	NN	men	vending	man	vending
1114	1469	NP	NNS	NN	men	machine	man	machine
1115	1469	NP	NNS	n	men	vending machine	man	vending machine
1116	1469	VP	VBG	VBG	running	jumping	run	jump
1117	1469	VP	VBG	VBG	running	kicking	run	kick
1118	1469	VP	VBG	VBG	jumping	running	jump	run
1119	1469	VP	VBG	VBG	jumping	kicking	jump	kick
1120	1469	VP	VBG	VBG	kicking	running	kick	run
1121	1469	VP	VBG	VBG	kicking	jumping	kick	jump
1122	1469	NP	NN	NN	vending	man	vending	man
1123	1469	NP	NN	NN	vending	machine	vending	machine
1124	1469	NP	NN	n	vending	vending machine	vending	vending machine
1125	1469	NP	NN	NN	machine	man	machine	man
1126	1469	NP	NN	NN	machine	vending	machine	vending
1127	1469	NP	NN	n	machine	vending machine	machine	vending machine
1128	1469	NP	n	NN	Three young men	man	three young man	man
1129	1469	NP	n	NN	Three young men	vending	three young man	vending
1130	1469	NP	n	NN	Three young men	machine	three young man	machine
1131	1469	NP	n	n	Three young men	vending machine	three young man	vending machine
1132	1469	NP	n	NN	vending machine	man	vending machine	man
1133	1469	NP	n	NN	vending machine	vending	vending machine	vending
1134	1469	NP	n	NN	vending machine	machine	vending machine	machine
1135	1470	NP	NNS	n	men	Three young men	man	three young man
1136	1470	NP	NN	NNS	wall	men	wall	man
1137	1470	NP	NN	NN	wall	vending	wall	vending
1138	1470	NP	NN	NN	wall	machine	wall	machine
1139	1470	NP	NN	n	wall	Three young men	wall	three young man
1140	1470	NP	NN	n	wall	vending machine	wall	vending machine
1141	1470	NP	n	NNS	Three men	men	three man	man
1142	1470	NP	n	NN	Three men	vending	three man	vending
1143	1470	NP	n	NN	Three men	machine	three man	machine
1144	1470	NP	n	n	Three men	Three young men	three man	three young man
1145	1470	NP	n	n	Three men	vending machine	three man	vending machine
1146	1487	NP	NN	NN	man	sauce	man	sauce
1147	1487	NP	NN	NN	man	chicken	man	chicken
1148	1487	NP	NN	n	man	sauce for the chicken	man	sauce for the chicken
1149	1487	NP	NN	NN	sauce	man	sauce	man
1150	1487	NP	NN	NN	sauce	chicken	sauce	chicken
1151	1487	NP	NN	n	sauce	sauce for the chicken	sauce	sauce for the chicken
1152	1487	NP	NN	NN	chicken	man	chicken	man
1153	1487	NP	NN	NN	chicken	sauce	chicken	sauce
1154	1487	NP	NN	n	chicken	sauce for the chicken	chicken	sauce for the chicken
1155	1487	NP	n	NN	sauce for the chicken	man	sauce for the chicken	man
1156	1487	NP	n	NN	sauce for the chicken	sauce	sauce for the chicken	sauce
1157	1487	NP	n	NN	sauce for the chicken	chicken	sauce for the chicken	chicken
1158	1493	NP	NN	NN	man	guitar	man	guitar
1159	1493	NP	NN	NN	guitar	man	guitar	man
1160	1493	NP	n	NN	electric guitar	man	electric guitar	man
1161	1493	NP	n	NN	electric guitar	guitar	electric guitar	guitar
1162	1495	VP	VBG	VBG	playing	strumming	play	strum
1163	1503	NP	NNS	NNS	boys	costumes	boy	costume
1164	1503	NP	NNS	n	boys	Three boys in karate costumes	boy	three boy in karate costume
1165	1503	NP	NNS	n	boys	boys in karate costumes	boy	boy in karate costume
1166	1503	NP	NNS	n	boys	karate costumes	boy	karate costume
1167	1503	NP	NNS	NNS	costumes	boys	costume	boy
1168	1503	NP	NNS	n	costumes	Three boys in karate costumes	costume	three boy in karate costume
1169	1503	NP	NNS	n	costumes	boys in karate costumes	costume	boy in karate costume
1170	1503	NP	NNS	n	costumes	karate costumes	costume	karate costume
1171	1503	NP	n	NNS	Three boys in karate costumes	boys	three boy in karate costume	boy
1172	1503	NP	n	NNS	Three boys in karate costumes	costumes	three boy in karate costume	costume
1173	1503	NP	n	n	Three boys in karate costumes	boys in karate costumes	three boy in karate costume	boy in karate costume
1174	1503	NP	n	n	Three boys in karate costumes	karate costumes	three boy in karate costume	karate costume
1175	1503	NP	n	NNS	boys in karate costumes	boys	boy in karate costume	boy
1176	1503	NP	n	NNS	boys in karate costumes	costumes	boy in karate costume	costume
1177	1503	NP	n	n	boys in karate costumes	Three boys in karate costumes	boy in karate costume	three boy in karate costume
1178	1503	NP	n	n	boys in karate costumes	karate costumes	boy in karate costume	karate costume
1179	1503	NP	n	NNS	karate costumes	boys	karate costume	boy
1180	1503	NP	n	NNS	karate costumes	costumes	karate costume	costume
1181	1503	NP	n	n	karate costumes	Three boys in karate costumes	karate costume	three boy in karate costume
1182	1503	NP	n	n	karate costumes	boys in karate costumes	karate costume	boy in karate costume
1183	1506	NP	NNS	NNS	men	boys	man	boy
1184	1506	NP	NNS	NNS	men	costumes	man	costume
1185	1506	NP	NNS	n	men	Three boys in karate costumes	man	three boy in karate costume
1186	1506	NP	NNS	n	men	boys in karate costumes	man	boy in karate costume
1187	1506	NP	NNS	n	men	karate costumes	man	karate costume
1188	1506	VP	VBG	VBG	practicing	fighting	practice	fight
1189	1506	NP	NNS	NNS	outdoors	boys	outdoors	boy
1190	1506	NP	NNS	NNS	outdoors	costumes	outdoors	costume
1191	1506	NP	NNS	n	outdoors	Three boys in karate costumes	outdoors	three boy in karate costume
1192	1506	NP	NNS	n	outdoors	boys in karate costumes	outdoors	boy in karate costume
1193	1506	NP	NNS	n	outdoors	karate costumes	outdoors	karate costume
1194	1506	NP	n	NNS	Three men	boys	three man	boy
1195	1506	NP	n	NNS	Three men	costumes	three man	costume
1196	1506	NP	n	n	Three men	Three boys in karate costumes	three man	three boy in karate costume
1197	1506	NP	n	n	Three men	boys in karate costumes	three man	boy in karate costume
1198	1506	NP	n	n	Three men	karate costumes	three man	karate costume
1199	1506	NP	n	NNS	karate outdoors	boys	karate outdoors	boy
1200	1506	NP	n	NNS	karate outdoors	costumes	karate outdoors	costume
1201	1506	NP	n	n	karate outdoors	Three boys in karate costumes	karate outdoors	three boy in karate costume
1202	1506	NP	n	n	karate outdoors	boys in karate costumes	karate outdoors	boy in karate costume
1203	1506	NP	n	n	karate outdoors	karate costumes	karate outdoors	karate costume
1204	1525	NP	NN	NNS	woman	broccoli	woman	broccoli
1205	1525	VP	VBG	VBG	planting	cutting	plant	cut
1206	1525	NP	NNS	NN	flowers	woman	flower	woman
1207	1525	NP	NNS	NNS	flowers	broccoli	flower	broccoli
1208	1584	NP	NN	NN	hole	badger	hole	badger
1209	1584	NP	NN	NN	hole	earth	hole	earth
1210	1584	VP	VBN	VBG	burrowed	digging	burrow	dig
1211	1584	NP	NN	NN	badger	earth	badger	earth
1212	1608	NP	NN	NN	snake	mouse	snake	mouse
1213	1608	NP	NN	NN	snake	man	snake	man
1214	1608	NP	NN	NN	mouse	snake	mouse	snake
1215	1608	NP	NN	NN	mouse	man	mouse	man
1216	1608	NP	NN	NN	man	snake	man	snake
1217	1608	NP	NN	NN	man	mouse	man	mouse
1218	1628	NP	NNS	NN	ingredients	bowl	ingredient	bowl
1219	1628	NP	NNS	NN	ingredients	person	ingredient	person
1220	1628	VP	VBN	VBN	mixed	separated	mix	separate
1221	1628	NP	NN	NNS	bowl	ingredients	bowl	ingredient
1222	1628	NP	NN	NN	bowl	person	bowl	person
1223	1628	NP	NN	NNS	person	ingredients	person	ingredient
1224	1628	NP	NN	NN	person	bowl	person	bowl
1225	1628	phrasal_IN	(s:pss\np)\(s:pss\np)	(s:pss\np)\(s:pss\np)	in a bowl	by a person	in a bowl	by a person
1226	1628	phrasal_IN	(s:pss\np)\(s:pss\np)	(s:pss\np)\(s:pss\np)	by a person	in a bowl	by a person	in a bowl
1227	1676	NP	NN	NN	boat	guitar	boat	guitar
1228	1676	NP	NN	NN	boat	man	boat	man
1229	1676	VP	VBG	VBN	sailing	played	sail	play
1230	1676	NP	NN	NN	water	guitar	water	guitar
1231	1676	NP	NN	NN	water	man	water	man
1232	1676	phrasal_IN	pp	(s:dcl\np)\(s:dcl\np)	over the water	by the man	over the water	by the man
1233	1690	NP	NN	NN	milk	cat	milk	cat
1234	1690	VP	VBN	VBG	drunk	drinking	drink	drink
1235	1690	NP	NN	NN	cat	milk	cat	milk
1236	1703	NP	NN	NN	man	container	man	container
1237	1703	NP	NN	NN	man	plastic	man	plastic
1238	1703	NP	NN	n	man	container made of plastic	man	container make of plastic
1239	1703	VP	VBG	VBN	emptying	made	empty	make
1240	1703	NP	NN	NN	container	man	container	man
1241	1703	NP	NN	NN	container	plastic	container	plastic
1242	1703	NP	NN	n	container	container made of plastic	container	container make of plastic
1243	1703	VP	VBN	VBG	made	emptying	make	empty
1244	1703	NP	NN	NN	plastic	man	plastic	man
1245	1703	NP	NN	NN	plastic	container	plastic	container
1246	1703	NP	NN	n	plastic	container made of plastic	plastic	container make of plastic
1247	1703	NP	n	NN	container made of plastic completely	man	container make of plastic completely	man
1248	1703	NP	n	NN	container made of plastic completely	container	container make of plastic completely	container
1249	1703	NP	n	NN	container made of plastic completely	plastic	container make of plastic completely	plastic
1250	1703	NP	n	n	container made of plastic completely	container made of plastic	container make of plastic completely	container make of plastic
1251	1711	NP	NN	NN	man	frog	man	frog
1252	1711	VP	VBG	VBG	emptying	holding	empty	hold
1253	1711	NP	NN	NN	container	frog	container	frog
1254	1711	VP	VBN	VBG	made	holding	make	hold
1255	1711	NP	NN	NN	plastic	frog	plastic	frog
1256	1711	NP	n	NN	container made of plastic	man	container make of plastic	man
1257	1711	NP	n	NN	container made of plastic	frog	container make of plastic	frog
1258	1754	NP	NN	NN	flute	girl	flute	girl
1259	1754	NP	NN	NN	way	flute	way	flute
1260	1754	NP	NN	NN	way	girl	way	girl
1261	1754	NP	NN	NN	girl	flute	girl	flute
1262	1754	phrasal_IN	(s:dcl\np)\(s:dcl\np)	(s:dcl\np)\(s:dcl\np)	in a lovely way	by a girl	in a lovely way	by a girl
1263	1754	NP	n	NN	lovely way	flute	lovely way	flute
1264	1754	NP	n	NN	lovely way	girl	lovely way	girl
1265	1807	NP	NN	NN	adult	flute	adult	flute
1266	1807	NP	NN	NN	adult	man	adult	man
1267	1807	VP	VBG	VBN	playing	played	play	play
1268	1807	NP	NN	NN	guitar	flute	guitar	flute
1269	1811	NP	NN	NN	man	flute	man	flute
1270	1839	NP	NN	NN	girl	hair	girl	hair
1271	1839	NP	NN	NN	girl	pony	girl	pony
1272	1839	NP	NN	NN	girl	tail	girl	tail
1273	1839	NP	NN	n	girl	pony tail	girl	pony tail
1274	1839	NP	NN	NN	hair	girl	hair	girl
1275	1839	NP	NN	NN	hair	pony	hair	pony
1276	1839	NP	NN	NN	hair	tail	hair	tail
1277	1839	NP	NN	n	hair	pony tail	hair	pony tail
1278	1839	NP	NN	NN	pony	girl	pony	girl
1279	1839	NP	NN	NN	pony	hair	pony	hair
1280	1839	NP	NN	NN	pony	tail	pony	tail
1281	1839	NP	NN	n	pony	pony tail	pony	pony tail
1282	1839	NP	NN	NN	tail	girl	tail	girl
1283	1839	NP	NN	NN	tail	hair	tail	hair
1284	1839	NP	NN	NN	tail	pony	tail	pony
1285	1839	NP	NN	n	tail	pony tail	tail	pony tail
1286	1839	NP	n	NN	pony tail	girl	pony tail	girl
1287	1839	NP	n	NN	pony tail	hair	pony tail	hair
1288	1839	NP	n	NN	pony tail	pony	pony tail	pony
1289	1839	NP	n	NN	pony tail	tail	pony tail	tail
1290	1847	NP	NN	NN	man	girl	man	girl
1291	1847	NP	NN	NN	man	hair	man	hair
1292	1847	VP	VBG	VBG	sitting	ruffling	sit	ruffle
1293	1847	NP	NN	NN	chair	girl	chair	girl
1294	1847	NP	NN	NN	chair	hair	chair	hair
1295	1847	NP	n	NN	One man	girl	one man	girl
1296	1847	NP	n	NN	One man	hair	one man	hair
1297	1861	NP	NN	NN	microphone	parrot	microphone	parrot
1298	1861	NP	NN	NN	front	parrot	front	parrot
1299	1861	NP	NN	NN	front	microphone	front	microphone
1300	1861	NP	NN	NN	parrot	microphone	parrot	microphone
1301	1861	VP	VBN	VBG	muted	talking	mute	talk
1302	1861	NP	n	NN	front of the talking parrot	parrot	front of the talk parrot	parrot
1303	1861	NP	n	NN	front of the talking parrot	microphone	front of the talk parrot	microphone
1304	1861	NP	n	NN	talking parrot	parrot	talk parrot	parrot
1305	1861	NP	n	NN	talking parrot	microphone	talk parrot	microphone
1306	1877	NP	NNS	NN	kittens	food	kitten	food
1307	1877	NP	NNS	NNS	kittens	trays	kitten	tray
1308	1877	NP	NNS	n	kittens	food on the trays	kitten	food on the tray
1309	1877	NP	NNS	NN	trays	food	tray	food
1310	1877	NP	NNS	NNS	trays	kittens	tray	kitten
1311	1877	NP	NNS	n	trays	food on the trays	tray	food on the tray
1312	1877	NP	NN	NNS	food	trays	food	tray
1313	1877	NP	NN	NNS	food	kittens	food	kitten
1314	1877	NP	NN	n	food	food on the trays	food	food on the tray
1315	1877	NP	NN	NN	advertisement	food	advertisement	food
1316	1877	NP	NN	NNS	advertisement	trays	advertisement	tray
1317	1877	NP	NN	NNS	advertisement	kittens	advertisement	kitten
1318	1877	NP	NN	n	advertisement	food on the trays	advertisement	food on the tray
1319	1877	NP	n	NN	kittens on the trays	food	kitten on the tray	food
1320	1877	NP	n	NNS	kittens on the trays	trays	kitten on the tray	tray
1321	1877	NP	n	NNS	kittens on the trays	kittens	kitten on the tray	kitten
1322	1877	NP	n	n	kittens on the trays	food on the trays	kitten on the tray	food on the tray
1323	1877	phrasal_IN	pp	(s:pss\np)\(s:pss\np)	as food for an advertisement	by the kittens	as food for an advertisement	by the kitten
1324	1877	NP	n	NN	food for an advertisement	food	food for an advertisement	food
1325	1877	NP	n	NNS	food for an advertisement	trays	food for an advertisement	tray
1326	1877	NP	n	NNS	food for an advertisement	kittens	food for an advertisement	kitten
1327	1877	NP	n	n	food for an advertisement	food on the trays	food for an advertisement	food on the tray
1328	1881	NP	NN	n	food	few kittens	food	few kitten
1329	1881	NP	NNS	n	trays	few kittens	tray	few kitten
1330	1881	NP	NNS	n	kittens	few kittens	kitten	few kitten
1331	1881	NP	n	NNS	food on the trays	kittens	food on the tray	kitten
1332	1881	NP	n	n	food on the trays	few kittens	food on the tray	few kitten
1333	1964	NP	NN	NN	person	singing	person	singing
1334	1964	NP	NN	n	person	guitar and singing	person	guitar and singing
1335	1964	NP	NN	NN	guitar	singing	guitar	singing
1336	1964	NP	NN	n	guitar	guitar and singing	guitar	guitar and singing
1337	1964	NP	NN	NN	singing	person	singing	person
1338	1964	NP	NN	NN	singing	guitar	singing	guitar
1339	1964	NP	NN	n	singing	guitar and singing	singing	guitar and singing
1340	1964	NP	n	NN	One person	person	one person	person
1341	1964	NP	n	NN	One person	guitar	one person	guitar
1342	1964	NP	n	NN	One person	singing	one person	singing
1343	1964	NP	n	n	One person	guitar and singing	one person	guitar and singing
1344	1964	NP	n	NN	guitar and singing	person	guitar and singing	person
1345	1964	NP	n	NN	guitar and singing	guitar	guitar and singing	guitar
1346	1964	NP	n	NN	guitar and singing	singing	guitar and singing	singing
1347	2001	VP	VBN	VBG	ridden	riding	ride	ride
1348	2019	NP	NN	NNS	man	men	man	man
1349	2019	NP	NN	NNS	man	knives	man	knife
1350	2019	NP	NN	NN	man	tree	man	tree
1351	2019	NP	NN	n	man	dangerous men with knives	man	dangerous man with knife
1352	2019	NP	NN	n	man	men with knives	man	man with knife
1353	2019	NP	NNS	NNS	knives	men	knife	man
1354	2019	NP	NNS	NN	knives	bike	knife	bike
1355	2019	NP	NNS	NN	knives	tree	knife	tree
1356	2019	NP	NNS	n	knives	dangerous men with knives	knife	dangerous man with knife
1357	2019	NP	NNS	n	knives	men with knives	knife	man with knife
1358	2019	NP	NN	NNS	tree	men	tree	man
1359	2019	NP	NN	NNS	tree	knives	tree	knife
1360	2019	NP	NN	NN	tree	bike	tree	bike
1361	2019	NP	NN	n	tree	dangerous men with knives	tree	dangerous man with knife
1362	2019	NP	NN	n	tree	men with knives	tree	man with knife
1363	2019	phrasal_IN	(s:ng\np)\(s:ng\np)	pp	at a tree	against a tree	at a tree	against a tree
1364	2058	NP	NN	NN	lady	meat	lady	meat
1365	2058	NP	NN	NNS	lady	pieces	lady	piece
1366	2058	NP	NN	NN	lady	woman	lady	woman
1367	2058	NP	NN	n	lady	pieces by a woman	lady	piece by a woman
1368	2058	VP	VBG	VBN	cutting	cut	cut	cut
1369	2058	NP	NN	NNS	meat	pieces	meat	piece
1370	2058	NP	NN	NN	meat	woman	meat	woman
1371	2058	NP	NN	n	meat	pieces by a woman	meat	piece by a woman
1372	2089	NP	NN	NN	man	interview	man	interview
1373	2089	VP	VBG	VBG	denying	granting	deny	grant
1374	2089	NP	NN	NN	interview	man	interview	man
1375	2096	NP	NN	NN	man	car	man	car
1376	2096	NP	NN	n	man	white car	man	white car
1377	2096	VP	VBG	VBN	granting	driven	grant	drive
1378	2096	NP	NN	NN	interview	car	interview	car
1379	2096	NP	NN	n	interview	white car	interview	white car
1380	2130	NP	NN	NN	boy	dog	boy	dog
1381	2130	NP	NN	n	boy	small boy	boy	small boy
1382	2130	VP	VBG	VBG	scolding	playing	scold	play
1383	2130	NP	NN	NN	dog	boy	dog	boy
1384	2130	NP	NN	n	dog	small boy	dog	small boy
1385	2130	NP	n	NN	small boy	boy	small boy	boy
1386	2130	NP	n	NN	small boy	dog	small boy	dog
1387	2157	NP	NN	NN	picture	man	picture	man
1388	2157	NP	NN	NNS	picture	pictures	picture	picture
1389	2157	NP	NN	NN	picture	lake	picture	lake
1390	2157	NP	NN	NN	camera	man	camera	man
1391	2157	NP	NN	NNS	camera	pictures	camera	picture
1392	2157	NP	NN	NN	camera	lake	camera	lake
1393	2157	VP	VBN	VBG	set	taking	set	take
1394	2157	VP	VBN	VBG	taken	taking	take	take
1395	2157	NP	NN	NNS	man	pictures	man	picture
1396	2157	NP	NN	NN	man	lake	man	lake
1397	2157	NP	NN	NN	beach	man	beach	man
1398	2157	NP	NN	NNS	beach	pictures	beach	picture
1399	2157	NP	NN	NN	beach	lake	beach	lake
1400	2157	NP	NN	NN	sunset	man	sunset	man
1401	2157	NP	NN	NNS	sunset	pictures	sunset	picture
1402	2157	NP	NN	NN	sunset	lake	sunset	lake
1403	2157	NP	n	NN	picture of a camera	man	picture of a camera	man
1404	2157	NP	n	NNS	picture of a camera	pictures	picture of a camera	picture
1405	2157	NP	n	NN	picture of a camera	lake	picture of a camera	lake
1406	2157	NP	n	NN	man on the beach	man	man on the beach	man
1407	2157	NP	n	NNS	man on the beach	pictures	man on the beach	picture
1408	2157	NP	n	NN	man on the beach	lake	man on the beach	lake
1409	2157	phrasal_IN	(s:pss\np)\(s:pss\np)	pp	at the sunset	of a lake	at the sunset	of a lake
1410	2166	NP	NN	NN	woman	machine	woman	machine
1411	2166	NP	NN	n	woman	machine made	woman	machine make
1412	2166	VP	VBG	VBG	sewing	using	sew	use
1413	2166	VP	VBG	VBN	sewing	made	sew	make
1414	2166	NP	NN	NN	machine	woman	machine	woman
1415	2166	NP	NN	n	machine	machine made	machine	machine make
1416	2166	phrasal_IN	pp	pp/np	with a machine	for sewing	with a machine	for sew
1417	2221	VP	VBG	VBN	falling	knocked	fall	knock
1418	2229	NP	NN	NNS	woman	fingers	woman	finger
1419	2229	NP	NN	NN	woman	table	woman	table
1420	2229	VP	VBG	VBG	tapping	resting	tap	rest
1421	2229	NP	NNS	NN	fingers	woman	finger	woman
1422	2229	NP	NNS	NN	fingers	table	finger	table
1423	2229	NP	NN	NN	table	woman	table	woman
1424	2229	NP	NN	NNS	table	fingers	table	finger
1425	2284	NP	NN	NN	cat	watermelon	cat	watermelon
1426	2284	NP	NN	NN	watermelon	cat	watermelon	cat
1427	2362	NP	NN	NN	person	fire	person	fire
1428	2362	NP	NN	NNS	person	cameras	person	camera
1429	2362	NP	NN	n	person	tall person	person	tall person
1430	2362	NP	NN	n	person	fire to the cameras	person	fire to the camera
1431	2362	VP	VBG	VBG	burning	setting	burn	set
1432	2362	NP	NNS	NN	cameras	person	camera	person
1433	2362	NP	NNS	NN	cameras	fire	camera	fire
1434	2362	NP	NNS	n	cameras	tall person	camera	tall person
1435	2362	NP	NNS	n	cameras	fire to the cameras	camera	fire to the camera
1436	2362	NP	NN	NN	blow	person	blow	person
1437	2362	NP	NN	NN	blow	fire	blow	fire
1438	2362	NP	NN	NNS	blow	cameras	blow	camera
1439	2362	NP	NN	n	blow	tall person	blow	tall person
1440	2362	NP	NN	n	blow	fire to the cameras	blow	fire to the camera
1441	2362	NP	NN	NN	torch	person	torch	person
1442	2362	NP	NN	NN	torch	fire	torch	fire
1443	2362	NP	NN	NNS	torch	cameras	torch	camera
1444	2362	NP	NN	n	torch	tall person	torch	tall person
1445	2362	NP	NN	n	torch	fire to the cameras	torch	fire to the camera
1446	2362	NP	n	NN	cameras with a blow	person	camera with a blow	person
1447	2362	NP	n	NN	cameras with a blow	fire	camera with a blow	fire
1448	2362	NP	n	NNS	cameras with a blow	cameras	camera with a blow	camera
1449	2362	NP	n	n	cameras with a blow	tall person	camera with a blow	tall person
1450	2362	NP	n	n	cameras with a blow	fire to the cameras	camera with a blow	fire to the camera
1451	2364	VP	VBN	VBG	burned	setting	burn	set
1452	2364	NP	n	NN	person with a blow torch	person	person with a blow torch	person
1453	2364	NP	n	NN	person with a blow torch	fire	person with a blow torch	fire
1454	2364	NP	n	NNS	person with a blow torch	cameras	person with a blow torch	camera
1455	2364	NP	n	n	person with a blow torch	fire to the cameras	person with a blow torch	fire to the camera
1456	2364	NP	n	NN	person with a blow	person	person with a blow	person
1457	2364	NP	n	NN	person with a blow	fire	person with a blow	fire
1458	2364	NP	n	NNS	person with a blow	cameras	person with a blow	camera
1459	2364	NP	n	n	person with a blow	fire to the cameras	person with a blow	fire to the camera
1460	2366	VP	VBG	VBG	blowing	setting	blow	set
1461	2366	NP	NN	NN	burning	person	burning	person
1462	2366	NP	NN	NN	burning	fire	burning	fire
1463	2366	NP	NN	NNS	burning	cameras	burning	camera
1464	2366	NP	NN	n	burning	fire to the cameras	burning	fire to the camera
1465	2366	NP	n	NN	person by some cameras	person	person by some camera	person
1466	2366	NP	n	NN	person by some cameras	fire	person by some camera	fire
1467	2366	NP	n	NNS	person by some cameras	cameras	person by some camera	camera
1468	2366	NP	n	n	person by some cameras	fire to the cameras	person by some camera	fire to the camera
1469	2366	NP	n	NN	burning torch	person	burning torch	person
1470	2366	NP	n	NN	burning torch	fire	burning torch	fire
1471	2366	NP	n	NNS	burning torch	cameras	burning torch	camera
1472	2366	NP	n	n	burning torch	fire to the cameras	burning torch	fire to the camera
1473	2385	NP	NN	NN	person	carrot	person	carrot
1474	2385	NP	NN	NNS	person	pieces	person	piece
1475	2385	NP	NN	n	person	carrot into pieces	person	carrot into piece
1476	2385	VP	VBG	VBG	cutting	slicing	cut	slice
1477	2385	NP	NN	NN	onion	person	onion	person
1478	2385	NP	NN	NN	onion	carrot	onion	carrot
1479	2385	NP	NN	NNS	onion	pieces	onion	piece
1480	2385	NP	NN	n	onion	carrot into pieces	onion	carrot into piece
1481	2385	NP	NNS	NN	pieces	person	piece	person
1482	2385	NP	NNS	NN	pieces	carrot	piece	carrot
1483	2385	NP	NNS	n	pieces	carrot into pieces	piece	carrot into piece
1484	2385	NP	n	NN	onion into pieces	person	onion into piece	person
1485	2385	NP	n	NN	onion into pieces	carrot	onion into piece	carrot
1486	2385	NP	n	NNS	onion into pieces	pieces	onion into piece	piece
1487	2385	NP	n	n	onion into pieces	carrot into pieces	onion into piece	carrot into piece
1488	2392	NP	NN	NN	man	potato	man	potato
1489	2392	NP	NN	NN	potato	man	potato	man
1490	2402	VP	VBG	VBG	cutting	holding	cut	hold
1491	2402	NP	NN	NN	tomato	woman	tomato	woman
1492	2402	NP	NN	n	tomato	whole tomato	tomato	whole tomato
1493	2404	NP	NN	NN	lady	one	lady	one
1494	2404	NP	NN	NN	lady	tomato	lady	tomato
1495	2404	NP	NN	n	lady	one cutting a tomato	lady	one cut a tomato
1496	2404	VP	VBG	VBG	slicing	cutting	slice	cut
1497	2404	NP	NN	NN	tomato	one	tomato	one
1498	2404	NP	NN	n	tomato	one cutting a tomato	tomato	one cut a tomato
1499	2410	NP	NN	NN	man	onion	man	onion
1500	2410	NP	NN	NN	man	knife	man	knife
1501	2410	VP	VBG	VBN	preparing	sliced	prepare	slice
1502	2410	NP	NN	NN	dish	onion	dish	onion
1503	2410	NP	NN	NN	dish	knife	dish	knife
1504	2410	NP	NN	NN	dish	woman	dish	woman
1505	2430	NP	NN	NN	road	man	road	man
1506	2430	NP	n	NN	One man	man	one man	man
1507	2485	NP	NN	NN	man	trumpet	man	trumpet
1508	2485	NP	NN	NN	guitar	trumpet	guitar	trumpet
1509	2525	NP	NNS	NNS	people	People	people	people
1510	2525	NP	NNS	NN	people	raft	people	raft
1511	2525	VP	VBG	VBG	floating	riding	float	ride
1512	2525	VP	VBG	VBG	floating	paddling	float	paddle
1513	2525	NP	NN	NNS	raft	People	raft	people
1514	2525	NP	n	NNS	few people	People	few people	people
1515	2525	NP	n	NN	few people	raft	few people	raft
1516	2527	NP	NNS	NNS	People	people	people	people
1517	2527	NP	NNS	NN	People	raft	people	raft
1518	2527	NP	NNS	n	People	Four people	people	four people
1519	2527	VP	VBG	VBG	riding	floating	ride	float
1520	2527	VP	VBG	VBG	paddling	floating	paddle	float
1521	2527	NP	NN	NNS	raft	people	raft	people
1522	2527	NP	NN	n	raft	Four people	raft	four people
1523	2535	NP	NN	NN	cat	corn	cat	corn
1524	2535	NP	NN	NN	corn	cat	corn	cat
1525	2535	NP	NN	NN	cob	cat	cob	cat
1526	2535	NP	NN	NN	cob	corn	cob	corn
1527	2544	NP	NN	NN	person	tomato	person	tomato
1528	2544	NP	NN	NN	vegetable	tomato	vegetable	tomato
1529	2557	VP	VBG	VBG	strumming	playing	strum	play
1530	2566	NP	NNS	n	women	few women	woman	few woman
1531	2566	NP	n	NNS	Three women	women	three woman	woman
1532	2566	NP	n	n	Three women	few women	three woman	few woman
1533	2604	NP	NN	NN	bull	monkey	bull	monkey
1534	2604	NP	NN	NN	bull	dog	bull	dog
1535	2604	NP	NN	n	bull	bull dog	bull	bull dog
1536	2604	NP	NN	NN	dog	monkey	dog	monkey
1537	2604	NP	NN	NN	dog	bull	dog	bull
1538	2604	NP	NN	n	dog	bull dog	dog	bull dog
1539	2604	VP	VBN	VBG	brushed	brushing	brush	brush
1540	2604	NP	NN	NN	monkey	bull	monkey	bull
1541	2604	NP	NN	NN	monkey	dog	monkey	dog
1542	2604	NP	NN	n	monkey	bull dog	monkey	bull dog
1543	2604	NP	n	NN	bull dog	monkey	bull dog	monkey
1544	2604	NP	n	NN	bull dog	bull	bull dog	bull
1545	2604	NP	n	NN	bull dog	dog	bull dog	dog
1546	2662	VP	VBG	VBG	cracking	slicing	crack	slice
1547	2662	NP	NN	NN	egg	lady	egg	lady
1548	2662	NP	NN	NN	egg	meat	egg	meat
1549	2662	NP	NN	NN	mixer	lady	mixer	lady
1550	2662	NP	NN	NN	mixer	meat	mixer	meat
1551	2662	NP	n	NN	egg for the mixer	lady	egg for the mixer	lady
1552	2662	NP	n	NN	egg for the mixer	meat	egg for the mixer	meat
1553	2668	NP	NNS	NNS	ferrets	Ferrets	ferret	ferret
1554	2668	NP	NNS	NN	ferrets	shelf	ferret	shelf
1555	2668	NP	NN	NNS	cage	Ferrets	cage	ferret
1556	2668	NP	NN	NN	cage	shelf	cage	shelf
1557	2668	NP	n	NNS	few ferrets	Ferrets	few ferret	ferret
1558	2668	NP	n	NN	few ferrets	shelf	few ferret	shelf
1559	2668	phrasal_IN	(s:ng\np)\(s:ng\np)	(s:ng\np)\(s:ng\np)	out of the cage	from a shelf	out of the cage	from a shelf
1560	2668	phrasal_IN	pp	(s:ng\np)\(s:ng\np)	of the cage	from a shelf	of the cage	from a shelf
1561	2678	NP	NN	NN	car	man	car	man
1562	2678	NP	NN	NN	garage	man	garage	man
1563	2678	NP	NN	NN	garage	car	garage	car
1564	2678	phrasal_IN	(s:ng\np)\(s:ng\np)	pp	in a garage	into a car	in a garage	into a car
1565	2679	VP	VBG	VBG	parking	getting	park	get
1566	2687	NP	NN	NN	person	clove	person	clove
1567	2687	NP	NN	NN	person	garlic	person	garlic
1568	2687	NP	NN	n	person	clove of garlic into pieces	person	clove of garlic into piece
1569	2687	NP	NN	n	person	garlic into pieces	person	garlic into piece
1570	2687	NP	NN	NN	clove	person	clove	person
1571	2687	NP	NN	NN	clove	garlic	clove	garlic
1572	2687	NP	NN	NNS	clove	pieces	clove	piece
1573	2687	NP	NN	n	clove	clove of garlic into pieces	clove	clove of garlic into piece
1574	2687	NP	NN	n	clove	garlic into pieces	clove	garlic into piece
1575	2687	NP	NN	NN	garlic	person	garlic	person
1576	2687	NP	NN	NN	garlic	clove	garlic	clove
1577	2687	NP	NN	NNS	garlic	pieces	garlic	piece
1578	2687	NP	NN	n	garlic	clove of garlic into pieces	garlic	clove of garlic into piece
1579	2687	NP	NN	n	garlic	garlic into pieces	garlic	garlic into piece
1580	2687	NP	NNS	NN	pieces	clove	piece	clove
1581	2687	NP	NNS	NN	pieces	garlic	piece	garlic
1582	2687	NP	NNS	n	pieces	clove of garlic into pieces	piece	clove of garlic into piece
1583	2687	NP	NNS	n	pieces	garlic into pieces	piece	garlic into piece
1584	2687	NP	n	NN	clove of garlic into pieces	person	clove of garlic into piece	person
1585	2687	NP	n	NN	clove of garlic into pieces	clove	clove of garlic into piece	clove
1586	2687	NP	n	NN	clove of garlic into pieces	garlic	clove of garlic into piece	garlic
1587	2687	NP	n	NNS	clove of garlic into pieces	pieces	clove of garlic into piece	piece
1588	2687	NP	n	n	clove of garlic into pieces	garlic into pieces	clove of garlic into piece	garlic into piece
1589	2687	NP	n	NN	garlic into pieces	person	garlic into piece	person
1590	2687	NP	n	NN	garlic into pieces	clove	garlic into piece	clove
1591	2687	NP	n	NN	garlic into pieces	garlic	garlic into piece	garlic
1592	2687	NP	n	NNS	garlic into pieces	pieces	garlic into piece	piece
1593	2687	NP	n	n	garlic into pieces	clove of garlic into pieces	garlic into piece	clove of garlic into piece
1594	2704	NP	NNS	NN	Noodles	woman	noodle	woman
1595	2704	NP	NNS	NNS	Noodles	noodles	noodle	noodle
1596	2704	NP	NNS	NN	Noodles	water	noodle	water
1597	2704	VP	VBN	VBG	boiled	boiling	boil	boil
1598	2704	NP	NN	NN	water	woman	water	woman
1599	2704	NP	NN	NNS	water	noodles	water	noodle
1600	2704	NP	NN	NNS	woman	noodles	woman	noodle
1601	2704	NP	NN	NN	woman	water	woman	water
1602	2704	phrasal_IN	(s:pss\np)\(s:pss\np)	(s:ng\np)\(s:ng\np)	by a woman	in water	by a woman	in water
1603	2712	phrasal_JJ	JJ	JJ	karate	protective	karate	protective
1604	2712	NP	NN	NN	practitioner	man	practitioner	man
1605	2712	NP	NN	NN	practitioner	boxing	practitioner	boxing
1606	2712	NP	NN	NNS	practitioner	gloves	practitioner	glove
1607	2712	NP	NN	n	practitioner	karate practitioner	practitioner	karate practitioner
1608	2712	NP	NN	n	practitioner	protective boxing gloves	practitioner	protective boxing glove
1609	2712	VP	VBG	VBG	kicking	wearing	kick	wear
1610	2712	NP	NN	NN	man	practitioner	man	practitioner
1611	2712	NP	NN	NN	man	boxing	man	boxing
1612	2712	NP	NN	NNS	man	gloves	man	glove
1613	2712	NP	NN	n	man	karate practitioner	man	karate practitioner
1614	2712	NP	NN	n	man	protective boxing gloves	man	protective boxing glove
1615	2712	VP	VBG	VBG	wearing	kicking	wear	kick
1616	2712	phrasal_JJ	JJ	JJ	protective	karate	protective	karate
1617	2712	NP	NN	NN	boxing	practitioner	boxing	practitioner
1618	2712	NP	NN	NN	boxing	man	boxing	man
1619	2712	NP	NN	NNS	boxing	gloves	boxing	glove
1620	2712	NP	NN	n	boxing	karate practitioner	boxing	karate practitioner
1621	2712	NP	NN	n	boxing	protective boxing gloves	boxing	protective boxing glove
1622	2712	NP	NNS	NN	gloves	practitioner	glove	practitioner
1623	2712	NP	NNS	NN	gloves	man	glove	man
1624	2712	NP	NNS	NN	gloves	boxing	glove	boxing
1625	2712	NP	NNS	n	gloves	karate practitioner	glove	karate practitioner
1626	2712	NP	NNS	n	gloves	protective boxing gloves	glove	protective boxing glove
1627	2712	NP	n	NN	protective boxing gloves	practitioner	protective boxing glove	practitioner
1628	2712	NP	n	NN	protective boxing gloves	man	protective boxing glove	man
1629	2712	NP	n	NN	protective boxing gloves	boxing	protective boxing glove	boxing
1630	2712	NP	n	NNS	protective boxing gloves	gloves	protective boxing glove	glove
1631	2712	NP	n	n	protective boxing gloves	karate practitioner	protective boxing glove	karate practitioner
1632	2720	NP	NN	NN	kick	practitioner	kick	practitioner
1633	2720	NP	NN	NN	kick	man	kick	man
1634	2720	NP	NN	NN	kick	boxing	kick	boxing
1635	2720	NP	NN	NNS	kick	gloves	kick	glove
1636	2720	NP	NN	n	kick	protective boxing gloves	kick	protective boxing glove
1637	2720	VP	VBG	VBG	boxing	kicking	box	kick
1638	2720	VP	VBG	VBG	boxing	wearing	box	wear
1639	2720	NP	NN	NN	trainer	practitioner	trainer	practitioner
1640	2720	NP	NN	NN	trainer	man	trainer	man
1641	2720	NP	NN	NN	trainer	boxing	trainer	boxing
1642	2720	NP	NN	NNS	trainer	gloves	trainer	glove
1643	2720	NP	NN	n	trainer	protective boxing gloves	trainer	protective boxing glove
1644	2720	NP	n	NN	kick boxing with a trainer	practitioner	kick box with a trainer	practitioner
1645	2720	NP	n	NN	kick boxing with a trainer	man	kick box with a trainer	man
1646	2720	NP	n	NN	kick boxing with a trainer	boxing	kick box with a trainer	boxing
1647	2720	NP	n	NNS	kick boxing with a trainer	gloves	kick box with a trainer	glove
1648	2720	NP	n	n	kick boxing with a trainer	protective boxing gloves	kick box with a trainer	protective boxing glove
1649	2721	NP	NN	n	kick	karate practitioner	kick	karate practitioner
1650	2721	NP	NN	n	trainer	karate practitioner	trainer	karate practitioner
1651	2721	NP	n	n	kick boxing with a trainer	karate practitioner	kick box with a trainer	karate practitioner
1652	2722	NP	NN	NN	woman	song	woman	song
1653	2722	NP	NN	NN	woman	guitar	woman	guitar
1654	2722	NP	NN	n	woman	seated woman	woman	seat woman
1655	2722	VP	VBN	VBG	seated	singing	seat	sing
1656	2722	VP	VBN	VBG	seated	playing	seat	play
1657	2722	VP	VBG	VBN	singing	seated	sing	seat
1658	2722	VP	VBG	VBG	singing	playing	sing	play
1659	2722	NP	NN	NN	song	woman	song	woman
1660	2722	NP	NN	NN	song	guitar	song	guitar
1661	2722	NP	NN	n	song	seated woman	song	seat woman
1662	2722	VP	VBG	VBN	playing	seated	play	seat
1663	2722	VP	VBG	VBG	playing	singing	play	sing
1664	2722	NP	NN	NN	guitar	woman	guitar	woman
1665	2722	NP	NN	NN	guitar	song	guitar	song
1666	2722	NP	NN	n	guitar	seated woman	guitar	seat woman
1667	2726	NP	NN	NN	woman	blanket	woman	blanket
1668	2726	NP	NN	NN	woman	book	woman	book
1669	2726	NP	NN	n	woman	blanket lying	woman	blanket lie
1670	2726	NP	NN	n	woman	someone reading a book	woman	someone read a book
1671	2726	NP	NN	NN	rock	woman	rock	woman
1672	2726	NP	NN	NN	rock	blanket	rock	blanket
1673	2726	NP	NN	NN	rock	book	rock	book
1674	2726	NP	NN	n	rock	blanket lying	rock	blanket lie
1675	2726	NP	NN	n	rock	someone reading a book	rock	someone read a book
1676	2726	VP	VBG	VBG	lying	rocking	lie	rock
1677	2726	VP	VBG	VBG	lying	reading	lie	read
1678	2726	NP	NN	NN	blanket	woman	blanket	woman
1679	2726	NP	NN	NN	blanket	book	blanket	book
1680	2726	NP	NN	n	blanket	blanket lying	blanket	blanket lie
1681	2726	NP	NN	n	blanket	someone reading a book	blanket	someone read a book
1682	2726	VP	VBG	VBG	reading	rocking	read	rock
1683	2726	VP	VBG	VBG	reading	lying	read	lie
1684	2726	NP	NN	NN	book	woman	book	woman
1685	2726	NP	NN	NN	book	blanket	book	blanket
1686	2726	NP	NN	n	book	blanket lying	book	blanket lie
1687	2726	NP	NN	n	book	someone reading a book	book	someone read a book
1688	2726	NP	n	NN	woman on a rock	woman	woman on a rock	woman
1689	2726	NP	n	NN	woman on a rock	blanket	woman on a rock	blanket
1690	2726	NP	n	NN	woman on a rock	book	woman on a rock	book
1691	2726	NP	n	n	woman on a rock	blanket lying	woman on a rock	blanket lie
1692	2726	NP	n	n	woman on a rock	someone reading a book	woman on a rock	someone read a book
1693	2726	phrasal_IN	pp	(s:ng\np)\(s:ng\np)	on a blanket	over a blanket lying	on a blanket	over a blanket lie
1694	2726	phrasal_IN	pp	pp	on a blanket	on someone reading a book	on a blanket	on someone read a book
1695	2738	NP	NN	n	woman	acoustic guitar	woman	acoustic guitar
1696	2738	phrasal_JJ	JJ	JJ	electric	acoustic	electric	acoustic
1697	2738	NP	NN	n	guitar	acoustic guitar	guitar	acoustic guitar
1698	2738	NP	n	n	electric guitar	acoustic guitar	electric guitar	acoustic guitar
1699	2766	VP	VBG	VBG	talking	eating	talk	eat
1700	2766	NP	n	NN	man and woman	man	man and woman	man
1701	2766	NP	n	NN	man and woman	woman	man and woman	woman
1702	2772	NP	NN	NN	person	oil	person	oil
1703	2772	NP	NN	NN	person	pot	person	pot
1704	2772	NP	NN	n	person	cooking oil	person	cooking oil
1705	2772	NP	NN	NN	oil	person	oil	person
1706	2772	NP	NN	NN	oil	pot	oil	pot
1707	2772	NP	NN	n	oil	cooking oil	oil	cooking oil
1708	2772	NP	NN	NN	cooking	person	cooking	person
1709	2772	NP	NN	NN	cooking	oil	cooking	oil
1710	2772	NP	NN	NN	cooking	pot	cooking	pot
1711	2772	NP	NN	n	cooking	cooking oil	cooking	cooking oil
1712	2772	NP	NN	NN	pot	person	pot	person
1713	2772	NP	NN	NN	pot	oil	pot	oil
1714	2772	NP	NN	n	pot	cooking oil	pot	cooking oil
1715	2772	phrasal_IN	pp	pp	for cooking into a pot	into a pot	for cooking into a pot	into a pot
1716	2772	NP	n	NN	cooking into a pot	person	cooking into a pot	person
1717	2772	NP	n	NN	cooking into a pot	oil	cooking into a pot	oil
1718	2772	NP	n	NN	cooking into a pot	pot	cooking into a pot	pot
1719	2772	NP	n	n	cooking into a pot	cooking oil	cooking into a pot	cooking oil
1720	2791	NP	NN	NN	guinea	pig	guinea	pig
1721	2791	NP	NN	NN	guinea	piece	guinea	piece
1722	2791	NP	NN	NN	guinea	carrot	guinea	carrot
1723	2791	NP	NN	NN	guinea	floor	guinea	floor
1724	2791	NP	NN	n	guinea	small guinea pig	guinea	small guinea pig
1725	2791	NP	NN	n	guinea	piece of carrot	guinea	piece of carrot
1726	2791	NP	NN	NN	pig	guinea	pig	guinea
1727	2791	NP	NN	NN	pig	piece	pig	piece
1728	2791	NP	NN	NN	pig	carrot	pig	carrot
1729	2791	NP	NN	NN	pig	floor	pig	floor
1730	2791	NP	NN	n	pig	small guinea pig	pig	small guinea pig
1731	2791	NP	NN	n	pig	piece of carrot	pig	piece of carrot
1732	2791	VP	VBG	VBG	gnawing	eating	gnaw	eat
1733	2791	VP	VBG	VBG	eating	gnawing	eat	gnaw
1734	2791	NP	NN	NN	piece	guinea	piece	guinea
1735	2791	NP	NN	NN	piece	pig	piece	pig
1736	2791	NP	NN	NN	piece	carrot	piece	carrot
1737	2791	NP	NN	NN	piece	floor	piece	floor
1738	2791	NP	NN	n	piece	small guinea pig	piece	small guinea pig
1739	2791	NP	NN	n	piece	piece of carrot	piece	piece of carrot
1740	2791	NP	NN	NN	carrot	guinea	carrot	guinea
1741	2791	NP	NN	NN	carrot	pig	carrot	pig
1742	2791	NP	NN	NN	carrot	piece	carrot	piece
1743	2791	NP	NN	NN	carrot	floor	carrot	floor
1744	2791	NP	NN	n	carrot	small guinea pig	carrot	small guinea pig
1745	2791	NP	NN	n	carrot	piece of carrot	carrot	piece of carrot
1746	2791	NP	NN	NN	floor	guinea	floor	guinea
1747	2791	NP	NN	NN	floor	pig	floor	pig
1748	2791	NP	NN	NN	floor	piece	floor	piece
1749	2791	NP	NN	NN	floor	carrot	floor	carrot
1750	2791	NP	NN	n	floor	small guinea pig	floor	small guinea pig
1751	2791	NP	NN	n	floor	piece of carrot	floor	piece of carrot
1752	2791	NP	n	NN	guinea pig	guinea	guinea pig	guinea
1753	2791	NP	n	NN	guinea pig	pig	guinea pig	pig
1754	2791	NP	n	NN	guinea pig	piece	guinea pig	piece
1755	2791	NP	n	NN	guinea pig	carrot	guinea pig	carrot
1756	2791	NP	n	NN	guinea pig	floor	guinea pig	floor
1757	2791	NP	n	n	guinea pig	small guinea pig	guinea pig	small guinea pig
1758	2791	NP	n	n	guinea pig	piece of carrot	guinea pig	piece of carrot
1759	2791	NP	n	NN	piece of carrot	guinea	piece of carrot	guinea
1760	2791	NP	n	NN	piece of carrot	pig	piece of carrot	pig
1761	2791	NP	n	NN	piece of carrot	piece	piece of carrot	piece
1762	2791	NP	n	NN	piece of carrot	carrot	piece of carrot	carrot
1763	2791	NP	n	NN	piece of carrot	floor	piece of carrot	floor
1764	2791	NP	n	n	piece of carrot	small guinea pig	piece of carrot	small guinea pig
1765	2795	NP	NN	n	guinea	guinea pig	guinea	guinea pig
1766	2795	NP	NN	n	pig	guinea pig	pig	guinea pig
1767	2795	VP	VBG	VBG	gnawing	devouring	gnaw	devour
1768	2795	VP	VBG	VBG	eating	devouring	eat	devour
1769	2795	NP	NN	n	piece	guinea pig	piece	guinea pig
1770	2795	NP	NN	n	carrot	guinea pig	carrot	guinea pig
1771	2795	NP	NN	n	floor	guinea pig	floor	guinea pig
1772	2795	NP	n	NN	small guinea pig	guinea	small guinea pig	guinea
1773	2795	NP	n	NN	small guinea pig	pig	small guinea pig	pig
1774	2795	NP	n	NN	small guinea pig	carrot	small guinea pig	carrot
1775	2795	NP	n	n	small guinea pig	guinea pig	small guinea pig	guinea pig
1776	2795	NP	n	n	piece of carrot	guinea pig	piece of carrot	guinea pig
1777	2812	NP	NN	NN	plane	airplane	plane	airplane
1778	2812	NP	NN	n	plane	animated airplane	plane	animated airplane
1779	2812	VP	VBG	VBG	landing	taking	land	take
1780	2822	NP	NN	NN	woman	egg	woman	egg
1781	2822	NP	NN	NN	woman	skillet	woman	skillet
1782	2822	VP	VBG	VBG	taking	preparing	take	prepare
1783	2822	NP	NN	NN	mixture	woman	mixture	woman
1784	2822	NP	NN	NN	mixture	egg	mixture	egg
1785	2822	NP	NN	NN	mixture	skillet	mixture	skillet
1786	2822	NP	NN	NN	bowl	woman	bowl	woman
1787	2822	NP	NN	NN	bowl	egg	bowl	egg
1788	2822	NP	NN	NN	bowl	skillet	bowl	skillet
1789	2822	phrasal_IN	pp	pp	out of a bowl	in a skillet	out of a bowl	in a skillet
1790	2822	phrasal_IN	pp	pp	of a bowl	in a skillet	of a bowl	in a skillet
1791	2829	NP	NN	NN	lady	eyeshadow	lady	eyeshadow
1792	2829	NP	NN	NN	eyeshadow	woman	eyeshadow	woman
1793	2842	NP	NN	NN	girl	piano	girl	piano
1794	2842	VP	VBG	VBG	playing	practicing	play	practice
1795	2842	NP	NN	NN	piano	girl	piano	girl
1796	2842	NP	NN	NN	stage	girl	stage	girl
1797	2842	NP	NN	NN	stage	piano	stage	piano
1798	2842	NP	n	NN	little girl	girl	little girl	girl
1799	2842	NP	n	NN	little girl	piano	little girl	piano
1800	2842	NP	n	NN	grand piano	girl	grand piano	girl
1801	2842	NP	n	NN	grand piano	piano	grand piano	piano
1802	2886	NP	NN	NN	woman	flute	woman	flute
1803	2886	NP	NN	NN	flute	woman	flute	woman
1804	2898	NP	NN	NNS	man	weights	man	weight
1805	2898	NP	NNS	NN	barbells	man	barbell	man
1806	2898	NP	NNS	NNS	barbells	weights	barbell	weight
1807	2911	NP	NN	NN	woman	makeup	woman	makeup
1808	2911	NP	NN	n	woman	woman putting on makeup	woman	woman put on makeup
1809	2911	NP	NN	NN	makeup	woman	makeup	woman
1810	2911	NP	NN	n	makeup	woman putting on makeup	makeup	woman put on makeup
1811	2932	NP	NN	NN	woman	onion	woman	onion
1812	2932	VP	VBG	VBN	cutting	sliced	cut	slice
1813	2932	NP	NN	NN	carrot	onion	carrot	onion
1814	2932	NP	NN	NN	carrot	woman	carrot	woman
1815	2936	NP	NNS	NNS	men	cattle	man	cattle
1816	2936	NP	NNS	NN	men	pen	man	pen
1817	2936	NP	NNS	n	men	Two men	man	two man
1818	2936	NP	NNS	n	men	cattle pen	man	cattle pen
1819	2936	NP	NNS	NNS	cattle	men	cattle	man
1820	2936	NP	NNS	NN	cattle	pen	cattle	pen
1821	2936	NP	NNS	n	cattle	Two men	cattle	two man
1822	2936	NP	NNS	n	cattle	cattle pen	cattle	cattle pen
1823	2936	NP	NN	NNS	pen	men	pen	man
1824	2936	NP	NN	NNS	pen	cattle	pen	cattle
1825	2936	NP	NN	n	pen	Two men	pen	two man
1826	2936	NP	NN	n	pen	cattle pen	pen	cattle pen
1827	2936	NP	n	NNS	Two men	cattle	two man	cattle
1828	2936	NP	n	NN	Two men	pen	two man	pen
1829	2936	NP	n	n	Two men	cattle pen	two man	cattle pen
1830	2936	phrasal_IN	pp	pp	in a cattle pen	outside a cattle pen	in a cattle pen	outside a cattle pen
1831	2936	NP	n	NNS	cattle pen	men	cattle pen	man
1832	2936	NP	n	NNS	cattle pen	cattle	cattle pen	cattle
1833	2936	NP	n	NN	cattle pen	pen	cattle pen	pen
1834	2936	NP	n	n	cattle pen	Two men	cattle pen	two man
1835	2965	phrasal_JJ	JJ	JJ	big	green	big	green
1836	2965	phrasal_JJ	JJ	JJ	green	big	green	big
1837	2965	NP	NN	NN	ball	potato	ball	potato
1838	2965	NP	NN	n	ball	big green ball	ball	big green ball
1839	2965	VP	VBG	VBG	missing	knocking	miss	knock
1840	2965	NP	NN	NN	potato	ball	potato	ball
1841	2965	NP	NN	n	potato	big green ball	potato	big green ball
1842	2965	NP	n	NN	big green ball	ball	big green ball	ball
1843	2965	NP	n	NN	big green ball	potato	big green ball	potato
1844	2967	phrasal_JJ	JJ	JJ	large	green	large	green
1845	2967	phrasal_JJ	JJ	JJ	green	large	green	large
1846	2967	NP	NN	n	ball	large green colored ball	ball	large green color ball
1847	2967	VP	VBG	VBN	hitting	colored	hit	color
1848	2967	NP	NN	n	potato	large green colored ball	potato	large green color ball
1849	2967	NP	n	NN	large green ball	ball	large green ball	ball
1850	2967	NP	n	NN	large green ball	potato	large green ball	potato
1851	2967	NP	n	n	large green ball	large green colored ball	large green ball	large green color ball
1852	2968	NP	NN	n	ball	large green ball	ball	large green ball
1853	2968	VP	VBG	VBG	missing	hitting	miss	hit
1854	2968	NP	NN	n	potato	large green ball	potato	large green ball
1855	2972	phrasal_JJ	JJ	JJ	large	big	large	big
1856	2972	VP	VBG	VBG	hitting	missing	hit	miss
1857	2972	NP	n	n	large green ball	big green ball	large green ball	big green ball
1858	2996	VP	VBG	VBG	playing	laying	play	lay
1859	3036	NP	NN	NN	puppy	plastic	puppy	plastic
1860	3036	NP	NN	NN	puppy	container	puppy	container
1861	3036	NP	NN	n	puppy	plastic container	puppy	plastic container
1862	3036	NP	NN	NN	plastic	puppy	plastic	puppy
1863	3036	NP	NN	n	plastic	plastic container	plastic	plastic container
1864	3036	NP	NN	NN	container	puppy	container	puppy
1865	3036	NP	NN	n	container	plastic container	container	plastic container
1866	3036	NP	n	NN	plastic container	puppy	plastic container	puppy
1867	3036	NP	n	NN	plastic container	plastic	plastic container	plastic
1868	3036	NP	n	NN	plastic container	container	plastic container	container
1869	3061	NP	NN	NN	woman	car	woman	car
1870	3061	NP	NN	n	woman	man seated beside her	woman	man seat beside she
1871	3061	VP	VBG	VBG	driving	talking	drive	talk
1872	3061	VP	VBG	VBN	driving	seated	drive	seat
1873	3061	NP	NN	NN	car	woman	car	woman
1874	3061	NP	NN	n	car	man seated beside her	car	man seat beside she
1875	3061	VP	VBG	VBG	talking	driving	talk	drive
1876	3061	VP	VBG	VBN	talking	seated	talk	seat
1877	3061	NP	NN	n	man	man seated beside her	man	man seat beside she
1878	3061	VP	VBN	VBG	seated	driving	seat	drive
1879	3061	VP	VBN	VBG	seated	talking	seat	talk
1880	3107	NP	NN	NN	man	floor	man	floor
1881	3107	NP	NN	NN	man	room	man	room
1882	3107	VP	VBG	VBG	flooring	sitting	floor	sit
1883	3107	VP	VBG	VBG	flooring	strumming	floor	strum
1884	3107	VP	VBG	VBG	sitting	strumming	sit	strum
1885	3107	NP	NN	NN	guitar	floor	guitar	floor
1886	3107	NP	NN	NN	guitar	room	guitar	room
1887	3107	NP	NN	NN	player	man	player	man
1888	3107	NP	NN	NN	player	floor	player	floor
1889	3107	NP	NN	NN	player	room	player	room
1890	3107	NP	NN	NN	player	guitar	player	guitar
1891	3107	NP	n	NN	sitting guitar player	man	sit guitar player	man
1892	3107	NP	n	NN	sitting guitar player	floor	sit guitar player	floor
1893	3107	NP	n	NN	sitting guitar player	room	sit guitar player	room
1894	3107	NP	n	NN	sitting guitar player	guitar	sit guitar player	guitar
1895	3122	NP	NN	NNS	woman	cosmetics	woman	cosmetic
1896	3122	NP	NN	NN	woman	eyelid	woman	eyelid
1897	3122	VP	VBG	VBG	using	applying	use	apply
1898	3122	NP	NN	NN	pencil	woman	pencil	woman
1899	3122	NP	NN	NNS	pencil	cosmetics	pencil	cosmetic
1900	3122	NP	NN	NN	pencil	eyelid	pencil	eyelid
1901	3122	NP	NNS	NN	eyes	woman	eye	woman
1902	3122	NP	NNS	NNS	eyes	cosmetics	eye	cosmetic
1903	3122	NP	NNS	NN	eyes	eyelid	eye	eyelid
1904	3122	NP	NN	NN	eye	woman	eye	woman
1905	3122	NP	NN	NNS	eye	cosmetics	eye	cosmetic
1906	3122	NP	NN	NN	eye	eyelid	eye	eyelid
1907	3122	NP	NN	NN	liner	woman	liner	woman
1908	3122	NP	NN	NNS	liner	cosmetics	liner	cosmetic
1909	3122	NP	NN	NN	liner	eyelid	liner	eyelid
1910	3122	NP	NN	NN	eyelid	woman	eyelid	woman
1911	3122	NP	NN	NNS	eyelid	cosmetics	eyelid	cosmetic
1912	3122	NP	n	NN	eye liner	woman	eye liner	woman
1913	3122	NP	n	NNS	eye liner	cosmetics	eye liner	cosmetic
1914	3122	NP	n	NN	eye liner	eyelid	eye liner	eyelid
1915	3123	NP	n	NN	eye pencil	woman	eye pencil	woman
1916	3123	NP	n	NNS	eye pencil	cosmetics	eye pencil	cosmetic
1917	3123	NP	n	NN	eye pencil	eyelid	eye pencil	eyelid
1918	3143	NP	NN	NNS	monkey	arts	monkey	art
1919	3143	NP	NN	n	monkey	martial arts	monkey	martial art
1920	3143	VP	VBG	VBG	kicking	practicing	kick	practice
1921	3143	NP	NN	NN	person	monkey	person	monkey
1922	3143	NP	NN	NNS	person	arts	person	art
1923	3143	NP	NN	n	person	martial arts	person	martial art
1924	3143	NP	NN	NN	glove	monkey	glove	monkey
1925	3143	NP	NN	NNS	glove	arts	glove	art
1926	3143	NP	NN	n	glove	martial arts	glove	martial art
1927	3174	NP	NN	NN	kid	wind	kid	wind
1928	3174	NP	NN	NN	kid	instrument	kid	instrument
1929	3174	NP	NN	n	kid	young boy	kid	young boy
1930	3174	NP	NN	n	kid	wind instrument	kid	wind instrument
1931	3174	VP	VBG	VBG	throwing	playing	throw	play
1932	3174	NP	NN	NN	instrument	boy	instrument	boy
1933	3174	NP	NN	NN	instrument	wind	instrument	wind
1934	3174	NP	NN	n	instrument	young boy	instrument	young boy
1935	3174	NP	NN	n	instrument	wind instrument	instrument	wind instrument
1936	3181	VP	VBG	VBG	trekking	hiking	trek	hike
1937	3222	NP	NN	NN	boy	bridge	boy	bridge
1938	3222	NP	NN	NN	bridge	boy	bridge	boy
1939	3222	NP	n	NN	boy walking across a bridge	boy	boy walk across a bridge	boy
1940	3222	NP	n	NN	boy walking across a bridge	bridge	boy walk across a bridge	bridge
1941	3250	NP	NN	NNS	woman	eggs	woman	egg
1942	3250	NP	NN	NN	woman	pot	woman	pot
1943	3250	NP	NN	n	woman	two eggs	woman	two egg
1944	3250	NP	NN	n	woman	pot of water	woman	pot of water
1945	3250	VP	VBG	VBG	placing	putting	place	put
1946	3250	NP	NNS	NN	eggs	woman	egg	woman
1947	3250	NP	NNS	NN	eggs	pot	egg	pot
1948	3250	NP	NNS	NN	eggs	water	egg	water
1949	3250	NP	NNS	n	eggs	two eggs	egg	two egg
1950	3250	NP	NNS	n	eggs	pot of water	egg	pot of water
1951	3250	NP	NN	NN	pot	woman	pot	woman
1952	3250	NP	NN	NNS	pot	eggs	pot	egg
1953	3250	NP	NN	NN	pot	water	pot	water
1954	3250	NP	NN	n	pot	two eggs	pot	two egg
1955	3250	NP	NN	n	pot	pot of water	pot	pot of water
1956	3250	NP	NN	NNS	water	eggs	water	egg
1957	3250	NP	NN	NN	water	pot	water	pot
1958	3250	NP	NN	n	water	two eggs	water	two egg
1959	3250	NP	NN	n	water	pot of water	water	pot of water
1960	3250	NP	n	NN	pot of water	woman	pot of water	woman
1961	3250	NP	n	NNS	pot of water	eggs	pot of water	egg
1962	3250	NP	n	NN	pot of water	pot	pot of water	pot
1963	3250	NP	n	NN	pot of water	water	pot of water	water
1964	3250	NP	n	n	pot of water	two eggs	pot of water	two egg
1965	3275	NP	NN	NN	child	ocean	child	ocean
1966	3275	NP	NN	NNS	child	waves	child	wave
1967	3275	NP	NN	n	child	ocean waves	child	ocean wave
1968	3275	NP	NNS	NN	waves	child	wave	child
1969	3275	NP	NNS	NN	waves	ocean	wave	ocean
1970	3275	NP	NNS	n	waves	ocean waves	wave	ocean wave
1971	3275	NP	NN	NN	ocean	child	ocean	child
1972	3275	NP	NN	NNS	ocean	waves	ocean	wave
1973	3275	NP	NN	n	ocean	ocean waves	ocean	ocean wave
1974	3275	NP	n	NN	waves of the ocean	child	wave of the ocean	child
1975	3275	NP	n	NN	waves of the ocean	ocean	wave of the ocean	ocean
1976	3275	NP	n	NNS	waves of the ocean	waves	wave of the ocean	wave
1977	3275	NP	n	n	waves of the ocean	ocean waves	wave of the ocean	ocean wave
1978	3291	NP	NN	NN	woman	pork	woman	pork
1979	3291	NP	NN	NN	woman	chop	woman	chop
1980	3291	NP	NN	n	woman	pork chop	woman	pork chop
1981	3291	VP	VBG	VBG	putting	coating	put	coat
1982	3291	NP	NNS	NN	carrots	woman	carrot	woman
1983	3291	NP	NNS	NN	carrots	pork	carrot	pork
1984	3291	NP	NNS	NN	carrots	chop	carrot	chop
1985	3291	NP	NNS	n	carrots	pork chop	carrot	pork chop
1986	3292	NP	NN	NN	woman	cook	woman	cook
1987	3292	VP	VBG	VBG	grating	coating	grate	coat
1988	3292	NP	NNS	NN	carrots	cook	carrot	cook
1989	3322	NP	NN	n	woman	breaded pork chop	woman	breaded pork chop
1990	3322	VP	VBG	VBG	chopping	cooking	chop	cook
1991	3322	NP	NN	NN	bread	woman	bread	woman
1992	3322	NP	NN	NN	bread	pork	bread	pork
1993	3322	NP	NN	NN	bread	chop	bread	chop
1994	3322	NP	NN	n	bread	breaded pork chop	bread	breaded pork chop
1995	3322	phrasal_JJ	JJ	JJ	fried	breaded	fried	breaded
1996	3322	NP	NN	NN	pork	woman	pork	woman
1997	3322	NP	NN	NN	pork	chop	pork	chop
1998	3322	NP	NN	n	pork	breaded pork chop	pork	breaded pork chop
1999	3322	NP	n	NN	bread and fried pork	woman	bread and fried pork	woman
2000	3322	NP	n	NN	bread and fried pork	pork	bread and fried pork	pork
2001	3322	NP	n	NN	bread and fried pork	chop	bread and fried pork	chop
2002	3322	NP	n	n	bread and fried pork	breaded pork chop	bread and fried pork	breaded pork chop
2003	3322	NP	n	NN	fried pork	woman	fried pork	woman
2004	3322	NP	n	NN	fried pork	pork	fried pork	pork
2005	3322	NP	n	NN	fried pork	chop	fried pork	chop
2006	3322	NP	n	n	fried pork	breaded pork chop	fried pork	breaded pork chop
2007	3338	NP	NN	NN	man	roof	man	roof
2008	3338	NP	NN	NN	man	top	man	top
2009	3338	NP	NN	NN	man	violin	man	violin
2010	3338	NP	NN	n	man	roof top	man	roof top
2011	3338	VP	VBG	VBG	standing	playing	stand	play
2012	3338	NP	NN	NN	roof	man	roof	man
2013	3338	NP	NN	NN	roof	top	roof	top
2014	3338	NP	NN	NN	roof	violin	roof	violin
2015	3338	NP	NN	n	roof	roof top	roof	roof top
2016	3338	NP	NN	NN	top	man	top	man
2017	3338	NP	NN	NN	top	roof	top	roof
2018	3338	NP	NN	NN	top	violin	top	violin
2019	3338	NP	NN	n	top	roof top	top	roof top
2020	3338	VP	VBG	VBG	playing	standing	play	stand
2021	3338	NP	NN	NN	violin	man	violin	man
2022	3338	NP	NN	NN	violin	roof	violin	roof
2023	3338	NP	NN	NN	violin	top	violin	top
2024	3338	NP	NN	n	violin	roof top	violin	roof top
2025	3338	NP	n	NN	roof top	man	roof top	man
2026	3338	NP	n	NN	roof top	roof	roof top	roof
2027	3338	NP	n	NN	roof top	top	roof top	top
2028	3338	NP	n	NN	roof top	violin	roof top	violin
2029	3364	NP	NN	NN	woman	shrimp	woman	shrimp
2030	3364	NP	NN	NN	shrimp	woman	shrimp	woman
2031	3373	NP	NN	NN	woman	scooter	woman	scooter
2032	3373	NP	NN	n	woman	scooter for water	woman	scooter for water
2033	3373	NP	NN	NN	water	scooter	water	scooter
2034	3373	NP	NN	n	water	scooter for water	water	scooter for water
2035	3373	NP	NN	NN	scooter	woman	scooter	woman
2036	3373	NP	NN	NN	scooter	water	scooter	water
2037	3373	NP	NN	n	scooter	scooter for water	scooter	scooter for water
2038	3373	NP	n	NN	water scooter	woman	water scooter	woman
2039	3373	NP	n	NN	water scooter	scooter	water scooter	scooter
2040	3373	NP	n	NN	water scooter	water	water scooter	water
2041	3373	NP	n	n	water scooter	scooter for water	water scooter	scooter for water
2042	3384	NP	NN	NN	panda	bamboo	panda	bamboo
2043	3384	NP	NN	NN	panda	bear	panda	bear
2044	3384	NP	NN	n	panda	panda bear	panda	panda bear
2045	3384	NP	NN	NN	bear	bamboo	bear	bamboo
2046	3384	NP	NN	NN	bear	panda	bear	panda
2047	3384	NP	NN	n	bear	panda bear	bear	panda bear
2048	3384	VP	VBG	VBN	eating	eaten	eat	eat
2049	3384	NP	NN	NN	bamboo	panda	bamboo	panda
2050	3384	NP	NN	NN	bamboo	bear	bamboo	bear
2051	3384	NP	NN	n	bamboo	panda bear	bamboo	panda bear
2052	3384	NP	n	NN	panda bear	bamboo	panda bear	bamboo
2053	3384	NP	n	NN	panda bear	panda	panda bear	panda
2054	3384	NP	n	NN	panda bear	bear	panda bear	bear
2055	3398	VP	VBG	VBG	beating	stirring	beat	stir
2056	3398	NP	NN	NN	egg	woman	egg	woman
2057	3398	NP	NN	NNS	egg	eggs	egg	egg
2058	3398	NP	NN	NN	egg	bowl	egg	bowl
2059	3420	NP	NN	NN	woman	fish	woman	fish
2060	3420	NP	NN	n	woman	big fish	woman	big fish
2061	3420	VP	VBG	VBG	deboning	catching	debon	catch
2062	3420	NP	NN	NN	fish	man	fish	man
2063	3420	NP	NN	n	fish	big fish	fish	big fish
2064	3433	NP	NN	NN	tray	person	tray	person
2065	3433	VP	VBN	VBG	buttered	buttering	butter	butter
2066	3433	NP	NN	NN	person	tray	person	tray
2067	3459	NP	NN	NN	man	log	man	log
2068	3459	NP	NN	NN	man	axe	man	axe
2069	3459	NP	NN	n	man	log with an axe	man	log with an axe
2070	3459	NP	NN	NN	tree	man	tree	man
2071	3459	NP	NN	NN	tree	log	tree	log
2072	3459	NP	NN	NN	tree	axe	tree	axe
2073	3459	NP	NN	n	tree	log with an axe	tree	log with an axe
2074	3459	NP	NN	NN	trunk	man	trunk	man
2075	3459	NP	NN	NN	trunk	log	trunk	log
2076	3459	NP	NN	NN	trunk	axe	trunk	axe
2077	3459	NP	NN	n	trunk	log with an axe	trunk	log with an axe
2078	3459	NP	NN	NN	axe	man	axe	man
2079	3459	NP	NN	NN	axe	log	axe	log
2080	3459	NP	NN	n	axe	log with an axe	axe	log with an axe
2081	3459	NP	n	NN	tree trunk with an axe	man	tree trunk with an axe	man
2082	3459	NP	n	NN	tree trunk with an axe	log	tree trunk with an axe	log
2083	3459	NP	n	NN	tree trunk with an axe	axe	tree trunk with an axe	axe
2084	3459	NP	n	n	tree trunk with an axe	log with an axe	tree trunk with an axe	log with an axe
2085	3459	NP	n	NN	trunk with an axe	man	trunk with an axe	man
2086	3459	NP	n	NN	trunk with an axe	log	trunk with an axe	log
2087	3459	NP	n	NN	trunk with an axe	axe	trunk with an axe	axe
2088	3459	NP	n	n	trunk with an axe	log with an axe	trunk with an axe	log with an axe
2089	3485	NP	NN	NN	cat	table	cat	table
2090	3485	NP	NN	NN	cat	window	cat	window
2091	3485	NP	NN	n	cat	cat perched on the table	cat	cat perch on the table
2092	3485	VP	VBG	VBN	looking	perched	look	perch
2093	3485	NP	NN	NN	window	cat	window	cat
2094	3485	NP	NN	NN	window	table	window	table
2095	3485	NP	NN	n	window	cat perched on the table	window	cat perch on the table
2096	3485	NP	NN	NN	table	cat	table	cat
2097	3485	NP	NN	NN	table	window	table	window
2098	3485	NP	NN	n	table	cat perched on the table	table	cat perch on the table
2099	3485	NP	NN	NN	perch	cat	perch	cat
2100	3485	NP	NN	NN	perch	table	perch	table
2101	3485	NP	NN	NN	perch	window	perch	window
2102	3485	NP	NN	n	perch	cat perched on the table	perch	cat perch on the table
2103	3485	NP	n	NN	table on the perch	cat	table on the perch	cat
2104	3485	NP	n	NN	table on the perch	table	table on the perch	table
2105	3485	NP	n	NN	table on the perch	window	table on the perch	window
2106	3485	NP	n	n	table on the perch	cat perched on the table	table on the perch	cat perch on the table
2107	3501	NP	NN	NN	dog	baby	dog	baby
2108	3501	NP	NN	NN	baby	dog	baby	dog
2109	3505	NP	NN	NN	woman	garlic	woman	garlic
2110	3505	VP	VBG	VBG	putting	chopping	put	chop
2111	3505	NP	NN	NN	garlic	woman	garlic	woman
2112	3536	NP	NN	NNP	okra	Okra	okra	Okra
2113	3536	NP	NN	NN	okra	pan	okra	pan
2114	3536	NP	NN	NNP	pan	Okra	pan	Okra
2115	3536	NP	n	NNP	cooking okra	Okra	cooking okra	Okra
2116	3536	NP	n	NN	cooking okra	pan	cooking okra	pan
2117	3586	VP	VBG	VB	playing	drum	play	drum
2118	3586	VP	VB	VBG	drum	practicing	drum	practice
2119	3598	NP	NN	NNS	man	exercises	man	exercise
2120	3598	NP	NN	NN	floor	man	floor	man
2121	3598	NP	NN	NNS	floor	exercises	floor	exercise
2122	3598	NP	NNS	NN	exercises	man	exercise	man
2123	3598	NP	n	NNS	One man	exercises	one man	exercise
2124	3598	NP	n	NN	floor exercises	man	floor exercise	man
2125	3598	NP	n	NNS	floor exercises	exercises	floor exercise	exercise
2126	3625	NP	NN	NN	woman	meat	woman	meat
2127	3625	NP	NN	NN	woman	pan	woman	pan
2128	3625	NP	NN	NN	meat	pan	meat	pan
2129	3625	NP	NN	NN	pan	woman	pan	woman
2130	3625	NP	NN	NN	pan	meat	pan	meat
2131	3626	VP	VBG	VBN	dropping	dropped	drop	drop
2132	3626	NP	n	NN	meat into a pan	meat	meat into a pan	meat
2133	3626	NP	n	NN	meat into a pan	pan	meat into a pan	pan
2134	3657	NP	NN	NN	boy	pitcher	boy	pitcher
2135	3657	NP	NN	NN	boy	water	boy	water
2136	3657	VP	VBG	VBN	filling	filled	fill	fill
2137	3657	NP	NN	NN	pitcher	water	pitcher	water
2138	3657	NP	NN	NN	pitcher	boy	pitcher	boy
2139	3657	NP	NN	NN	water	pitcher	water	pitcher
2140	3657	NP	n	NN	pitcher with water	pitcher	pitcher with water	pitcher
2141	3657	NP	n	NN	pitcher with water	water	pitcher with water	water
2142	3657	NP	n	NN	pitcher with water	boy	pitcher with water	boy
2143	3661	NP	NN	NN	woman	boy	woman	boy
2144	3661	NP	NN	NN	woman	pitcher	woman	pitcher
2145	3661	NP	NN	n	woman	pitcher with water	woman	pitcher with water
2146	3661	VP	VBG	VBG	collecting	filling	collect	fill
2147	3661	NP	NN	n	water	pitcher with water	water	pitcher with water
2148	3661	VP	VB	VBG	tap	filling	tap	fill
2149	3661	NP	NN	NN	mug	boy	mug	boy
2150	3661	NP	NN	NN	mug	pitcher	mug	pitcher
2151	3661	NP	NN	NN	mug	water	mug	water
2152	3661	NP	NN	n	mug	pitcher with water	mug	pitcher with water
2153	3661	NP	n	NN	tap in a mug	boy	tap in a mug	boy
2154	3661	NP	n	NN	tap in a mug	pitcher	tap in a mug	pitcher
2155	3661	NP	n	NN	tap in a mug	water	tap in a mug	water
2156	3661	NP	n	n	tap in a mug	pitcher with water	tap in a mug	pitcher with water
2157	3670	VP	VBG	VBG	raining	walking	rain	walk
2158	3670	NP	NN	NN	walking	man	walking	man
2159	3670	NP	NN	NN	walking	rain	walking	rain
2160	3670	NP	NN	NN	man	rain	man	rain
2161	3670	phrasal_IN	pp	(s:dcl\np)\(s:dcl\np)	on a walking man	in the rain	on a walking man	in the rain
2162	3670	NP	n	NN	walking man	man	walking man	man
2163	3670	NP	n	NN	walking man	rain	walking man	rain
2164	3680	NP	NNS	NNS	Racers	racers	racer	racer
2165	3680	NP	NNS	NN	Racers	track	racer	track
2166	3680	NP	NNS	n	Racers	racers running down a track	racer	racer run down a track
2167	3680	NP	NN	NNS	track	racers	track	racer
2168	3680	NP	NN	n	track	racers running down a track	track	racer run down a track
2169	3711	NP	NN	NN	toy	train	toy	train
2170	3711	NP	NN	NN	toy	car	toy	car
2171	3711	NP	NN	n	toy	toy train	toy	toy train
2172	3711	NP	NN	n	toy	toy car	toy	toy car
2173	3711	NP	NN	NN	train	toy	train	toy
2174	3711	NP	NN	NN	train	car	train	car
2175	3711	NP	NN	n	train	toy train	train	toy train
2176	3711	NP	NN	n	train	toy car	train	toy car
2177	3711	VP	VBG	VBG	striking	missing	strike	miss
2178	3711	NP	NN	NN	car	toy	car	toy
2179	3711	NP	NN	NN	car	train	car	train
2180	3711	NP	NN	n	car	toy train	car	toy train
2181	3711	NP	NN	n	car	toy car	car	toy car
2182	3711	NP	n	NN	toy train	toy	toy train	toy
2183	3711	NP	n	NN	toy train	train	toy train	train
2184	3711	NP	n	NN	toy train	car	toy train	car
2185	3711	NP	n	n	toy train	toy car	toy train	toy car
2186	3711	NP	n	NN	toy car	toy	toy car	toy
2187	3711	NP	n	NN	toy car	train	toy car	train
2188	3711	NP	n	NN	toy car	car	toy car	car
2189	3711	NP	n	n	toy car	toy train	toy car	toy train
2190	3721	NP	NN	NNS	person	Onions	person	onion
2191	3721	VP	VBG	VBN	slicing	sliced	slice	slice
2192	3721	NP	NNS	NNS	onions	Onions	onion	onion
2193	3721	NP	NNS	NN	onions	person	onion	person
2194	3733	NP	NNS	NNS	Swimmers	racers	swimmer	racer
2195	3733	NP	NNS	NN	Swimmers	lake	swimmer	lake
2196	3733	VP	VBG	VBG	racing	swimming	race	swim
2197	3733	NP	NN	NNS	lake	racers	lake	racer
2198	3747	NP	n	NN	talented man	woman	talented man	woman
2199	3747	NP	n	NN	talented man	guitar	talented man	guitar
2200	3790	NP	NN	NN	person	zucchini	person	zucchini
2201	3790	NP	NN	NN	zucchini	person	zucchini	person
2202	3812	NP	NN	NN	woman	pepper	woman	pepper
2203	3812	NP	NN	n	woman	green pepper	woman	green pepper
2204	3812	NP	NN	NN	pepper	woman	pepper	woman
2205	3812	NP	NN	n	pepper	green pepper	pepper	green pepper
2206	3812	NP	n	NN	pepper which is green	woman	pepper which be green	woman
2207	3812	NP	n	NN	pepper which is green	pepper	pepper which be green	pepper
2208	3812	NP	n	n	pepper which is green	green pepper	pepper which be green	green pepper
2209	3855	NP	NN	NN	man	road	man	road
2210	3855	VP	VBG	VBG	stopping	walking	stop	walk
2211	3855	NP	NN	NN	middle	man	middle	man
2212	3855	NP	NN	NN	middle	road	middle	road
2213	3855	NP	n	NN	middle of a road	man	middle of a road	man
2214	3855	NP	n	NN	middle of a road	road	middle of a road	road
2215	3861	NP	NN	NN	wilderness	man	wilderness	man
2216	3861	NP	NN	NN	wilderness	road	wilderness	road
2217	3861	NP	NN	NN	walking	road	walking	road
2218	3861	NP	NN	NN	path	man	path	man
2219	3861	NP	NN	NN	path	road	path	road
2220	3861	NP	n	NN	man from the wilderness	man	man from the wilderness	man
2221	3861	NP	n	NN	man from the wilderness	road	man from the wilderness	road
2222	3861	NP	n	NN	walking path	man	walking path	man
2223	3861	NP	n	NN	walking path	road	walking path	road
2224	3880	NP	NN	NN	man	ceiling	man	ceiling
2225	3880	NP	NN	NN	ceiling	man	ceiling	man
2226	3880	NP	NN	NN	room	man	room	man
2227	3880	NP	NN	NN	room	ceiling	room	ceiling
2228	3880	NP	n	NN	ceiling of a room	man	ceiling of a room	man
2229	3880	NP	n	NN	ceiling of a room	ceiling	ceiling of a room	ceiling
2230	3897	NP	n	NN	man exercising	man	man exercise	man
2231	3909	VP	VBG	VBN	singing	played	sing	play
2232	3910	VP	VBG	VBG	packing	singing	pack	sing
2233	3910	VP	VBG	VBG	packing	playing	pack	play
2234	3922	NP	NNS	NN	Boys	front	boy	front
2235	3922	NP	NNS	NNS	Boys	people	boy	people
2236	3922	NP	NNS	n	Boys	front of some people	boy	front of some people
2237	3922	NP	NN	NNS	front	Boys	front	boy
2238	3922	NP	NN	NNS	front	people	front	people
2239	3922	NP	NN	n	front	front of some people	front	front of some people
2240	3922	NP	NNS	NNS	people	Boys	people	boy
2241	3922	NP	NNS	NN	people	front	people	front
2242	3922	NP	NNS	n	people	front of some people	people	front of some people
2243	3922	NP	n	NNS	front of some people	Boys	front of some people	boy
2244	3922	NP	n	NN	front of some people	front	front of some people	front
2245	3922	NP	n	NNS	front of some people	people	front of some people	people
2246	3941	NP	NN	NN	boy	calendar	boy	calendar
2247	3941	NP	NN	n	boy	boy checking a calendar	boy	boy check a calendar
2248	3941	VP	VBG	VBG	looking	checking	look	check
2249	3941	NP	NN	NN	calendar	boy	calendar	boy
2250	3941	NP	NN	n	calendar	boy checking a calendar	calendar	boy check a calendar
2251	3982	NP	NN	NN	woman	potato	woman	potato
2252	3982	VP	VBG	VBG	peeling	refrigerating	peel	refrigerate
2253	3996	NP	NN	NN	man	piano	man	piano
2254	3996	NP	NN	NN	guitar	boy	guitar	boy
2255	3996	NP	NN	NN	guitar	piano	guitar	piano
2256	4001	NP	NN	NN	man	rope	man	rope
2257	4015	NP	NN	NN	lady	kangaroo	lady	kangaroo
2258	4015	NP	NN	NN	kangaroo	woman	kangaroo	woman
2259	4031	NP	NN	NNS	man	boards	man	board
2260	4031	NP	NN	NN	man	hand	man	hand
2261	4031	NP	NN	n	man	wooden boards with his hand	man	wooden board with his hand
2262	4031	NP	NN	n	man	boards with his hand	man	board with his hand
2263	4031	NP	NNS	NN	tiles	man	tile	man
2264	4031	NP	NNS	NNS	tiles	boards	tile	board
2265	4031	NP	NNS	NN	tiles	hand	tile	hand
2266	4031	NP	NNS	n	tiles	wooden boards with his hand	tile	wooden board with his hand
2267	4031	NP	NNS	n	tiles	boards with his hand	tile	board with his hand
2268	4031	NP	NNS	NN	hands	man	hand	man
2269	4031	NP	NNS	NNS	hands	boards	hand	board
2270	4031	NP	NNS	NN	hands	hand	hand	hand
2271	4031	NP	NNS	n	hands	wooden boards with his hand	hand	wooden board with his hand
2272	4031	NP	NNS	n	hands	boards with his hand	hand	board with his hand
2273	4054	NP	NN	NN	dog	road	dog	road
2274	4054	NP	NN	NN	road	dog	road	dog
2275	4060	NP	NN	NN	man	dog	man	dog
2276	4066	VP	VBG	VBG	hurling	throwing	hurl	throw
2277	4066	NP	NNS	NN	knives	man	knife	man
2278	4067	VP	VBG	VBG	removing	throwing	remove	throw
2279	4067	phrasal_IN	pp	(s:ng\np)\(s:ng\np)	from a tree	at a tree	from a tree	at a tree
2280	4079	NP	n	NN	One man	horse	one man	horse
2281	4086	NP	NN	NN	man	picture	man	picture
2282	4086	NP	n	NN	man drawing a picture	man	man draw a picture	man
2283	4086	NP	n	NN	man drawing a picture	picture	man draw a picture	picture
2284	4114	NP	NN	NN	man	pizza	man	pizza
2285	4114	NP	NN	NN	food	man	food	man
2286	4114	NP	NN	NN	food	pizza	food	pizza
2287	4114	NP	n	NN	man eating food	man	man eat food	man
2288	4114	NP	n	NN	man eating food	pizza	man eat food	pizza
2289	4135	NP	NN	NN	dog	trampoline	dog	trampoline
2290	4135	VP	VBG	VBG	bouncing	jumping	bounce	jump
2291	4135	NP	NN	NN	trampoline	dog	trampoline	dog
2292	4140	NP	NNS	NN	boys	trampoline	boy	trampoline
2293	4140	NP	NNS	n	boys	man is doing back	boy	man be do back
2294	4140	VP	VBG	VBG	jumping	doing	jump	do
2295	4140	VP	VBG	VBZ	jumping	flips	jump	flip
2296	4140	NP	NN	NN	trampoline	man	trampoline	man
2297	4140	NP	NN	n	trampoline	man is doing back	trampoline	man be do back
2298	4140	NP	n	NN	Several boys	man	several boy	man
2299	4140	NP	n	NN	Several boys	trampoline	several boy	trampoline
2300	4140	NP	n	n	Several boys	man is doing back	several boy	man be do back
2301	4155	NP	NN	n	man	man playing a wooden flute	man	man play a wooden flute
2302	4155	NP	NN	n	man	wooden flute	man	wooden flute
2303	4155	NP	NN	n	flute	man playing a wooden flute	flute	man play a wooden flute
2304	4155	NP	NN	n	flute	wooden flute	flute	wooden flute
2305	4155	NP	n	NN	wooden flute	man	wooden flute	man
2306	4155	NP	n	NN	wooden flute	flute	wooden flute	flute
2307	4155	NP	n	n	wooden flute	man playing a wooden flute	wooden flute	man play a wooden flute
2308	4157	NP	NN	NN	piano	man	piano	man
2309	4157	NP	n	NN	man playing the piano	man	man play the piano	man
2310	4157	NP	n	NN	man playing the piano	piano	man play the piano	piano
2311	4164	NP	NN	NN	man	drawing	man	drawing
2312	4164	NP	NN	NN	man	board	man	board
2313	4164	NP	NN	n	man	drawing on the board	man	drawing on the board
2314	4164	NP	NN	NN	drawing	woman	drawing	woman
2315	4164	NP	NN	NN	drawing	board	drawing	board
2316	4164	NP	NN	n	drawing	drawing on the board	drawing	drawing on the board
2317	4164	NP	NN	NN	board	woman	board	woman
2318	4164	NP	NN	NN	board	drawing	board	drawing
2319	4164	NP	NN	n	board	drawing on the board	board	drawing on the board
2320	4164	NP	n	NN	drawing on the board	woman	drawing on the board	woman
2321	4164	NP	n	NN	drawing on the board	drawing	drawing on the board	drawing
2322	4164	NP	n	NN	drawing on the board	board	drawing on the board	board
2323	4187	NP	NN	NN	dog	doll	dog	doll
2324	4187	VP	VBG	VBG	playing	eating	play	eat
2325	4187	NP	NN	NN	toy	dog	toy	dog
2326	4187	NP	NN	NN	toy	doll	toy	doll
2327	4187	NP	n	NN	dog playing with a toy	dog	dog play with a toy	dog
2328	4187	NP	n	NN	dog playing with a toy	doll	dog play with a toy	doll
2329	4191	NP	NN	NN	dog	toy	dog	toy
2330	4191	VP	VBG	VBG	eating	playing	eat	play
2331	4191	NP	NN	NN	doll	dog	doll	dog
2332	4191	NP	NN	NN	doll	toy	doll	toy
2333	4196	VP	VBG	VBG	dancing	praying	dance	pray
2334	4288	NP	NN	NN	woman	octopus	woman	octopus
2335	4288	VP	VBG	VBG	slicing	chopping	slice	chop
2336	4288	VP	VBN	VBG	cooked	chopping	cook	chop
2337	4288	NP	NN	NN	octopus	woman	octopus	woman
2338	4321	NP	NN	n	man	man drawing	man	man drawing
2339	4342	NP	NN	NN	man	fruit	man	fruit
2340	4342	NP	NN	NN	banana	man	banana	man
2341	4342	NP	NN	NN	banana	fruit	banana	fruit
2342	4376	NP	NN	NN	man	one	man	one
2343	4376	NP	NN	n	man	one playing a piano	man	one play a piano
2344	4376	NP	NN	NN	guitar	one	guitar	one
2345	4376	NP	NN	n	guitar	one playing a piano	guitar	one play a piano
2346	4411	NP	NNS	NN	men	tire	man	tire
2347	4411	NP	NNS	NN	men	rolling	man	rolling
2348	4411	NP	NNS	NN	men	race	man	race
2349	4411	NP	NNS	n	men	tire rolling race	man	tire rolling race
2350	4411	NP	NN	NNS	race	men	race	man
2351	4411	NP	NN	NN	race	tire	race	tire
2352	4411	NP	NN	NN	race	rolling	race	rolling
2353	4411	NP	NN	n	race	Two men	race	two man
2354	4411	NP	NN	n	race	tire rolling race	race	tire rolling race
2355	4411	VP	VBG	VBG	flipping	competing	flip	compete
2356	4411	NP	NNS	NNS	tires	men	tire	man
2357	4411	NP	NNS	NN	tires	tire	tire	tire
2358	4411	NP	NNS	NN	tires	rolling	tire	rolling
2359	4411	NP	NNS	NN	tires	race	tire	race
2360	4411	NP	NNS	n	tires	Two men	tire	two man
2361	4411	NP	NNS	n	tires	tire rolling race	tire	tire rolling race
2362	4411	NP	NN	NNS	tractor	men	tractor	man
2363	4411	NP	NN	NN	tractor	tire	tractor	tire
2364	4411	NP	NN	NN	tractor	rolling	tractor	rolling
2365	4411	NP	NN	NN	tractor	race	tractor	race
2366	4411	NP	NN	n	tractor	Two men	tractor	two man
2367	4411	NP	NN	n	tractor	tire rolling race	tractor	tire rolling race
2368	4411	NP	n	NNS	Two men in a race	men	two man in a race	man
2369	4411	NP	n	NN	Two men in a race	tire	two man in a race	tire
2370	4411	NP	n	NN	Two men in a race	rolling	two man in a race	rolling
2371	4411	NP	n	NN	Two men in a race	race	two man in a race	race
2372	4411	NP	n	n	Two men in a race	Two men	two man in a race	two man
2373	4411	NP	n	n	Two men in a race	tire rolling race	two man in a race	tire rolling race
2374	4411	NP	n	NNS	men in a race	men	man in a race	man
2375	4411	NP	n	NN	men in a race	tire	man in a race	tire
2376	4411	NP	n	NN	men in a race	rolling	man in a race	rolling
2377	4411	NP	n	NN	men in a race	race	man in a race	race
2378	4411	NP	n	n	men in a race	Two men	man in a race	two man
2379	4411	NP	n	n	men in a race	tire rolling race	man in a race	tire rolling race
2380	4411	NP	n	NNS	tires of a tractor	men	tire of a tractor	man
2381	4411	NP	n	NN	tires of a tractor	tire	tire of a tractor	tire
2382	4411	NP	n	NN	tires of a tractor	rolling	tire of a tractor	rolling
2383	4411	NP	n	NN	tires of a tractor	race	tire of a tractor	race
2384	4411	NP	n	n	tires of a tractor	Two men	tire of a tractor	two man
2385	4411	NP	n	n	tires of a tractor	tire rolling race	tire of a tractor	tire rolling race
2386	4429	NP	NNS	NNS	men	women	man	woman
2387	4429	NP	NNS	n	men	old women	man	old woman
2388	4477	NP	NN	NN	man	content	man	content
2389	4477	NP	NN	NN	man	bowl	man	bowl
2390	4477	NP	NN	n	man	content of a bowl	man	content of a bowl
2391	4477	VP	VBG	VBG	punching	mixing	punch	mix
2392	4477	NP	NN	NN	soccer	man	soccer	man
2393	4477	NP	NN	NN	soccer	content	soccer	content
2394	4477	NP	NN	NN	soccer	bowl	soccer	bowl
2395	4477	NP	NN	n	soccer	content of a bowl	soccer	content of a bowl
2396	4477	NP	NN	NN	ball	man	ball	man
2397	4477	NP	NN	NN	ball	content	ball	content
2398	4477	NP	NN	NN	ball	bowl	ball	bowl
2399	4477	NP	NN	n	ball	content of a bowl	ball	content of a bowl
2400	4477	NP	n	NN	soccer ball	man	soccer ball	man
2401	4477	NP	n	NN	soccer ball	content	soccer ball	content
2402	4477	NP	n	NN	soccer ball	bowl	soccer ball	bowl
2403	4477	NP	n	n	soccer ball	content of a bowl	soccer ball	content of a bowl
2404	4505	NP	NNS	NN	doctors	doctor	doctor	doctor
2405	4505	NP	NNS	NN	doctors	patient	doctor	patient
2406	4505	VP	VBG	VBG	healing	helping	heal	help
2407	4505	NP	NN	NN	man	doctor	man	doctor
2408	4505	NP	NN	NN	man	patient	man	patient
2409	4520	NP	n	NN	man playing a guitar	man	man play a guitar	man
2410	4520	NP	n	NN	man playing a guitar	guitar	man play a guitar	guitar
2411	4614	NP	n	NN	man driving a car	man	man drive a car	man
2412	4614	NP	n	NN	man driving a car	car	man drive a car	car
2413	4638	NP	NN	NN	keyboard	man	keyboard	man
2414	4638	NP	NN	NN	keyboard	harp	keyboard	harp
2415	4638	VP	VBN	VBG	played	playing	play	play
2416	4638	NP	NN	NN	man	harp	man	harp
2417	4650	NP	NN	NN	man	sword	man	sword
2418	4650	NP	NN	NN	rope	sword	rope	sword
2419	4650	NP	NN	NN	sword	man	sword	man
2420	4650	NP	NN	NN	sword	rope	sword	rope
2421	4650	NP	n	NN	thick rope	man	thick rope	man
2422	4650	NP	n	NN	thick rope	rope	thick rope	rope
2423	4650	NP	n	NN	thick rope	sword	thick rope	sword
2424	4707	NP	NN	NNS	group	boys	group	boy
2425	4707	NP	NN	NN	group	soccer	group	soccer
2426	4707	NP	NN	NN	group	beach	group	beach
2427	4707	NP	NN	n	group	group of boys	group	group of boy
2428	4707	NP	NN	n	group	soccer on the beach	group	soccer on the beach
2429	4707	NP	NNS	NN	men	group	man	group
2430	4707	NP	NNS	NN	men	soccer	man	soccer
2431	4707	NP	NNS	NN	men	beach	man	beach
2432	4707	NP	NNS	n	men	group of boys	man	group of boy
2433	4707	NP	NNS	n	men	soccer on the beach	man	soccer on the beach
2434	4707	NP	NN	NN	soccer	group	soccer	group
2435	4707	NP	NN	NNS	soccer	boys	soccer	boy
2436	4707	NP	NN	NN	soccer	beach	soccer	beach
2437	4707	NP	NN	n	soccer	group of boys	soccer	group of boy
2438	4707	NP	NN	n	soccer	soccer on the beach	soccer	soccer on the beach
2439	4707	NP	NN	NN	beach	group	beach	group
2440	4707	NP	NN	NNS	beach	boys	beach	boy
2441	4707	NP	NN	NN	beach	soccer	beach	soccer
2442	4707	NP	NN	n	beach	group of boys	beach	group of boy
2443	4707	NP	NN	n	beach	soccer on the beach	beach	soccer on the beach
2444	4707	NP	n	NN	group of men	group	group of man	group
2445	4707	NP	n	NNS	group of men	boys	group of man	boy
2446	4707	NP	n	NN	group of men	soccer	group of man	soccer
2447	4707	NP	n	NN	group of men	beach	group of man	beach
2448	4707	NP	n	n	group of men	group of boys	group of man	group of boy
2449	4707	NP	n	n	group of men	soccer on the beach	group of man	soccer on the beach
2450	4707	NP	n	NN	soccer on the beach	group	soccer on the beach	group
2451	4707	NP	n	NNS	soccer on the beach	boys	soccer on the beach	boy
2452	4707	NP	n	NN	soccer on the beach	soccer	soccer on the beach	soccer
2453	4707	NP	n	NN	soccer on the beach	beach	soccer on the beach	beach
2454	4707	NP	n	n	soccer on the beach	group of boys	soccer on the beach	group of boy
2455	4734	NP	NN	NN	man	silencer	man	silencer
2456	4734	NP	NN	NN	man	gun	man	gun
2457	4734	VP	VBG	VBG	fitting	applying	fit	apply
2458	4734	NP	NN	NN	silencer	man	silencer	man
2459	4734	NP	NN	NN	silencer	gun	silencer	gun
2460	4734	NP	NN	NN	pistol	man	pistol	man
2461	4734	NP	NN	NN	pistol	silencer	pistol	silencer
2462	4734	NP	NN	NN	pistol	gun	pistol	gun
2463	4734	NP	n	NN	silencer to a pistol	man	silencer to a pistol	man
2464	4734	NP	n	NN	silencer to a pistol	silencer	silencer to a pistol	silencer
2465	4734	NP	n	NN	silencer to a pistol	gun	silencer to a pistol	gun
2466	4755	NP	NN	NN	girl	violin	girl	violin
2467	4755	NP	NN	NN	girl	beach	girl	beach
2468	4755	NP	NN	n	girl	violin on a beach	girl	violin on a beach
2469	4755	VP	VBG	VBG	sitting	playing	sit	play
2470	4755	NP	NN	NN	couch	girl	couch	girl
2471	4755	NP	NN	NN	couch	violin	couch	violin
2472	4755	NP	NN	NN	couch	beach	couch	beach
2473	4755	NP	NN	n	couch	violin on a beach	couch	violin on a beach
2474	4755	VP	VBG	VBG	crocheting	playing	crochet	play
2475	4767	NP	NN	n	man	man cooking a snake	man	man cook a snake
2476	4767	NP	NN	n	snake	man cooking a snake	snake	man cook a snake
2477	4776	NP	NN	NN	boy	guitar	boy	guitar
2478	4776	NP	n	NN	boy playing guitar	boy	boy play guitar	boy
2479	4776	NP	n	NN	boy playing guitar	guitar	boy play guitar	guitar
2480	4803	NP	NN	NN	monkey	zoo	monkey	zoo
2481	4803	NP	NN	NN	dog	zoo	dog	zoo
2482	4803	NP	NN	NN	zoo	monkey	zoo	monkey
2483	4803	NP	NN	NN	zoo	dog	zoo	dog
2484	4814	VP	VBG	VBG	pulling	teasing	pull	tease
2485	4814	NP	NN	NN	tail	monkey	tail	monkey
2486	4814	NP	NN	NN	tail	dog	tail	dog
2487	4814	NP	NN	NN	tail	zoo	tail	zoo
2488	4816	NP	NN	NN	person	ginger	person	ginger
2489	4816	NP	NN	NN	ginger	person	ginger	person
2490	4816	NP	n	NN	person cutting some ginger	person	person cut some ginger	person
2491	4816	NP	n	NN	person cutting some ginger	ginger	person cut some ginger	ginger
2492	4823	NP	NN	NN	ginger	onion	ginger	onion
2493	4831	NP	NNS	NN	pieces	man	piece	man
2494	4831	NP	NNS	NN	pieces	potato	piece	potato
2495	4831	NP	n	NN	potato into pieces	man	potato into piece	man
2496	4831	NP	n	NN	potato into pieces	potato	potato into piece	potato
2497	4843	NP	NN	NN	man	box	man	box
2498	4843	NP	NN	NN	box	man	box	man
2499	4843	NP	NN	NN	box	knife	box	knife
2500	4843	NP	NN	NN	knife	man	knife	man
2501	4843	NP	NN	NN	knife	box	knife	box
2502	4851	NP	NNS	NN	instruments	band	instrument	band
2503	4851	NP	NN	NNS	band	instruments	band	instrument
2504	4866	NP	NN	NN	person	woman	person	woman
2505	4866	VP	VBG	VBG	dancing	exercising	dance	exercise
2506	4891	NP	NN	NN	man	gym	man	gym
2507	4891	NP	NNS	NN	pull-ups	man	pull-up	man
2508	4891	NP	NNS	NNS	pull-ups	exercises	pull-up	exercise
2509	4891	NP	NNS	NN	pull-ups	gym	pull-up	gym
2510	4916	NP	NN	NN	man	instrument	man	instrument
2511	4916	NP	NN	n	man	musical instrument	man	musical instrument
2512	4916	NP	NN	NN	guitar	instrument	guitar	instrument
2513	4916	NP	NN	n	guitar	musical instrument	guitar	musical instrument
2514	4934	NP	NNS	NN	Recruits	officer	recruit	officer
2515	4934	NP	NNS	NNS	Recruits	recruits	recruit	recruit
2516	4934	NP	NN	NNS	officer	recruits	officer	recruit
2517	4963	NP	NNP	NN	Garlic	woman	Garlic	woman
2518	4963	VP	VBN	VBG	chopped	chopping	chop	chop
2519	4966	NP	NN	n	woman	woman slicing a fish	woman	woman slice a fish
2520	4966	NP	NN	NN	fish	woman	fish	woman
2521	4966	NP	NN	n	fish	woman slicing a fish	fish	woman slice a fish
2522	4983	NP	NN	NN	woman	horse	woman	horse
2523	4983	VP	VBG	VBN	riding	ridden	ride	ride
2524	4983	NP	NN	NN	horse	woman	horse	woman
2525	5003	NP	NN	NN	cat	drawer	cat	drawer
2526	5003	VP	VBG	VBG	opening	jumping	open	jump
2527	5003	NP	NN	NN	plastic	cat	plastic	cat
2528	5003	NP	NN	NN	plastic	drawer	plastic	drawer
2529	5003	NP	NN	NN	drawer	cat	drawer	cat
2530	5003	NP	NNS	NN	paws	cat	paw	cat
2531	5003	NP	NNS	NN	paws	drawer	paw	drawer
2532	5003	VP	VBG	VBG	jumping	opening	jump	open
2533	5003	NP	n	NN	big cat	cat	big cat	cat
2534	5003	NP	n	NN	big cat	drawer	big cat	drawer
2535	5003	NP	n	NN	plastic drawer with its paws	cat	plastic drawer with its paw	cat
2536	5003	NP	n	NN	plastic drawer with its paws	drawer	plastic drawer with its paw	drawer
2537	5003	NP	n	NN	drawer with its paws	cat	drawer with its paw	cat
2538	5003	NP	n	NN	drawer with its paws	drawer	drawer with its paw	drawer
2539	5030	NP	NN	NN	man	telephone	man	telephone
2540	5030	VP	VBG	VBG	talking	speaking	talk	speak
2541	5030	NP	NN	NN	telephone	man	telephone	man
2542	5047	NP	NNS	NN	onions	woman	onion	woman
2543	5047	NP	NNS	NN	onions	onion	onion	onion
2544	5051	NP	NN	NN	man	door	man	door
2545	5051	NP	NN	n	man	man opening a door	man	man open a door
2546	5051	NP	NN	NN	door	man	door	man
2547	5051	NP	NN	n	door	man opening a door	door	man open a door
2548	5052	NP	NN	NN	door	onion	door	onion
2549	5052	VP	VBN	VBG	opened	cutting	open	cut
2550	5082	NP	NN	NN	woman	piano	woman	piano
2551	5082	NP	NN	n	woman	man playing the piano	woman	man play the piano
2552	5082	NP	NN	NN	violin	piano	violin	piano
2553	5082	NP	NN	n	violin	man playing the piano	violin	man play the piano
2554	5110	NP	NN	NN	chef	meal	chef	meal
2555	5110	NP	NN	NN	food	chef	food	chef
2556	5110	NP	NN	NN	food	meal	food	meal
2557	5113	NP	NN	NNS	sumo	wrestlers	sumo	wrestler
2558	5113	NP	NN	n	sumo	Two sumo wrestlers	sumo	two sumo wrestler
2559	5113	NP	NNS	NN	ringers	sumo	ringer	sumo
2560	5113	NP	NNS	NNS	ringers	wrestlers	ringer	wrestler
2561	5113	NP	NNS	n	ringers	Two sumo wrestlers	ringer	two sumo wrestler
2562	5113	NP	n	NN	Two sumo ringers	sumo	two sumo ringer	sumo
2563	5113	NP	n	NNS	Two sumo ringers	wrestlers	two sumo ringer	wrestler
2564	5113	NP	n	n	Two sumo ringers	Two sumo wrestlers	two sumo ringer	two sumo wrestler
2565	5119	NP	NN	NN	sumo	man	sumo	man
2566	5119	NP	NN	NN	sumo	water	sumo	water
2567	5119	NP	NN	NN	sumo	toy	sumo	toy
2568	5119	NP	NN	n	sumo	water toy in the water	sumo	water toy in the water
2569	5119	NP	NNS	NN	ringers	man	ringer	man
2570	5119	NP	NNS	NN	ringers	water	ringer	water
2571	5119	NP	NNS	NN	ringers	toy	ringer	toy
2572	5119	NP	NNS	n	ringers	water toy in the water	ringer	water toy in the water
2573	5119	VP	VBG	VBG	fighting	riding	fight	ride
2574	5119	NP	n	NN	Two sumo ringers	man	two sumo ringer	man
2575	5119	NP	n	NN	Two sumo ringers	water	two sumo ringer	water
2576	5119	NP	n	NN	Two sumo ringers	toy	two sumo ringer	toy
2577	5119	NP	n	n	Two sumo ringers	water toy in the water	two sumo ringer	water toy in the water
2578	5148	NP	NN	NN	man	bread	man	bread
2579	5148	NP	NN	n	man	piece of bread	man	piece of bread
2580	5148	NP	NN	NN	piece	woman	piece	woman
2581	5148	NP	NN	NN	piece	bread	piece	bread
2582	5148	NP	NN	n	piece	piece of bread	piece	piece of bread
2583	5148	NP	NN	NN	bread	piece	bread	piece
2584	5148	NP	NN	n	bread	piece of bread	bread	piece of bread
2585	5148	NP	n	NN	piece of bread	woman	piece of bread	woman
2586	5148	NP	n	NN	piece of bread	piece	piece of bread	piece
2587	5148	NP	n	NN	piece of bread	bread	piece of bread	bread
2588	5203	NP	NN	NNP	woman	Pasta	woman	Pasta
2589	5203	NP	NN	NN	woman	dish	woman	dish
2590	5203	VP	VBG	VBN	putting	put	put	put
2591	5203	NP	NN	NNP	pasta	Pasta	pasta	Pasta
2592	5203	NP	NN	NN	pasta	dish	pasta	dish
2593	5203	NP	NN	NN	pasta	woman	pasta	woman
2594	5203	NP	NN	NNP	dish	Pasta	dish	Pasta
2595	5203	phrasal_IN	pp	(s:pss\np)\(s:pss\np)	into a dish	by a woman	into a dish	by a woman
2596	5206	NP	NN	NN	woman	pasta	woman	pasta
2597	5206	VP	VBG	VBG	pulling	putting	pull	put
2598	5206	NP	NN	NN	goo	woman	goo	woman
2599	5206	NP	NN	NN	goo	pasta	goo	pasta
2600	5206	NP	NN	NN	goo	dish	goo	dish
2601	5206	NP	NN	NN	bowl	pasta	bowl	pasta
2602	5206	NP	NN	NN	bowl	dish	bowl	dish
2603	5206	NP	n	NN	sticky goo	woman	sticky goo	woman
2604	5206	NP	n	NN	sticky goo	pasta	sticky goo	pasta
2605	5206	NP	n	NN	sticky goo	dish	sticky goo	dish
2606	5206	phrasal_IN	pp	pp	out of a bowl	into a dish	out of a bowl	into a dish
2607	5206	phrasal_IN	pp	pp	of a bowl	into a dish	of a bowl	into a dish
2608	5310	NP	n	NN	girl playing a flute	girl	girl play a flute	girl
2609	5310	NP	n	NN	girl playing a flute	flute	girl play a flute	flute
2610	5349	NP	n	NN	large flute	man	large flute	man
2611	5349	NP	n	NN	large flute	flute	large flute	flute
2612	5352	NP	NN	n	man	man playing a flute	man	man play a flute
2613	5352	NP	NN	n	flute	man playing a flute	flute	man play a flute
2614	5352	NP	n	n	large flute	man playing a flute	large flute	man play a flute
2615	5498	NP	NN	NN	woman	fruit	woman	fruit
2616	5498	NP	NN	NN	lemon	woman	lemon	woman
2617	5498	NP	NN	NN	lemon	fruit	lemon	fruit
2618	5540	VP	VBG	VBG	dancing	marching	dance	march
2619	5540	NP	NN	NN	show	group	show	group
2620	5540	NP	NN	NNS	show	people	show	people
2621	5540	NP	NN	n	show	group of people	show	group of people
2622	5588	NP	NN	NN	cupcake	girl	cupcake	girl
2623	5588	NP	NN	NN	girl	cupcake	girl	cupcake
2624	5657	NP	NN	NN	person	bed	person	bed
2625	5657	VP	VBG	VBG	eating	making	eat	make
2626	5657	NP	NN	NN	restaurant	person	restaurant	person
2627	5657	NP	NN	NN	restaurant	bed	restaurant	bed
2628	5698	NP	NN	NN	cook	man	cook	man
2629	5698	NP	NN	NN	cook	cheese	cook	cheese
2630	5698	NP	NN	NN	cook	pizza	cook	pizza
2631	5698	NP	NN	n	cook	cheese on the pizza	cook	cheese on the pizza
2632	5698	NP	NN	NN	cheese	man	cheese	man
2633	5698	NP	NN	NN	cheese	pizza	cheese	pizza
2634	5698	NP	NN	n	cheese	cheese on the pizza	cheese	cheese on the pizza
2635	5698	NP	NN	NN	pizza	man	pizza	man
2636	5698	NP	NN	NN	pizza	cheese	pizza	cheese
2637	5698	NP	NN	n	pizza	cheese on the pizza	pizza	cheese on the pizza
2638	5698	NP	n	NN	cheese on the pizza	man	cheese on the pizza	man
2639	5698	NP	n	NN	cheese on the pizza	cheese	cheese on the pizza	cheese
2640	5698	NP	n	NN	cheese on the pizza	pizza	cheese on the pizza	pizza
2641	5706	NP	NN	NN	man	shotgun	man	shotgun
2642	5706	VP	VBG	VBG	reloading	firing	reload	fire
2643	5706	NP	NN	NN	shotgun	man	shotgun	man
2644	5745	NP	NN	NN	tiger	baby	tiger	baby
2645	5745	NP	NN	NN	tiger	doll	tiger	doll
2646	5745	NP	NN	NN	cub	baby	cub	baby
2647	5745	NP	NN	NN	cub	doll	cub	doll
2648	5745	NP	NN	NN	ball	baby	ball	baby
2649	5745	NP	NN	NN	ball	doll	ball	doll
2650	5745	NP	n	NN	tiger cub	baby	tiger cub	baby
2651	5745	NP	n	NN	tiger cub	doll	tiger cub	doll
2652	5745	phrasal_IN	(s:ng\np)\(s:ng\np)	(s:ng\np)\(s:ng\np)	with a ball	with a doll	with a ball	with a doll
2653	5747	NP	NN	NN	baby	tiger	baby	tiger
2654	5747	NP	NN	NN	baby	ball	baby	ball
2655	5747	NP	NN	n	baby	baby tiger	baby	baby tiger
2656	5747	NP	NN	NN	toy	baby	toy	baby
2657	5747	NP	NN	NN	toy	tiger	toy	tiger
2658	5747	NP	NN	NN	toy	ball	toy	ball
2659	5747	NP	NN	n	toy	baby tiger	toy	baby tiger
2660	5747	phrasal_IN	(s:ng\np)\(s:ng\np)	(s:ng\np)\(s:ng\np)	with a toy	with a ball	with a toy	with a ball
2661	5799	NP	NN	NN	person	potato	person	potato
2662	5799	VP	VBG	VBN	peeling	peeled	peel	peel
2663	5799	NP	NN	NN	potato	person	potato	person
2664	5806	NP	NN	NN	man	boat	man	boat
2665	5806	NP	NN	NN	canoe	man	canoe	man
2666	5806	NP	NN	NN	canoe	boat	canoe	boat
2667	5904	NP	NN	NN	man	vehicle	man	vehicle
2668	5904	NP	NN	n	man	road in an open-air vehicle	man	road in an open-air vehicle
2669	5904	NP	NN	n	man	open-air vehicle	man	open-air vehicle
2670	5904	NP	NN	NN	woman	road	woman	road
2671	5904	NP	NN	NN	woman	vehicle	woman	vehicle
2672	5904	NP	NN	n	woman	road in an open-air vehicle	woman	road in an open-air vehicle
2673	5904	NP	NN	n	woman	open-air vehicle	woman	open-air vehicle
2674	5904	NP	NN	NN	street	man	street	man
2675	5904	NP	NN	NN	street	woman	street	woman
2676	5904	NP	NN	NN	street	road	street	road
2677	5904	NP	NN	NN	street	vehicle	street	vehicle
2678	5904	NP	NN	n	street	road in an open-air vehicle	street	road in an open-air vehicle
2679	5904	NP	NN	n	street	open-air vehicle	street	open-air vehicle
2680	5904	NP	NN	NN	jeep	man	jeep	man
2681	5904	NP	NN	NN	jeep	woman	jeep	woman
2682	5904	NP	NN	NN	jeep	road	jeep	road
2683	5904	NP	NN	NN	jeep	vehicle	jeep	vehicle
2684	5904	NP	NN	n	jeep	road in an open-air vehicle	jeep	road in an open-air vehicle
2685	5904	NP	NN	n	jeep	open-air vehicle	jeep	open-air vehicle
2686	5909	NP	NN	NN	woman	chef	woman	chef
2687	5909	NP	NN	NN	woman	oil	woman	oil
2688	5909	VP	VBG	VBG	pouring	seasoning	pour	season
2689	5909	NP	NNS	NN	ingredients	chef	ingredient	chef
2690	5909	NP	NNS	NN	ingredients	oil	ingredient	oil
2691	5909	NP	NN	NN	bowl	chef	bowl	chef
2692	5909	NP	NN	NN	bowl	oil	bowl	oil
2693	5914	NP	NN	NN	horse	person	horse	person
2694	5914	NP	NN	NN	person	horse	person	horse
2695	5920	NP	NN	NNS	horse	potatoes	horse	potato
2696	5920	VP	VBN	VBG	ridden	slicing	ride	slice
2697	5920	NP	NN	NNS	person	potatoes	person	potato
2698	5930	NP	NN	n	man	Two men	man	two man
2699	5930	VP	VBG	VBG	doing	fighting	do	fight
2700	5930	NP	NNS	NNS	exercises	men	exercise	man
2701	5930	NP	NNS	n	exercises	Two men	exercise	two man
2702	5938	NP	NNS	NNS	Vegetables	ingredients	vegetable	ingredient
2703	5938	NP	NNS	NN	Vegetables	pot	vegetable	pot
2704	5938	VP	VBN	VBG	put	pouring	put	pour
2705	5938	NP	NN	NNS	pot	ingredients	pot	ingredient
2706	5938	NP	NN	NNS	man	ingredients	man	ingredient
2707	5938	NP	NN	NN	man	pot	man	pot
2708	5938	phrasal_IN	(s:pss\np)\(s:pss\np)	pp	by a man	into a pot	by a man	into a pot
2709	5955	NP	NN	NN	dog	ball	dog	ball
2710	5955	NP	NN	NN	dog	dirt	dog	dirt
2711	5955	VP	VBG	VBG	leaving	chasing	leave	chase
2712	5955	NP	NN	NN	ball	dog	ball	dog
2713	5955	NP	NN	NN	ball	dirt	ball	dirt
2714	5955	NP	NN	NN	dirt	dog	dirt	dog
2715	5955	NP	NN	NN	dirt	ball	dirt	ball
2716	5955	phrasal_IN	pp	(s:ng\np)\(s:ng\np)	in the dirt	through dirt	in the dirt	through dirt
2717	6001	phrasal_JJ	JJ	JJ	brown	golden	brown	golden
2718	6001	NP	NN	NN	dog	fur	dog	fur
2719	6001	NP	NN	NN	dog	water	dog	water
2720	6001	NP	NN	n	dog	dog with golden fur	dog	dog with golden fur
2721	6001	NP	NN	n	dog	golden fur	dog	golden fur
2722	6001	NP	NN	NN	standing	dog	standing	dog
2723	6001	NP	NN	NN	standing	fur	standing	fur
2724	6001	NP	NN	NN	standing	water	standing	water
2725	6001	NP	NN	n	standing	dog with golden fur	standing	dog with golden fur
2726	6001	NP	NN	n	standing	golden fur	standing	golden fur
2727	6001	NP	NN	NN	water	dog	water	dog
2728	6001	NP	NN	NN	water	fur	water	fur
2729	6001	NP	NN	n	water	dog with golden fur	water	dog with golden fur
2730	6001	NP	NN	n	water	golden fur	water	golden fur
2731	6001	NP	n	NN	dog standing in the water	dog	dog standing in the water	dog
2732	6001	NP	n	NN	dog standing in the water	fur	dog standing in the water	fur
2733	6001	NP	n	NN	dog standing in the water	water	dog standing in the water	water
2734	6001	NP	n	n	dog standing in the water	dog with golden fur	dog standing in the water	dog with golden fur
2735	6001	NP	n	n	dog standing in the water	golden fur	dog standing in the water	golden fur
2736	6001	NP	n	NN	standing in the water	dog	standing in the water	dog
2737	6001	NP	n	NN	standing in the water	fur	standing in the water	fur
2738	6001	NP	n	NN	standing in the water	water	standing in the water	water
2739	6001	NP	n	n	standing in the water	dog with golden fur	standing in the water	dog with golden fur
2740	6001	NP	n	n	standing in the water	golden fur	standing in the water	golden fur
2741	6005	phrasal_JJ	JJ	JJ	young	pink	young	pink
2742	6005	phrasal_JJ	JJ	JJ	young	blue	young	blue
2743	6005	NP	NN	NN	girl	sign	girl	sign
2744	6005	NP	NN	NN	girl	shirt	girl	shirt
2745	6005	NP	NN	NN	girl	sidewalk	girl	sidewalk
2746	6005	NP	NN	n	girl	girl by a pink sign	girl	girl by a pink sign
2747	6005	NP	NN	n	girl	pink sign	girl	pink sign
2748	6005	NP	NN	n	girl	blue shirt	girl	blue shirt
2749	6005	phrasal_JJ	JJ	JJ	blue	young	blue	young
2750	6005	phrasal_JJ	JJ	JJ	blue	pink	blue	pink
2751	6005	NP	NN	NN	shirt	sign	shirt	sign
2752	6005	NP	NN	NN	shirt	sidewalk	shirt	sidewalk
2753	6005	NP	NN	n	shirt	girl by a pink sign	shirt	girl by a pink sign
2754	6005	NP	NN	n	shirt	pink sign	shirt	pink sign
2755	6005	NP	NN	n	shirt	blue shirt	shirt	blue shirt
2756	6005	VP	VBG	VBG	walking	holding	walk	hold
2757	6005	NP	NN	NN	sidewalk	girl	sidewalk	girl
2758	6005	NP	NN	NN	sidewalk	sign	sidewalk	sign
2759	6005	NP	NN	NN	sidewalk	shirt	sidewalk	shirt
2760	6005	NP	NN	n	sidewalk	girl by a pink sign	sidewalk	girl by a pink sign
2761	6005	NP	NN	n	sidewalk	pink sign	sidewalk	pink sign
2762	6005	NP	NN	n	sidewalk	blue shirt	sidewalk	blue shirt
2763	6005	VP	VBG	VBG	holding	walking	hold	walk
2764	6005	phrasal_JJ	JJ	JJ	pink	young	pink	young
2765	6005	phrasal_JJ	JJ	JJ	pink	blue	pink	blue
2766	6005	NP	NN	NN	sign	girl	sign	girl
2767	6005	NP	NN	NN	sign	shirt	sign	shirt
2768	6005	NP	NN	NN	sign	sidewalk	sign	sidewalk
2769	6005	NP	NN	n	sign	girl by a pink sign	sign	girl by a pink sign
2770	6005	NP	NN	n	sign	pink sign	sign	pink sign
2771	6005	NP	NN	n	sign	blue shirt	sign	blue shirt
2772	6005	NP	n	NN	girl in a blue shirt	girl	girl in a blue shirt	girl
2773	6005	NP	n	NN	girl in a blue shirt	sign	girl in a blue shirt	sign
2774	6005	NP	n	NN	girl in a blue shirt	shirt	girl in a blue shirt	shirt
2775	6005	NP	n	NN	girl in a blue shirt	sidewalk	girl in a blue shirt	sidewalk
2776	6005	NP	n	n	girl in a blue shirt	girl by a pink sign	girl in a blue shirt	girl by a pink sign
2777	6005	NP	n	n	girl in a blue shirt	pink sign	girl in a blue shirt	pink sign
2778	6005	NP	n	n	girl in a blue shirt	blue shirt	girl in a blue shirt	blue shirt
2779	6005	NP	n	NN	blue shirt	girl	blue shirt	girl
2780	6005	NP	n	NN	blue shirt	sign	blue shirt	sign
2781	6005	NP	n	NN	blue shirt	shirt	blue shirt	shirt
2782	6005	NP	n	NN	blue shirt	sidewalk	blue shirt	sidewalk
2783	6005	NP	n	n	blue shirt	girl by a pink sign	blue shirt	girl by a pink sign
2784	6005	NP	n	n	blue shirt	pink sign	blue shirt	pink sign
2785	6005	NP	n	NN	pink sign	girl	pink sign	girl
2786	6005	NP	n	NN	pink sign	sign	pink sign	sign
2787	6005	NP	n	NN	pink sign	shirt	pink sign	shirt
2788	6005	NP	n	NN	pink sign	sidewalk	pink sign	sidewalk
2789	6005	NP	n	n	pink sign	girl by a pink sign	pink sign	girl by a pink sign
2790	6005	NP	n	n	pink sign	blue shirt	pink sign	blue shirt
2791	6042	phrasal_JJ	JJ	JJ	small	young	small	young
2792	6042	NP	NN	NN	child	water	child	water
2793	6042	NP	NN	n	child	young child	child	young child
2794	6042	VP	VBG	VBG	walking	splashing	walk	splash
2795	6042	NP	NN	NN	water	child	water	child
2796	6042	NP	NN	n	water	young child	water	young child
2797	6042	VP	VBN	VBG	guided	splashing	guide	splash
2798	6042	NP	NN	NN	person	child	person	child
2799	6042	NP	NN	NN	person	water	person	water
2800	6042	NP	NN	n	person	young child	person	young child
2801	6042	NP	n	NN	small child	child	small child	child
2802	6042	NP	n	NN	small child	water	small child	water
2803	6042	NP	n	n	small child	young child	small child	young child
2804	6042	phrasal_IN	(s:dcl\np)\(s:dcl\np)	pp	through the water	in the water	through the water	in the water
2805	6042	phrasal_IN	(s:pss\np)\(s:pss\np)	pp	by another person	in the water	by another person	in the water
2806	6047	NP	NN	NN	man	beige	man	beige
2807	6047	NP	NN	NNS	man	shirts	man	shirt
2808	6047	NP	NN	NN	man	monitor	man	monitor
2809	6047	NP	NN	NN	man	background	man	background
2810	6047	NP	NN	n	man	beige room	man	beige room
2811	6047	NP	NN	n	man	dark colored shirts	man	dark colored shirt
2812	6047	NP	NN	NN	woman	beige	woman	beige
2813	6047	NP	NN	NN	woman	room	woman	room
2814	6047	NP	NN	NNS	woman	shirts	woman	shirt
2815	6047	NP	NN	NN	woman	monitor	woman	monitor
2816	6047	NP	NN	NN	woman	background	woman	background
2817	6047	NP	NN	n	woman	beige room	woman	beige room
2818	6047	NP	NN	n	woman	dark colored shirts	woman	dark colored shirt
2819	6047	NP	NN	NN	room	woman	room	woman
2820	6047	NP	NN	NN	room	beige	room	beige
2821	6047	NP	NN	NNS	room	shirts	room	shirt
2822	6047	NP	NN	NN	room	monitor	room	monitor
2823	6047	NP	NN	NN	room	background	room	background
2824	6047	NP	NN	n	room	beige room	room	beige room
2825	6047	NP	NN	n	room	dark colored shirts	room	dark colored shirt
2826	6047	VP	VBN	VBG	painted	wearing	paint	wear
2827	6047	NP	NN	NN	beige	man	beige	man
2828	6047	NP	NN	NN	beige	woman	beige	woman
2829	6047	NP	NN	NN	beige	room	beige	room
2830	6047	NP	NN	NNS	beige	shirts	beige	shirt
2831	6047	NP	NN	NN	beige	monitor	beige	monitor
2832	6047	NP	NN	NN	beige	background	beige	background
2833	6047	NP	NN	n	beige	beige room	beige	beige room
2834	6047	NP	NN	n	beige	dark colored shirts	beige	dark colored shirt
2835	6047	phrasal_JJ	JJ	JJ	dark	colored	dark	colored
2836	6047	phrasal_JJ	JJ	JJ	colored	dark	colored	dark
2837	6047	NP	NNS	NN	shirts	man	shirt	man
2838	6047	NP	NNS	NN	shirts	woman	shirt	woman
2839	6047	NP	NNS	NN	shirts	beige	shirt	beige
2840	6047	NP	NNS	NN	shirts	room	shirt	room
2841	6047	NP	NNS	NN	shirts	monitor	shirt	monitor
2842	6047	NP	NNS	NN	shirts	background	shirt	background
2843	6047	NP	NNS	n	shirts	beige room	shirt	beige room
2844	6047	NP	NNS	n	shirts	dark colored shirts	shirt	dark colored shirt
2845	6047	NP	NN	NN	monitor	man	monitor	man
2846	6047	NP	NN	NN	monitor	woman	monitor	woman
2847	6047	NP	NN	NN	monitor	beige	monitor	beige
2848	6047	NP	NN	NN	monitor	room	monitor	room
2849	6047	NP	NN	NNS	monitor	shirts	monitor	shirt
2850	6047	NP	NN	NN	monitor	background	monitor	background
2851	6047	NP	NN	n	monitor	beige room	monitor	beige room
2852	6047	NP	NN	n	monitor	dark colored shirts	monitor	dark colored shirt
2853	6047	NP	NN	NN	background	man	background	man
2854	6047	NP	NN	NN	background	woman	background	woman
2855	6047	NP	NN	NN	background	beige	background	beige
2856	6047	NP	NN	NN	background	room	background	room
2857	6047	NP	NN	NNS	background	shirts	background	shirt
2858	6047	NP	NN	NN	background	monitor	background	monitor
2859	6047	NP	NN	n	background	beige room	background	beige room
2860	6047	NP	NN	n	background	dark colored shirts	background	dark colored shirt
2861	6047	phrasal_IN	pp	pp	in a room painted beige	in a beige room	in a room paint beige	in a beige room
2862	6047	phrasal_IN	pp	pp	in a room painted beige	in the background	in a room paint beige	in the background
2863	6047	NP	n	NN	room painted beige	man	room paint beige	man
2864	6047	NP	n	NN	room painted beige	woman	room paint beige	woman
2865	6047	NP	n	NN	room painted beige	beige	room paint beige	beige
2866	6047	NP	n	NN	room painted beige	room	room paint beige	room
2867	6047	NP	n	NNS	room painted beige	shirts	room paint beige	shirt
2868	6047	NP	n	NN	room painted beige	monitor	room paint beige	monitor
2869	6047	NP	n	NN	room painted beige	background	room paint beige	background
2870	6047	NP	n	n	room painted beige	beige room	room paint beige	beige room
2871	6047	NP	n	n	room painted beige	dark colored shirts	room paint beige	dark colored shirt
2872	6047	NP	n	NN	dark colored shirts	man	dark colored shirt	man
2873	6047	NP	n	NN	dark colored shirts	woman	dark colored shirt	woman
2874	6047	NP	n	NN	dark colored shirts	beige	dark colored shirt	beige
2875	6047	NP	n	NN	dark colored shirts	room	dark colored shirt	room
2876	6047	NP	n	NNS	dark colored shirts	shirts	dark colored shirt	shirt
2877	6047	NP	n	NN	dark colored shirts	monitor	dark colored shirt	monitor
2878	6047	NP	n	NN	dark colored shirts	background	dark colored shirt	background
2879	6047	NP	n	n	dark colored shirts	beige room	dark colored shirt	beige room
2880	6047	phrasal_IN	pp	pp	in the background	in a beige room	in the background	in a beige room
2881	6078	NP	NN	NNS	person	jeans	person	jeans
2882	6078	NP	NN	NN	person	saddle	person	saddle
2883	6078	NP	NN	n	person	woman in jeans	person	woman in jeans
2884	6078	NP	NN	n	person	saddle of a horse	person	saddle of a horse
2885	6078	VP	VBG	VBG	wearing	sitting	wear	sit
2886	6078	NP	NNS	NN	jeans	woman	jeans	woman
2887	6078	NP	NNS	NN	jeans	saddle	jeans	saddle
2888	6078	NP	NNS	NN	jeans	horse	jeans	horse
2889	6078	NP	NNS	n	jeans	woman in jeans	jeans	woman in jeans
2890	6078	NP	NNS	n	jeans	saddle of a horse	jeans	saddle of a horse
2891	6078	NP	NN	NN	top	woman	top	woman
2892	6078	NP	NN	NNS	top	jeans	top	jeans
2893	6078	NP	NN	NN	top	saddle	top	saddle
2894	6078	NP	NN	NN	top	horse	top	horse
2895	6078	NP	NN	n	top	woman in jeans	top	woman in jeans
2896	6078	NP	NN	n	top	saddle of a horse	top	saddle of a horse
2897	6078	NP	NN	NNS	horse	jeans	horse	jeans
2898	6078	NP	NN	NN	horse	saddle	horse	saddle
2899	6078	NP	NN	n	horse	woman in jeans	horse	woman in jeans
2900	6078	NP	NN	n	horse	saddle of a horse	horse	saddle of a horse
2901	6078	NP	NN	NN	saddle	woman	saddle	woman
2902	6078	NP	NN	NNS	saddle	jeans	saddle	jeans
2903	6078	NP	NN	NN	saddle	horse	saddle	horse
2904	6078	NP	NN	n	saddle	woman in jeans	saddle	woman in jeans
2905	6078	NP	NN	n	saddle	saddle of a horse	saddle	saddle of a horse
2906	6078	NP	n	NN	person wearing jeans	woman	person wear jeans	woman
2907	6078	NP	n	NNS	person wearing jeans	jeans	person wear jeans	jeans
2908	6078	NP	n	NN	person wearing jeans	saddle	person wear jeans	saddle
2909	6078	NP	n	NN	person wearing jeans	horse	person wear jeans	horse
2910	6078	NP	n	n	person wearing jeans	woman in jeans	person wear jeans	woman in jeans
2911	6078	NP	n	n	person wearing jeans	saddle of a horse	person wear jeans	saddle of a horse
2912	6078	NP	n	NN	top of a horse saddle	woman	top of a horse saddle	woman
2913	6078	NP	n	NNS	top of a horse saddle	jeans	top of a horse saddle	jeans
2914	6078	NP	n	NN	top of a horse saddle	saddle	top of a horse saddle	saddle
2915	6078	NP	n	NN	top of a horse saddle	horse	top of a horse saddle	horse
2916	6078	NP	n	n	top of a horse saddle	woman in jeans	top of a horse saddle	woman in jeans
2917	6078	NP	n	n	top of a horse saddle	saddle of a horse	top of a horse saddle	saddle of a horse
2918	6078	NP	n	NN	horse saddle	woman	horse saddle	woman
2919	6078	NP	n	NNS	horse saddle	jeans	horse saddle	jeans
2920	6078	NP	n	NN	horse saddle	saddle	horse saddle	saddle
2921	6078	NP	n	NN	horse saddle	horse	horse saddle	horse
2922	6078	NP	n	n	horse saddle	woman in jeans	horse saddle	woman in jeans
2923	6078	NP	n	n	horse saddle	saddle of a horse	horse saddle	saddle of a horse
2924	6119	phrasal_JJ	JJ	JJ	brown	black	brown	black
2925	6119	NP	NN	NN	dog	baseball	dog	baseball
2926	6119	NP	NN	NN	dog	mouth	dog	mouth
2927	6119	NP	NN	n	dog	black and white dog	dog	black and white dog
2928	6119	NP	NN	n	dog	baseball from its mouth	dog	baseball from its mouth
2929	6119	VP	VBG	VBG	holding	dropping	hold	drop
2930	6119	NP	NN	NN	baseball	dog	baseball	dog
2931	6119	NP	NN	NN	baseball	mouth	baseball	mouth
2932	6119	NP	NN	n	baseball	black and white dog	baseball	black and white dog
2933	6119	NP	NN	n	baseball	baseball from its mouth	baseball	baseball from its mouth
2934	6119	NP	NN	NN	mouth	baseball	mouth	baseball
2935	6119	NP	NN	n	mouth	black and white dog	mouth	black and white dog
2936	6119	NP	NN	n	mouth	baseball from its mouth	mouth	baseball from its mouth
2937	6119	NP	n	NN	brown and white dog	baseball	brown and white dog	baseball
2938	6119	NP	n	NN	brown and white dog	mouth	brown and white dog	mouth
2939	6119	NP	n	n	brown and white dog	black and white dog	brown and white dog	black and white dog
2940	6119	NP	n	n	brown and white dog	baseball from its mouth	brown and white dog	baseball from its mouth
2941	6131	phrasal_JJ	JJ	JJ	young	red	young	red
2942	6131	NP	NN	NNS	boy	shorts	boy	shorts
2943	6131	NP	NN	NN	boy	paddling	boy	paddling
2944	6131	NP	NN	NN	boy	pool	boy	pool
2945	6131	NP	NN	n	boy	boy wearing red shorts	boy	boy wear red shorts
2946	6131	NP	NN	n	boy	red shorts	boy	red shorts
2947	6131	NP	NN	n	boy	paddling pool	boy	paddling pool
2948	6131	VP	VBG	VBG	wearing	jumping	wear	jump
2949	6131	NP	NN	NN	swimsuit	boy	swimsuit	boy
2950	6131	NP	NN	NNS	swimsuit	shorts	swimsuit	shorts
2951	6131	NP	NN	NN	swimsuit	paddling	swimsuit	paddling
2952	6131	NP	NN	NN	swimsuit	pool	swimsuit	pool
2953	6131	NP	NN	n	swimsuit	boy wearing red shorts	swimsuit	boy wear red shorts
2954	6131	NP	NN	n	swimsuit	red shorts	swimsuit	red shorts
2955	6131	NP	NN	n	swimsuit	paddling pool	swimsuit	paddling pool
2956	6131	VP	VBG	VBG	jumping	wearing	jump	wear
2957	6131	phrasal_JJ	JJ	JJ	blue	red	blue	red
2958	6131	NP	NNS	NN	kiddies	boy	kiddie	boy
2959	6131	NP	NNS	NNS	kiddies	shorts	kiddie	shorts
2960	6131	NP	NNS	NN	kiddies	paddling	kiddie	paddling
2961	6131	NP	NNS	NN	kiddies	pool	kiddie	pool
2962	6131	NP	NNS	n	kiddies	boy wearing red shorts	kiddie	boy wear red shorts
2963	6131	NP	NNS	n	kiddies	red shorts	kiddie	red shorts
2964	6131	NP	NNS	n	kiddies	paddling pool	kiddie	paddling pool
2965	6131	NP	NN	NN	pool	boy	pool	boy
2966	6131	NP	NN	NNS	pool	shorts	pool	shorts
2967	6131	NP	NN	NN	pool	paddling	pool	paddling
2968	6131	NP	NN	n	pool	boy wearing red shorts	pool	boy wear red shorts
2969	6131	NP	NN	n	pool	red shorts	pool	red shorts
2970	6131	NP	NN	n	pool	paddling pool	pool	paddling pool
2971	6131	NP	n	NN	boy wearing a red swimsuit	boy	boy wear a red swimsuit	boy
2972	6131	NP	n	NNS	boy wearing a red swimsuit	shorts	boy wear a red swimsuit	shorts
2973	6131	NP	n	NN	boy wearing a red swimsuit	paddling	boy wear a red swimsuit	paddling
2974	6131	NP	n	NN	boy wearing a red swimsuit	pool	boy wear a red swimsuit	pool
2975	6131	NP	n	n	boy wearing a red swimsuit	boy wearing red shorts	boy wear a red swimsuit	boy wear red shorts
2976	6131	NP	n	n	boy wearing a red swimsuit	red shorts	boy wear a red swimsuit	red shorts
2977	6131	NP	n	n	boy wearing a red swimsuit	paddling pool	boy wear a red swimsuit	paddling pool
2978	6131	NP	n	NN	red swimsuit	boy	red swimsuit	boy
2979	6131	NP	n	NNS	red swimsuit	shorts	red swimsuit	shorts
2980	6131	NP	n	NN	red swimsuit	paddling	red swimsuit	paddling
2981	6131	NP	n	NN	red swimsuit	pool	red swimsuit	pool
2982	6131	NP	n	n	red swimsuit	boy wearing red shorts	red swimsuit	boy wear red shorts
2983	6131	NP	n	n	red swimsuit	red shorts	red swimsuit	red shorts
2984	6131	NP	n	n	red swimsuit	paddling pool	red swimsuit	paddling pool
2985	6131	phrasal_IN	pp	pp	into a blue kiddies pool	into a paddling pool	into a blue kiddie pool	into a paddling pool
2986	6131	NP	n	NN	blue kiddies pool	boy	blue kiddie pool	boy
2987	6131	NP	n	NNS	blue kiddies pool	shorts	blue kiddie pool	shorts
2988	6131	NP	n	NN	blue kiddies pool	paddling	blue kiddie pool	paddling
2989	6131	NP	n	NN	blue kiddies pool	pool	blue kiddie pool	pool
2990	6131	NP	n	n	blue kiddies pool	boy wearing red shorts	blue kiddie pool	boy wear red shorts
2991	6131	NP	n	n	blue kiddies pool	red shorts	blue kiddie pool	red shorts
2992	6131	NP	n	n	blue kiddies pool	paddling pool	blue kiddie pool	paddling pool
2993	6146	NP	NNS	NN	people	ocean	people	ocean
2994	6146	NP	NNS	NN	people	sunset	people	sunset
2995	6146	VP	VBG	VBG	standing	watching	stand	watch
2996	6146	NP	NN	NN	ocean	sunset	ocean	sunset
2997	6146	VP	VBG	VBG	watching	standing	watch	stand
2998	6146	NP	NN	NN	sunset	ocean	sunset	ocean
2999	6146	NP	n	NN	Two people	ocean	two people	ocean
3000	6146	NP	n	NN	Two people	sunset	two people	sunset
3001	6153	NP	NN	NN	race	car	race	car
3002	6153	NP	NN	NN	race	driver	race	driver
3003	6153	NP	NN	n	race	race car driver	race	race car driver
3004	6153	NP	NN	NN	car	race	car	race
3005	6153	NP	NN	NN	car	driver	car	driver
3006	6153	NP	NN	n	car	race car driver	car	race car driver
3007	6153	NP	NN	NN	driver	race	driver	race
3008	6153	NP	NN	NN	driver	car	driver	car
3009	6153	NP	NN	n	driver	race car driver	driver	race car driver
3010	6153	VP	VBG	VBG	standing	sitting	stand	sit
3011	6153	VP	VBG	VBG	pointing	sitting	point	sit
3012	6153	NP	NN	NN	hand	race	hand	race
3013	6153	NP	NN	NN	hand	car	hand	car
3014	6153	NP	NN	NN	hand	driver	hand	driver
3015	6153	NP	NN	n	hand	race car driver	hand	race car driver
3016	6153	NP	NN	NN	sky	race	sky	race
3017	6153	NP	NN	NN	sky	car	sky	car
3018	6153	NP	NN	NN	sky	driver	sky	driver
3019	6153	NP	NN	n	sky	race car driver	sky	race car driver
3020	6153	NP	n	NN	race car driver	race	race car driver	race
3021	6153	NP	n	NN	race car driver	car	race car driver	car
3022	6153	NP	n	NN	race car driver	driver	race car driver	driver
3023	6158	NP	NN	NN	race	person	race	person
3024	6158	NP	NN	NN	race	jacket	race	jacket
3025	6158	NP	NN	NN	race	helmet	race	helmet
3026	6158	NP	NN	n	race	person in the blue jacket	race	person in the blue jacket
3027	6158	NP	NN	n	race	blue jacket	race	blue jacket
3028	6158	NP	NN	n	race	colorful helmet	race	colorful helmet
3029	6158	NP	NN	NN	car	person	car	person
3030	6158	NP	NN	NN	car	jacket	car	jacket
3031	6158	NP	NN	NN	car	helmet	car	helmet
3032	6158	NP	NN	n	car	person in the blue jacket	car	person in the blue jacket
3033	6158	NP	NN	n	car	blue jacket	car	blue jacket
3034	6158	NP	NN	n	car	colorful helmet	car	colorful helmet
3035	6158	NP	NN	NN	driver	person	driver	person
3036	6158	NP	NN	NN	driver	jacket	driver	jacket
3037	6158	NP	NN	NN	driver	helmet	driver	helmet
3038	6158	NP	NN	n	driver	person in the blue jacket	driver	person in the blue jacket
3039	6158	NP	NN	n	driver	blue jacket	driver	blue jacket
3040	6158	NP	NN	n	driver	colorful helmet	driver	colorful helmet
3041	6158	VP	VBG	VBG	standing	wearing	stand	wear
3042	6158	VP	VBG	VBG	pointing	wearing	point	wear
3043	6158	NP	NN	NN	hand	person	hand	person
3044	6158	NP	NN	NN	hand	jacket	hand	jacket
3045	6158	NP	NN	NN	hand	helmet	hand	helmet
3046	6158	NP	NN	n	hand	person in the blue jacket	hand	person in the blue jacket
3047	6158	NP	NN	n	hand	blue jacket	hand	blue jacket
3048	6158	NP	NN	n	hand	colorful helmet	hand	colorful helmet
3049	6158	NP	NN	NN	sky	person	sky	person
3050	6158	NP	NN	NN	sky	jacket	sky	jacket
3051	6158	NP	NN	NN	sky	helmet	sky	helmet
3052	6158	NP	NN	n	sky	person in the blue jacket	sky	person in the blue jacket
3053	6158	NP	NN	n	sky	blue jacket	sky	blue jacket
3054	6158	NP	NN	n	sky	colorful helmet	sky	colorful helmet
3055	6158	NP	n	NN	race car driver	person	race car driver	person
3056	6158	NP	n	NN	race car driver	jacket	race car driver	jacket
3057	6158	NP	n	NN	race car driver	helmet	race car driver	helmet
3058	6158	NP	n	n	race car driver	person in the blue jacket	race car driver	person in the blue jacket
3059	6158	NP	n	n	race car driver	blue jacket	race car driver	blue jacket
3060	6158	NP	n	n	race car driver	colorful helmet	race car driver	colorful helmet
3061	6203	NP	NN	NN	bicyclist	cyclist	bicyclist	cyclist
3062	6203	NP	NN	NNS	bicyclist	heads	bicyclist	head
3063	6203	NP	NN	NN	bicyclist	group	bicyclist	group
3064	6203	NP	NN	NNS	bicyclist	people	bicyclist	people
3065	6203	NP	NN	NN	bicyclist	bike	bicyclist	bike
3066	6203	NP	NN	n	bicyclist	people with the bike	bicyclist	people with the bike
3067	6203	VP	VBG	VBN	holding	held	hold	hold
3068	6203	NP	NN	NN	bike	cyclist	bike	cyclist
3069	6203	NP	NN	NNS	bike	heads	bike	head
3070	6203	NP	NN	NN	bike	group	bike	group
3071	6203	NP	NN	n	bike	people with the bike	bike	people with the bike
3072	6203	NP	NN	NN	head	cyclist	head	cyclist
3073	6203	NP	NN	NNS	head	heads	head	head
3074	6203	NP	NN	NN	head	group	head	group
3075	6203	NP	NN	NNS	head	people	head	people
3076	6203	NP	NN	NN	head	bike	head	bike
3077	6203	NP	NN	n	head	people with the bike	head	people with the bike
3078	6203	NP	NN	NN	group	cyclist	group	cyclist
3079	6203	NP	NN	NNS	group	heads	group	head
3080	6203	NP	NN	NN	group	bike	group	bike
3081	6203	NP	NN	n	group	people with the bike	group	people with the bike
3082	6203	NP	NNS	NN	people	cyclist	people	cyclist
3083	6203	NP	NNS	NNS	people	heads	people	head
3084	6203	NP	NNS	NN	people	bike	people	bike
3085	6203	NP	NNS	n	people	people with the bike	people	people with the bike
3086	6203	NP	n	NN	group of people	cyclist	group of people	cyclist
3087	6203	NP	n	NNS	group of people	heads	group of people	head
3088	6203	NP	n	NN	group of people	bike	group of people	bike
3089	6203	NP	n	n	group of people	people with the bike	group of people	people with the bike
3090	6213	NP	NN	NN	man	front	man	front
3091	6213	NP	NN	NN	man	sunset	man	sunset
3092	6213	NP	NN	NN	man	flag	man	flag
3093	6213	NP	NN	n	man	sunset near a flag	man	sunset near a flag
3094	6213	NP	NN	NN	boat	front	boat	front
3095	6213	NP	NN	NN	boat	sunset	boat	sunset
3096	6213	NP	NN	NN	boat	flag	boat	flag
3097	6213	NP	NN	n	boat	sunset near a flag	boat	sunset near a flag
3098	6213	NP	NN	NN	font	man	font	man
3099	6213	NP	NN	NN	font	boat	font	boat
3100	6213	NP	NN	NN	font	front	font	front
3101	6213	NP	NN	NN	font	sunset	font	sunset
3102	6213	NP	NN	NN	font	flag	font	flag
3103	6213	NP	NN	n	font	sunset near a flag	font	sunset near a flag
3104	6213	NP	NN	NN	sunset	boat	sunset	boat
3105	6213	NP	NN	NN	sunset	front	sunset	front
3106	6213	NP	NN	NN	sunset	flag	sunset	flag
3107	6213	NP	NN	n	sunset	sunset near a flag	sunset	sunset near a flag
3108	6213	NP	NN	NN	flag	man	flag	man
3109	6213	NP	NN	NN	flag	boat	flag	boat
3110	6213	NP	NN	NN	flag	front	flag	front
3111	6213	NP	NN	NN	flag	sunset	flag	sunset
3112	6213	NP	NN	n	flag	sunset near a flag	flag	sunset near a flag
3113	6213	NP	n	NN	font of the sunset	man	font of the sunset	man
3114	6213	NP	n	NN	font of the sunset	boat	font of the sunset	boat
3115	6213	NP	n	NN	font of the sunset	front	font of the sunset	front
3116	6213	NP	n	NN	font of the sunset	sunset	font of the sunset	sunset
3117	6213	NP	n	NN	font of the sunset	flag	font of the sunset	flag
3118	6213	NP	n	n	font of the sunset	sunset near a flag	font of the sunset	sunset near a flag
3119	6219	NP	NN	n	man	front of the sunset	man	front of the sunset
3120	6219	NP	NN	n	boat	front of the sunset	boat	front of the sunset
3121	6219	NP	NN	NN	front	man	front	man
3122	6219	NP	NN	NN	front	boat	front	boat
3123	6219	NP	NN	NN	front	sunset	front	sunset
3124	6219	NP	NN	n	front	front of the sunset	front	front of the sunset
3125	6219	NP	NN	n	sunset	front of the sunset	sunset	front of the sunset
3126	6219	NP	NN	n	flag	front of the sunset	flag	front of the sunset
3127	6219	NP	n	NN	sunset near a flag	man	sunset near a flag	man
3128	6219	NP	n	NN	sunset near a flag	boat	sunset near a flag	boat
3129	6219	NP	n	NN	sunset near a flag	front	sunset near a flag	front
3130	6219	NP	n	NN	sunset near a flag	sunset	sunset near a flag	sunset
3131	6219	NP	n	n	sunset near a flag	front of the sunset	sunset near a flag	front of the sunset
3132	6228	NP	NNS	NN	People	crowd	people	crowd
3133	6228	NP	NNS	NN	People	racing	people	racing
3134	6228	NP	NNS	NNS	People	cars	people	car
3135	6228	NP	NNS	NN	People	line	people	line
3136	6228	NP	NNS	n	People	starting line	people	start line
3137	6228	NP	NN	NN	drag	crowd	drag	crowd
3138	6228	NP	NN	NN	drag	racing	drag	racing
3139	6228	NP	NN	NNS	drag	cars	drag	car
3140	6228	NP	NN	NN	drag	line	drag	line
3141	6228	NP	NN	n	drag	starting line	drag	start line
3142	6228	NP	NN	NN	race	crowd	race	crowd
3143	6228	NP	NN	NN	race	racing	race	racing
3144	6228	NP	NN	NNS	race	cars	race	car
3145	6228	NP	NN	NN	race	line	race	line
3146	6228	NP	NN	n	race	starting line	race	start line
3147	6228	VP	VBG	VBG	running	watching	run	watch
3148	6228	VP	VBG	VBG	running	leaving	run	leave
3149	6228	VP	VBG	VBG	running	starting	run	start
3150	6228	NP	NNS	NN	flames	crowd	flame	crowd
3151	6228	NP	NNS	NN	flames	racing	flame	racing
3152	6228	NP	NNS	NNS	flames	cars	flame	car
3153	6228	NP	NNS	NN	flames	line	flame	line
3154	6228	NP	NNS	n	flames	starting line	flame	start line
3155	6228	VP	VBG	VBG	coming	watching	come	watch
3156	6228	VP	VBG	VBG	coming	leaving	come	leave
3157	6228	VP	VBG	VBG	coming	starting	come	start
3158	6228	NP	NNS	NN	cars	crowd	car	crowd
3159	6228	NP	NNS	NN	cars	racing	car	racing
3160	6228	NP	NNS	NN	cars	line	car	line
3161	6228	NP	NNS	n	cars	starting line	car	start line
3162	6228	NP	n	NN	People at a drag race	crowd	people at a drag race	crowd
3163	6228	NP	n	NN	People at a drag race	racing	people at a drag race	racing
3164	6228	NP	n	NNS	People at a drag race	cars	people at a drag race	car
3165	6228	NP	n	NN	People at a drag race	line	people at a drag race	line
3166	6228	NP	n	n	People at a drag race	starting line	people at a drag race	start line
3167	6228	NP	n	NN	drag race	crowd	drag race	crowd
3168	6228	NP	n	NN	drag race	racing	drag race	racing
3169	6228	NP	n	NNS	drag race	cars	drag race	car
3170	6228	NP	n	NN	drag race	line	drag race	line
3171	6228	NP	n	n	drag race	starting line	drag race	start line
3172	6231	NP	NNS	NN	dogs	grass	dog	grass
3173	6231	VP	VBG	VBG	playing	resting	play	rest
3174	6231	NP	NN	NNS	grass	dogs	grass	dog
3175	6231	NP	NN	n	grass	Two dogs	grass	two dog
3176	6231	NP	n	NN	Two dogs	grass	two dog	grass
3177	6231	phrasal_IN	(s:ng\np)\(s:ng\np)	(s:ng\np)\(s:ng\np)	on the grass	in the grass	on the grass	in the grass
3178	6280	NP	NN	n	dog	black dog	dog	black dog
3179	6280	NP	NN	n	grass	black dog	grass	black dog
3180	6287	NP	NN	NN	tongue	dog	tongue	dog
3181	6287	NP	NN	NN	tongue	grass	tongue	grass
3182	6287	NP	NN	n	tongue	black dog	tongue	black dog
3183	6287	VP	VBG	VBG	hanging	running	hang	run
3184	6287	NP	n	NN	black dog	dog	black dog	dog
3185	6287	NP	n	NN	black dog	grass	black dog	grass
3186	6315	phrasal_JJ	JJ	JJ	yellow	white	yellow	white
3187	6315	phrasal_JJ	JJ	JJ	yellow	sunny	yellow	sunny
3188	6315	NP	NN	NN	dog	snow	dog	snow
3189	6315	NP	NN	NN	dog	day	dog	day
3190	6315	NP	NN	n	dog	yellow dog	dog	yellow dog
3191	6315	NP	NN	n	dog	white snow	dog	white snow
3192	6315	NP	NN	n	dog	sunny day	dog	sunny day
3193	6315	phrasal_JJ	JJ	JJ	white	yellow	white	yellow
3194	6315	phrasal_JJ	JJ	JJ	white	sunny	white	sunny
3195	6315	NP	NN	NN	snow	dog	snow	dog
3196	6315	NP	NN	NN	snow	day	snow	day
3197	6315	NP	NN	n	snow	yellow dog	snow	yellow dog
3198	6315	NP	NN	n	snow	white snow	snow	white snow
3199	6315	NP	NN	n	snow	sunny day	snow	sunny day
3200	6315	phrasal_JJ	JJ	JJ	sunny	yellow	sunny	yellow
3201	6315	phrasal_JJ	JJ	JJ	sunny	white	sunny	white
3202	6315	NP	NN	NN	day	dog	day	dog
3203	6315	NP	NN	NN	day	snow	day	snow
3204	6315	NP	NN	n	day	yellow dog	day	yellow dog
3205	6315	NP	NN	n	day	white snow	day	white snow
3206	6315	NP	NN	n	day	sunny day	day	sunny day
3207	6315	NP	n	NN	yellow dog	dog	yellow dog	dog
3208	6315	NP	n	NN	yellow dog	snow	yellow dog	snow
3209	6315	NP	n	NN	yellow dog	day	yellow dog	day
3210	6315	NP	n	n	yellow dog	white snow	yellow dog	white snow
3211	6315	NP	n	n	yellow dog	sunny day	yellow dog	sunny day
3212	6315	phrasal_IN	pp	(s:dcl\np)\(s:dcl\np)	on white snow	on a sunny day	on white snow	on a sunny day
3213	6315	NP	n	NN	white snow	dog	white snow	dog
3214	6315	NP	n	NN	white snow	snow	white snow	snow
3215	6315	NP	n	NN	white snow	day	white snow	day
3216	6315	NP	n	n	white snow	yellow dog	white snow	yellow dog
3217	6315	NP	n	n	white snow	sunny day	white snow	sunny day
3218	6315	phrasal_IN	(s:dcl\np)\(s:dcl\np)	pp	on a very sunny day	on white snow	on a very sunny day	on white snow
3219	6315	phrasal_IN	(s:dcl\np)\(s:dcl\np)	(s:dcl\np)\(s:dcl\np)	on a very sunny day	on a sunny day	on a very sunny day	on a sunny day
3220	6315	NP	n	NN	very sunny day	dog	very sunny day	dog
3221	6315	NP	n	NN	very sunny day	snow	very sunny day	snow
3222	6315	NP	n	NN	very sunny day	day	very sunny day	day
3223	6315	NP	n	n	very sunny day	yellow dog	very sunny day	yellow dog
3224	6315	NP	n	n	very sunny day	white snow	very sunny day	white snow
3225	6315	NP	n	n	very sunny day	sunny day	very sunny day	sunny day
3226	6330	NP	NN	NN	girl	boy	girl	boy
3227	6330	NP	NN	NN	girl	tree	girl	tree
3228	6330	NP	NN	NN	girl	desert	girl	desert
3229	6330	NP	NN	n	girl	boy in a pink shirt	girl	boy in a pink shirt
3230	6330	NP	NN	n	girl	pink shirt	girl	pink shirt
3231	6330	VP	VBG	VBG	wearing	running	wear	run
3232	6330	NP	NNS	NN	jeans	boy	jeans	boy
3233	6330	NP	NNS	NN	jeans	shirt	jeans	shirt
3234	6330	NP	NNS	NN	jeans	tree	jeans	tree
3235	6330	NP	NNS	NN	jeans	desert	jeans	desert
3236	6330	NP	NNS	n	jeans	boy in a pink shirt	jeans	boy in a pink shirt
3237	6330	NP	NNS	n	jeans	pink shirt	jeans	pink shirt
3238	6330	phrasal_JJ	JJ	JJ	pink	little	pink	little
3239	6330	NP	NN	NN	shirt	boy	shirt	boy
3240	6330	NP	NN	NN	shirt	tree	shirt	tree
3241	6330	NP	NN	NN	shirt	desert	shirt	desert
3242	6330	NP	NN	n	shirt	boy in a pink shirt	shirt	boy in a pink shirt
3243	6330	NP	NN	n	shirt	pink shirt	shirt	pink shirt
3244	6330	NP	n	NN	pink shirt	boy	pink shirt	boy
3245	6330	NP	n	NN	pink shirt	shirt	pink shirt	shirt
3246	6330	NP	n	NN	pink shirt	tree	pink shirt	tree
3247	6330	NP	n	NN	pink shirt	desert	pink shirt	desert
3248	6330	NP	n	n	pink shirt	boy in a pink shirt	pink shirt	boy in a pink shirt
3249	6344	NP	NN	NN	dog	reindeer	dog	reindeer
3250	6344	NP	NN	NNS	dog	ears	dog	ear
3251	6344	NP	NN	n	dog	white reindeer wearing dog ears	dog	white reindeer wear dog ear
3252	6344	NP	NN	n	dog	reindeer wearing dog ears	dog	reindeer wear dog ear
3253	6344	NP	NN	n	dog	dog ears	dog	dog ear
3254	6344	NP	NN	n	dog	brown reindeer	dog	brown reindeer
3255	6344	NP	NNP	NN	Christmas	reindeer	Christmas	reindeer
3256	6344	NP	NNP	NN	Christmas	dog	Christmas	dog
3257	6344	NP	NNP	NNS	Christmas	ears	Christmas	ear
3258	6344	NP	NNP	n	Christmas	white reindeer wearing dog ears	Christmas	white reindeer wear dog ear
3259	6344	NP	NNP	n	Christmas	reindeer wearing dog ears	Christmas	reindeer wear dog ear
3260	6344	NP	NNP	n	Christmas	dog ears	Christmas	dog ear
3261	6344	NP	NNP	n	Christmas	brown reindeer	Christmas	brown reindeer
3262	6344	NP	NN	NN	reindeer	dog	reindeer	dog
3263	6344	NP	NN	NNS	reindeer	ears	reindeer	ear
3264	6344	NP	NN	n	reindeer	white reindeer wearing dog ears	reindeer	white reindeer wear dog ear
3265	6344	NP	NN	n	reindeer	reindeer wearing dog ears	reindeer	reindeer wear dog ear
3266	6344	NP	NN	n	reindeer	dog ears	reindeer	dog ear
3267	6344	NP	NN	n	reindeer	brown reindeer	reindeer	brown reindeer
3268	6344	NP	NN	NN	headband	reindeer	headband	reindeer
3269	6344	NP	NN	NN	headband	dog	headband	dog
3270	6344	NP	NN	NNS	headband	ears	headband	ear
3271	6344	NP	NN	n	headband	white reindeer wearing dog ears	headband	white reindeer wear dog ear
3272	6344	NP	NN	n	headband	reindeer wearing dog ears	headband	reindeer wear dog ear
3273	6344	NP	NN	n	headband	dog ears	headband	dog ear
3274	6344	NP	NN	n	headband	brown reindeer	headband	brown reindeer
3275	6344	VP	VBG	VBG	playing	wearing	play	wear
3276	6344	NP	NN	NN	grass	reindeer	grass	reindeer
3277	6344	NP	NN	NNS	grass	ears	grass	ear
3278	6344	NP	NN	n	grass	white reindeer wearing dog ears	grass	white reindeer wear dog ear
3279	6344	NP	NN	n	grass	reindeer wearing dog ears	grass	reindeer wear dog ear
3280	6344	NP	NN	n	grass	dog ears	grass	dog ear
3281	6344	NP	NN	n	grass	brown reindeer	grass	brown reindeer
3282	6344	NP	n	NN	white dog	reindeer	white dog	reindeer
3283	6344	NP	n	NNS	white dog	ears	white dog	ear
3284	6344	NP	n	n	white dog	white reindeer wearing dog ears	white dog	white reindeer wear dog ear
3285	6344	NP	n	n	white dog	reindeer wearing dog ears	white dog	reindeer wear dog ear
3286	6344	NP	n	n	white dog	dog ears	white dog	dog ear
3287	6344	NP	n	n	white dog	brown reindeer	white dog	brown reindeer
3288	6344	NP	n	NN	Christmas reindeer headband	reindeer	Christmas reindeer headband	reindeer
3289	6344	NP	n	NN	Christmas reindeer headband	dog	Christmas reindeer headband	dog
3290	6344	NP	n	NNS	Christmas reindeer headband	ears	Christmas reindeer headband	ear
3291	6344	NP	n	n	Christmas reindeer headband	white reindeer wearing dog ears	Christmas reindeer headband	white reindeer wear dog ear
3292	6344	NP	n	n	Christmas reindeer headband	reindeer wearing dog ears	Christmas reindeer headband	reindeer wear dog ear
3293	6344	NP	n	n	Christmas reindeer headband	dog ears	Christmas reindeer headband	dog ear
3294	6344	NP	n	n	Christmas reindeer headband	brown reindeer	Christmas reindeer headband	brown reindeer
3295	6344	phrasal_IN	(s:ng\np)\(s:ng\np)	pp	with a brown dog	near a brown reindeer	with a brown dog	near a brown reindeer
3296	6344	NP	n	NN	brown dog	reindeer	brown dog	reindeer
3297	6344	NP	n	NN	brown dog	dog	brown dog	dog
3298	6344	NP	n	NNS	brown dog	ears	brown dog	ear
3299	6344	NP	n	n	brown dog	white reindeer wearing dog ears	brown dog	white reindeer wear dog ear
3300	6344	NP	n	n	brown dog	reindeer wearing dog ears	brown dog	reindeer wear dog ear
3301	6344	NP	n	n	brown dog	dog ears	brown dog	dog ear
3302	6344	NP	n	n	brown dog	brown reindeer	brown dog	brown reindeer
3303	6344	phrasal_IN	(s:ng\np)\(s:ng\np)	pp	in the grass	near a brown reindeer	in the grass	near a brown reindeer
3304	6358	NP	NN	NN	woman	costume	woman	costume
3305	6358	NP	NN	NN	woman	brick	woman	brick
3306	6358	NP	NN	NN	woman	wall	woman	wall
3307	6358	NP	NN	NN	woman	instrument	woman	instrument
3308	6358	NP	NN	n	woman	woman in a red costume	woman	woman in a red costume
3309	6358	NP	NN	n	woman	red costume	woman	red costume
3310	6358	NP	NN	n	woman	brick wall	woman	brick wall
3311	6358	NP	NN	NN	costume	woman	costume	woman
3312	6358	NP	NN	NN	costume	brick	costume	brick
3313	6358	NP	NN	NN	costume	wall	costume	wall
3314	6358	NP	NN	NN	costume	instrument	costume	instrument
3315	6358	NP	NN	n	costume	woman in a red costume	costume	woman in a red costume
3316	6358	NP	NN	n	costume	red costume	costume	red costume
3317	6358	NP	NN	n	costume	brick wall	costume	brick wall
3318	6358	VP	VBG	VBG	leaning	playing	lean	play
3319	6358	NP	NN	NN	brick	woman	brick	woman
3320	6358	NP	NN	NN	brick	costume	brick	costume
3321	6358	NP	NN	NN	brick	wall	brick	wall
3322	6358	NP	NN	NN	brick	instrument	brick	instrument
3323	6358	NP	NN	n	brick	woman in a red costume	brick	woman in a red costume
3324	6358	NP	NN	n	brick	red costume	brick	red costume
3325	6358	NP	NN	n	brick	brick wall	brick	brick wall
3326	6358	NP	NN	NN	wall	woman	wall	woman
3327	6358	NP	NN	NN	wall	costume	wall	costume
3328	6358	NP	NN	NN	wall	brick	wall	brick
3329	6358	NP	NN	NN	wall	instrument	wall	instrument
3330	6358	NP	NN	n	wall	woman in a red costume	wall	woman in a red costume
3331	6358	NP	NN	n	wall	red costume	wall	red costume
3332	6358	NP	NN	n	wall	brick wall	wall	brick wall
3333	6358	VP	VBG	VBG	playing	leaning	play	lean
3334	6358	NP	NN	NN	instrument	woman	instrument	woman
3335	6358	NP	NN	NN	instrument	costume	instrument	costume
3336	6358	NP	NN	NN	instrument	brick	instrument	brick
3337	6358	NP	NN	NN	instrument	wall	instrument	wall
3338	6358	NP	NN	n	instrument	woman in a red costume	instrument	woman in a red costume
3339	6358	NP	NN	n	instrument	red costume	instrument	red costume
3340	6358	NP	NN	n	instrument	brick wall	instrument	brick wall
3341	6358	NP	n	NN	woman in a red costume	woman	woman in a red costume	woman
3342	6358	NP	n	NN	woman in a red costume	costume	woman in a red costume	costume
3343	6358	NP	n	NN	woman in a red costume	brick	woman in a red costume	brick
3344	6358	NP	n	NN	woman in a red costume	wall	woman in a red costume	wall
3345	6358	NP	n	NN	woman in a red costume	instrument	woman in a red costume	instrument
3346	6358	NP	n	n	woman in a red costume	red costume	woman in a red costume	red costume
3347	6358	NP	n	n	woman in a red costume	brick wall	woman in a red costume	brick wall
3348	6358	NP	n	NN	red costume	woman	red costume	woman
3349	6358	NP	n	NN	red costume	costume	red costume	costume
3350	6358	NP	n	NN	red costume	brick	red costume	brick
3351	6358	NP	n	NN	red costume	wall	red costume	wall
3352	6358	NP	n	NN	red costume	instrument	red costume	instrument
3353	6358	NP	n	n	red costume	woman in a red costume	red costume	woman in a red costume
3354	6358	NP	n	n	red costume	brick wall	red costume	brick wall
3355	6358	NP	n	NN	brick wall	woman	brick wall	woman
3356	6358	NP	n	NN	brick wall	costume	brick wall	costume
3357	6358	NP	n	NN	brick wall	brick	brick wall	brick
3358	6358	NP	n	NN	brick wall	wall	brick wall	wall
3359	6358	NP	n	NN	brick wall	instrument	brick wall	instrument
3360	6358	NP	n	n	brick wall	woman in a red costume	brick wall	woman in a red costume
3361	6358	NP	n	n	brick wall	red costume	brick wall	red costume
3362	6394	NP	NN	NNS	waterfall	people	waterfall	people
3363	6394	NP	NN	NN	waterfall	road	waterfall	road
3364	6394	NP	NN	n	waterfall	road beside a beautiful waterfall	waterfall	road beside a beautiful waterfall
3365	6394	NP	NN	n	waterfall	beautiful waterfall	waterfall	beautiful waterfall
3366	6394	VP	VBG	VBG	flowing	walking	flow	walk
3367	6394	NP	NN	NNS	shallow	people	shallow	people
3368	6394	NP	NN	NN	shallow	road	shallow	road
3369	6394	NP	NN	NN	shallow	waterfall	shallow	waterfall
3370	6394	NP	NN	n	shallow	road beside a beautiful waterfall	shallow	road beside a beautiful waterfall
3371	6394	NP	NN	n	shallow	beautiful waterfall	shallow	beautiful waterfall
3372	6394	NP	NN	NNS	pool	people	pool	people
3373	6394	NP	NN	NN	pool	road	pool	road
3374	6394	NP	NN	NN	pool	waterfall	pool	waterfall
3375	6394	NP	NN	n	pool	road beside a beautiful waterfall	pool	road beside a beautiful waterfall
3376	6394	NP	NN	n	pool	beautiful waterfall	pool	beautiful waterfall
3377	6394	NP	n	NNS	shallow pool	people	shallow pool	people
3378	6394	NP	n	NN	shallow pool	road	shallow pool	road
3379	6394	NP	n	NN	shallow pool	waterfall	shallow pool	waterfall
3380	6394	NP	n	n	shallow pool	road beside a beautiful waterfall	shallow pool	road beside a beautiful waterfall
3381	6394	NP	n	n	shallow pool	beautiful waterfall	shallow pool	beautiful waterfall
3382	6396	NP	NN	NN	dog	pack	dog	pack
3383	6396	NP	NN	NN	dog	sheep	dog	sheep
3384	6396	NP	NN	NN	dog	farm	dog	farm
3385	6396	NP	NN	n	dog	sheep on a dusty farm	dog	sheep on a dusty farm
3386	6396	NP	NN	n	dog	dusty farm	dog	dusty farm
3387	6396	VP	VBG	VBG	scattering	herding	scatter	herd
3388	6396	NP	NN	NN	pack	dog	pack	dog
3389	6396	NP	NN	NN	pack	sheep	pack	sheep
3390	6396	NP	NN	NN	pack	farm	pack	farm
3391	6396	NP	NN	n	pack	sheep on a dusty farm	pack	sheep on a dusty farm
3392	6396	NP	NN	n	pack	dusty farm	pack	dusty farm
3393	6396	phrasal_JJ	JJ	JJ	white	dusty	white	dusty
3394	6396	NP	NN	NN	sheep	dog	sheep	dog
3395	6396	NP	NN	NN	sheep	pack	sheep	pack
3396	6396	NP	NN	NN	sheep	farm	sheep	farm
3397	6396	NP	NN	n	sheep	sheep on a dusty farm	sheep	sheep on a dusty farm
3398	6396	NP	NN	n	sheep	dusty farm	sheep	dusty farm
3399	6396	phrasal_JJ	JJ	JJ	dusty	white	dusty	white
3400	6396	NP	NN	NN	farm	dog	farm	dog
3401	6396	NP	NN	NN	farm	pack	farm	pack
3402	6396	NP	NN	NN	farm	sheep	farm	sheep
3403	6396	NP	NN	n	farm	sheep on a dusty farm	farm	sheep on a dusty farm
3404	6396	NP	NN	n	farm	dusty farm	farm	dusty farm
3405	6396	NP	n	NN	sheep on a dusty farm	dog	sheep on a dusty farm	dog
3406	6396	NP	n	NN	sheep on a dusty farm	pack	sheep on a dusty farm	pack
3407	6396	NP	n	NN	sheep on a dusty farm	sheep	sheep on a dusty farm	sheep
3408	6396	NP	n	NN	sheep on a dusty farm	farm	sheep on a dusty farm	farm
3409	6396	NP	n	n	sheep on a dusty farm	dusty farm	sheep on a dusty farm	dusty farm
3410	6396	NP	n	NN	dusty farm	dog	dusty farm	dog
3411	6396	NP	n	NN	dusty farm	pack	dusty farm	pack
3412	6396	NP	n	NN	dusty farm	sheep	dusty farm	sheep
3413	6396	NP	n	NN	dusty farm	farm	dusty farm	farm
3414	6396	NP	n	n	dusty farm	sheep on a dusty farm	dusty farm	sheep on a dusty farm
3415	6450	phrasal_JJ	JJ	JJ	little	yellow	little	yellow
3416	6450	NP	NN	NN	boy	tank	boy	tank
3417	6450	NP	NN	NN	boy	top	boy	top
3418	6450	NP	NN	n	boy	laughing boy	boy	laugh boy
3419	6450	NP	NN	n	boy	yellow tank	boy	yellow tank
3420	6450	VP	VBG	VBG	wearing	laughing	wear	laugh
3421	6450	NP	NN	NN	tank	boy	tank	boy
3422	6450	NP	NN	NN	tank	top	tank	top
3423	6450	NP	NN	n	tank	laughing boy	tank	laugh boy
3424	6450	NP	NN	n	tank	yellow tank	tank	yellow tank
3425	6450	NP	NN	NN	top	boy	top	boy
3426	6450	NP	NN	NN	top	tank	top	tank
3427	6450	NP	NN	n	top	laughing boy	top	laugh boy
3428	6450	NP	NN	n	top	yellow tank	top	yellow tank
3429	6450	VP	VBG	VBG	laughing	wearing	laugh	wear
3430	6450	NP	n	NN	little boy	boy	little boy	boy
3431	6450	NP	n	NN	little boy	tank	little boy	tank
3432	6450	NP	n	NN	little boy	top	little boy	top
3433	6450	NP	n	n	little boy	laughing boy	little boy	laugh boy
3434	6450	NP	n	n	little boy	yellow tank	little boy	yellow tank
3435	6450	NP	n	NN	yellow tank top	boy	yellow tank top	boy
3436	6450	NP	n	NN	yellow tank top	tank	yellow tank top	tank
3437	6450	NP	n	NN	yellow tank top	top	yellow tank top	top
3438	6450	NP	n	n	yellow tank top	laughing boy	yellow tank top	laugh boy
3439	6450	NP	n	n	yellow tank top	yellow tank	yellow tank top	yellow tank
3440	6482	NP	NN	NN	person	field	person	field
3441	6482	NP	NN	NN	person	ice	person	ice
3442	6482	NP	NN	n	person	vast field of glacial ice	person	vast field of glacial ice
3443	6482	NP	NN	n	person	field of glacial ice	person	field of glacial ice
3444	6482	NP	NN	n	person	glacial ice	person	glacial ice
3445	6482	phrasal_JJ	JJ	JJ	white	vast	white	vast
3446	6482	phrasal_JJ	JJ	JJ	white	glacial	white	glacial
3447	6482	NP	NN	NN	ice	person	ice	person
3448	6482	NP	NN	NN	ice	field	ice	field
3449	6482	NP	NN	n	ice	vast field of glacial ice	ice	vast field of glacial ice
3450	6482	NP	NN	n	ice	field of glacial ice	ice	field of glacial ice
3451	6482	NP	NN	n	ice	glacial ice	ice	glacial ice
3452	6482	NP	n	NN	white ice	person	white ice	person
3453	6482	NP	n	NN	white ice	field	white ice	field
3454	6482	NP	n	NN	white ice	ice	white ice	ice
3455	6482	NP	n	n	white ice	vast field of glacial ice	white ice	vast field of glacial ice
3456	6482	NP	n	n	white ice	field of glacial ice	white ice	field of glacial ice
3457	6482	NP	n	n	white ice	glacial ice	white ice	glacial ice
3458	6544	NP	NN	NN	ice	hockey	ice	hockey
3459	6544	NP	NN	NN	ice	player	ice	player
3460	6544	NP	NN	NN	ice	jersey	ice	jersey
3461	6544	NP	NN	NN	ice	goal	ice	goal
3462	6544	NP	NN	n	ice	hockey player	ice	hockey player
3463	6544	NP	NN	n	ice	yellow jersey guarding the goal	ice	yellow jersey guard the goal
3464	6544	NP	NN	n	ice	jersey guarding the goal	ice	jersey guard the goal
3465	6544	NP	NN	NN	hockey	player	hockey	player
3466	6544	NP	NN	NN	hockey	jersey	hockey	jersey
3467	6544	NP	NN	NN	hockey	goal	hockey	goal
3468	6544	NP	NN	n	hockey	hockey player	hockey	hockey player
3469	6544	NP	NN	n	hockey	yellow jersey guarding the goal	hockey	yellow jersey guard the goal
3470	6544	NP	NN	n	hockey	jersey guarding the goal	hockey	jersey guard the goal
3471	6544	NP	NN	NN	goalkeeper	hockey	goalkeeper	hockey
3472	6544	NP	NN	NN	goalkeeper	player	goalkeeper	player
3473	6544	NP	NN	NN	goalkeeper	jersey	goalkeeper	jersey
3474	6544	NP	NN	NN	goalkeeper	goal	goalkeeper	goal
3475	6544	NP	NN	n	goalkeeper	hockey player	goalkeeper	hockey player
3476	6544	NP	NN	n	goalkeeper	yellow jersey guarding the goal	goalkeeper	yellow jersey guard the goal
3477	6544	NP	NN	n	goalkeeper	jersey guarding the goal	goalkeeper	jersey guard the goal
3478	6544	VP	VBG	VBG	wearing	guarding	wear	guard
3479	6544	NP	NN	NN	jersey	hockey	jersey	hockey
3480	6544	NP	NN	NN	jersey	player	jersey	player
3481	6544	NP	NN	NN	jersey	goal	jersey	goal
3482	6544	NP	NN	n	jersey	hockey player	jersey	hockey player
3483	6544	NP	NN	n	jersey	yellow jersey guarding the goal	jersey	yellow jersey guard the goal
3484	6544	NP	NN	n	jersey	jersey guarding the goal	jersey	jersey guard the goal
3485	6544	VP	VBG	VBG	defending	guarding	defend	guard
3486	6544	NP	NN	NN	goal	hockey	goal	hockey
3487	6544	NP	NN	NN	goal	player	goal	player
3488	6544	NP	NN	NN	goal	jersey	goal	jersey
3489	6544	NP	NN	n	goal	hockey player	goal	hockey player
3490	6544	NP	NN	n	goal	yellow jersey guarding the goal	goal	yellow jersey guard the goal
3491	6544	NP	NN	n	goal	jersey guarding the goal	goal	jersey guard the goal
3492	6544	NP	n	NN	ice hockey goalkeeper	hockey	ice hockey goalkeeper	hockey
3493	6544	NP	n	NN	ice hockey goalkeeper	player	ice hockey goalkeeper	player
3494	6544	NP	n	NN	ice hockey goalkeeper	jersey	ice hockey goalkeeper	jersey
3495	6544	NP	n	NN	ice hockey goalkeeper	goal	ice hockey goalkeeper	goal
3496	6544	NP	n	n	ice hockey goalkeeper	hockey player	ice hockey goalkeeper	hockey player
3497	6544	NP	n	n	ice hockey goalkeeper	yellow jersey guarding the goal	ice hockey goalkeeper	yellow jersey guard the goal
3498	6544	NP	n	n	ice hockey goalkeeper	jersey guarding the goal	ice hockey goalkeeper	jersey guard the goal
3499	6544	NP	n	NN	yellow jersey	hockey	yellow jersey	hockey
3500	6544	NP	n	NN	yellow jersey	player	yellow jersey	player
3501	6544	NP	n	NN	yellow jersey	jersey	yellow jersey	jersey
3502	6544	NP	n	NN	yellow jersey	goal	yellow jersey	goal
3503	6544	NP	n	n	yellow jersey	hockey player	yellow jersey	hockey player
3504	6544	NP	n	n	yellow jersey	yellow jersey guarding the goal	yellow jersey	yellow jersey guard the goal
3505	6544	NP	n	n	yellow jersey	jersey guarding the goal	yellow jersey	jersey guard the goal
3506	6568	NP	NN	NN	woman	bicycle	woman	bicycle
3507	6568	NP	NN	NNS	woman	lots	woman	lot
3508	6568	NP	NN	NNS	woman	helmets	woman	helmet
3509	6568	NP	NN	n	woman	blue bicycle	woman	blue bicycle
3510	6568	NP	NN	n	woman	lots of riding helmets	woman	lot of riding helmet
3511	6568	NP	NN	n	woman	riding helmets	woman	riding helmet
3512	6568	VP	VBG	VBG	wearing	parking	wear	park
3513	6568	NP	NN	NN	helmet	woman	helmet	woman
3514	6568	NP	NN	NN	helmet	bicycle	helmet	bicycle
3515	6568	NP	NN	NNS	helmet	lots	helmet	lot
3516	6568	NP	NN	NN	helmet	riding	helmet	riding
3517	6568	NP	NN	NNS	helmet	helmets	helmet	helmet
3518	6568	NP	NN	n	helmet	blue bicycle	helmet	blue bicycle
3519	6568	NP	NN	n	helmet	lots of riding helmets	helmet	lot of riding helmet
3520	6568	NP	NN	n	helmet	riding helmets	helmet	riding helmet
3521	6568	VP	VBG	VBG	riding	parking	ride	park
3522	6568	NP	NN	NN	bicycle	woman	bicycle	woman
3523	6568	NP	NN	NNS	bicycle	lots	bicycle	lot
3524	6568	NP	NN	NN	bicycle	riding	bicycle	riding
3525	6568	NP	NN	NNS	bicycle	helmets	bicycle	helmet
3526	6568	NP	NN	n	bicycle	blue bicycle	bicycle	blue bicycle
3527	6568	NP	NN	n	bicycle	lots of riding helmets	bicycle	lot of riding helmet
3528	6568	NP	NN	n	bicycle	riding helmets	bicycle	riding helmet
3529	6568	NP	NN	NN	parking	woman	parking	woman
3530	6568	NP	NN	NN	parking	bicycle	parking	bicycle
3531	6568	NP	NN	NNS	parking	lots	parking	lot
3532	6568	NP	NN	NN	parking	riding	parking	riding
3533	6568	NP	NN	NNS	parking	helmets	parking	helmet
3534	6568	NP	NN	n	parking	blue bicycle	parking	blue bicycle
3535	6568	NP	NN	n	parking	lots of riding helmets	parking	lot of riding helmet
3536	6568	NP	NN	n	parking	riding helmets	parking	riding helmet
3537	6568	NP	NN	NN	lot	woman	lot	woman
3538	6568	NP	NN	NN	lot	bicycle	lot	bicycle
3539	6568	NP	NN	NNS	lot	lots	lot	lot
3540	6568	NP	NN	NN	lot	riding	lot	riding
3541	6568	NP	NN	NNS	lot	helmets	lot	helmet
3542	6568	NP	NN	n	lot	blue bicycle	lot	blue bicycle
3543	6568	NP	NN	n	lot	lots of riding helmets	lot	lot of riding helmet
3544	6568	NP	NN	n	lot	riding helmets	lot	riding helmet
3545	6568	NP	n	NN	blue helmet	woman	blue helmet	woman
3546	6568	NP	n	NN	blue helmet	bicycle	blue helmet	bicycle
3547	6568	NP	n	NNS	blue helmet	lots	blue helmet	lot
3548	6568	NP	n	NN	blue helmet	riding	blue helmet	riding
3549	6568	NP	n	NNS	blue helmet	helmets	blue helmet	helmet
3550	6568	NP	n	n	blue helmet	blue bicycle	blue helmet	blue bicycle
3551	6568	NP	n	n	blue helmet	lots of riding helmets	blue helmet	lot of riding helmet
3552	6568	NP	n	n	blue helmet	riding helmets	blue helmet	riding helmet
3553	6568	NP	n	NN	parking lot	woman	parking lot	woman
3554	6568	NP	n	NN	parking lot	bicycle	parking lot	bicycle
3555	6568	NP	n	NNS	parking lot	lots	parking lot	lot
3556	6568	NP	n	NN	parking lot	riding	parking lot	riding
3557	6568	NP	n	NNS	parking lot	helmets	parking lot	helmet
3558	6568	NP	n	n	parking lot	blue bicycle	parking lot	blue bicycle
3559	6568	NP	n	n	parking lot	lots of riding helmets	parking lot	lot of riding helmet
3560	6568	NP	n	n	parking lot	riding helmets	parking lot	riding helmet
3561	6590	NP	NN	NN	girl	female	girl	female
3562	6590	NP	NN	n	girl	young female	girl	young female
3563	6590	VP	VBG	VBG	standing	dancing	stand	dance
3564	6590	NP	NN	NN	leg	female	leg	female
3565	6590	NP	NN	n	leg	young female	leg	young female
3566	6590	NP	n	NN	young girl	female	young girl	female
3567	6590	NP	n	n	young girl	young female	young girl	young female
3568	6590	NP	n	NN	one leg	female	one leg	female
3569	6590	NP	n	n	one leg	young female	one leg	young female
3570	6592	NP	NN	NN	leg	girl	leg	girl
3571	6592	NP	NN	n	leg	young girl	leg	young girl
3572	6592	NP	n	NN	young girl	girl	young girl	girl
3573	6592	NP	n	NN	one leg	girl	one leg	girl
3574	6592	NP	n	n	one leg	young girl	one leg	young girl
3575	6598	NP	NN	NN	bee	landing	bee	landing
3576	6598	NP	NN	NN	bee	bunch	bee	bunch
3577	6598	NP	NN	NNS	bee	flowers	bee	flower
3578	6598	NP	NN	n	bee	bunch of yellow flowers	bee	bunch of yellow flower
3579	6598	NP	NN	n	bee	yellow flowers	bee	yellow flower
3580	6598	phrasal_JJ	JJ	JJ	yellow	small	yellow	small
3581	6598	NP	NN	NN	flower	bee	flower	bee
3582	6598	NP	NN	NN	flower	landing	flower	landing
3583	6598	NP	NN	NN	flower	bunch	flower	bunch
3584	6598	NP	NN	NNS	flower	flowers	flower	flower
3585	6598	NP	NN	n	flower	bunch of yellow flowers	flower	bunch of yellow flower
3586	6598	NP	NN	n	flower	yellow flowers	flower	yellow flower
3587	6598	NP	n	NN	yellow flower	bee	yellow flower	bee
3588	6598	NP	n	NN	yellow flower	landing	yellow flower	landing
3589	6598	NP	n	NN	yellow flower	bunch	yellow flower	bunch
3590	6598	NP	n	NNS	yellow flower	flowers	yellow flower	flower
3591	6598	NP	n	n	yellow flower	bunch of yellow flowers	yellow flower	bunch of yellow flower
3592	6598	NP	n	n	yellow flower	yellow flowers	yellow flower	yellow flower
3593	6625	NP	NN	NN	dog	brush	dog	brush
3594	6625	NP	NN	n	dog	tan dog	dog	tan dog
3595	6625	phrasal_JJ	JJ	JJ	beige	tan	beige	tan
3596	6625	NP	NNS	NN	spots	dog	spot	dog
3597	6625	NP	NNS	NN	spots	brush	spot	brush
3598	6625	NP	NNS	n	spots	tan dog	spot	tan dog
3599	6625	NP	NN	NN	field	dog	field	dog
3600	6625	NP	NN	NN	field	brush	field	brush
3601	6625	NP	NN	n	field	tan dog	field	tan dog
3602	6625	NP	n	NN	spots running through a field	dog	spot run through a field	dog
3603	6625	NP	n	NN	spots running through a field	brush	spot run through a field	brush
3604	6625	NP	n	n	spots running through a field	tan dog	spot run through a field	tan dog
3605	6625	phrasal_IN	(s:ng\np)\(s:ng\np)	(s:dcl\np)\(s:dcl\np)	through a field	through the brush	through a field	through the brush
3606	6634	NP	NN	NN	hurdle	horse	hurdle	horse
3607	6634	NP	NN	NN	hurdle	rider	hurdle	rider
3608	6634	NP	NN	NN	hurdle	barrier	hurdle	barrier
3609	6634	VP	VBN	VBG	leapt	leaping	leap	leap
3610	6634	NP	NN	NN	horse	rider	horse	rider
3611	6634	NP	NN	NN	horse	barrier	horse	barrier
3612	6634	NP	NN	NN	rider	horse	rider	horse
3613	6634	NP	NN	NN	rider	barrier	rider	barrier
3614	6634	NP	NN	NN	back	horse	back	horse
3615	6634	NP	NN	NN	back	rider	back	rider
3616	6634	NP	NN	NN	back	barrier	back	barrier
3617	6634	NP	n	NN	rider on its back	horse	rider on its back	horse
3618	6634	NP	n	NN	rider on its back	rider	rider on its back	rider
3619	6634	NP	n	NN	rider on its back	barrier	rider on its back	barrier
3620	6649	phrasal_JJ	JJ	JJ	teenage	fancy	teenage	fancy
3621	6649	NP	NNS	NNS	girls	teens	girl	teens
3622	6649	NP	NNS	NNS	girls	dresses	girl	dress
3623	6649	NP	NNS	NN	girls	event	girl	event
3624	6649	NP	NNS	n	girls	Two girls in their teens	girl	two girl in their teens
3625	6649	NP	NNS	n	girls	fancy dresses	girl	fancy dress
3626	6649	NP	NNS	NNS	dresses	girls	dress	girl
3627	6649	NP	NNS	NNS	dresses	teens	dress	teens
3628	6649	NP	NNS	NN	dresses	event	dress	event
3629	6649	NP	NNS	n	dresses	Two girls in their teens	dress	two girl in their teens
3630	6649	NP	NNS	n	dresses	fancy dresses	dress	fancy dress
3631	6649	NP	NN	NNS	event	girls	event	girl
3632	6649	NP	NN	NNS	event	teens	event	teens
3633	6649	NP	NN	NNS	event	dresses	event	dress
3634	6649	NP	NN	n	event	Two girls in their teens	event	two girl in their teens
3635	6649	NP	NN	n	event	fancy dresses	event	fancy dress
3636	6649	NP	n	NNS	Two teenage girls	girls	two teenage girl	girl
3637	6649	NP	n	NNS	Two teenage girls	teens	two teenage girl	teens
3638	6649	NP	n	NNS	Two teenage girls	dresses	two teenage girl	dress
3639	6649	NP	n	NN	Two teenage girls	event	two teenage girl	event
3640	6649	NP	n	n	Two teenage girls	Two girls in their teens	two teenage girl	two girl in their teens
3641	6649	NP	n	n	Two teenage girls	fancy dresses	two teenage girl	fancy dress
3642	6649	NP	n	NNS	fancy dresses	girls	fancy dress	girl
3643	6649	NP	n	NNS	fancy dresses	teens	fancy dress	teens
3644	6649	NP	n	NNS	fancy dresses	dresses	fancy dress	dress
3645	6649	NP	n	NN	fancy dresses	event	fancy dress	event
3646	6649	NP	n	n	fancy dresses	Two girls in their teens	fancy dress	two girl in their teens
3647	6673	NP	NN	NN	classroom	group	classroom	group
3648	6673	NP	NN	NNS	classroom	students	classroom	student
3649	6673	NP	NN	NNS	classroom	uniforms	classroom	uniform
3650	6673	NP	NN	NN	classroom	front	classroom	front
3651	6673	NP	NN	NN	classroom	class	classroom	class
3652	6673	NP	NN	n	classroom	group of students in uniforms	classroom	group of student in uniform
3653	6673	NP	NN	n	classroom	students in uniforms	classroom	student in uniform
3654	6673	NP	NN	n	classroom	front of the class	classroom	front of the class
3655	6673	NP	NNS	NN	students	group	student	group
3656	6673	NP	NNS	NNS	students	uniforms	student	uniform
3657	6673	NP	NNS	NN	students	front	student	front
3658	6673	NP	NNS	NN	students	class	student	class
3659	6673	NP	NNS	n	students	group of students in uniforms	student	group of student in uniform
3660	6673	NP	NNS	n	students	students in uniforms	student	student in uniform
3661	6673	NP	NNS	n	students	front of the class	student	front of the class
3662	6673	VP	VBG	VBG	looking	listening	look	listen
3663	6673	NP	NN	NN	direction	group	direction	group
3664	6673	NP	NN	NNS	direction	students	direction	student
3665	6673	NP	NN	NNS	direction	uniforms	direction	uniform
3666	6673	NP	NN	NN	direction	front	direction	front
3667	6673	NP	NN	NN	direction	class	direction	class
3668	6673	NP	NN	n	direction	group of students in uniforms	direction	group of student in uniform
3669	6673	NP	NN	n	direction	students in uniforms	direction	student in uniform
3670	6673	NP	NN	n	direction	front of the class	direction	front of the class
3671	6673	NP	NN	NN	bamboo	group	bamboo	group
3672	6673	NP	NN	NNS	bamboo	students	bamboo	student
3673	6673	NP	NN	NNS	bamboo	uniforms	bamboo	uniform
3674	6673	NP	NN	NN	bamboo	front	bamboo	front
3675	6673	NP	NN	NN	bamboo	class	bamboo	class
3676	6673	NP	NN	n	bamboo	group of students in uniforms	bamboo	group of student in uniform
3677	6673	NP	NN	n	bamboo	students in uniforms	bamboo	student in uniform
3678	6673	NP	NN	n	bamboo	front of the class	bamboo	front of the class
3679	6673	NP	NN	NN	structure	group	structure	group
3680	6673	NP	NN	NNS	structure	students	structure	student
3681	6673	NP	NN	NNS	structure	uniforms	structure	uniform
3682	6673	NP	NN	NN	structure	front	structure	front
3683	6673	NP	NN	NN	structure	class	structure	class
3684	6673	NP	NN	n	structure	group of students in uniforms	structure	group of student in uniform
3685	6673	NP	NN	n	structure	students in uniforms	structure	student in uniform
3686	6673	NP	NN	n	structure	front of the class	structure	front of the class
3687	6673	NP	n	NN	classroom full of students	group	classroom full of student	group
3688	6673	NP	n	NNS	classroom full of students	students	classroom full of student	student
3689	6673	NP	n	NNS	classroom full of students	uniforms	classroom full of student	uniform
3690	6673	NP	n	NN	classroom full of students	front	classroom full of student	front
3691	6673	NP	n	NN	classroom full of students	class	classroom full of student	class
3692	6673	NP	n	n	classroom full of students	group of students in uniforms	classroom full of student	group of student in uniform
3693	6673	NP	n	n	classroom full of students	students in uniforms	classroom full of student	student in uniform
3694	6673	NP	n	n	classroom full of students	front of the class	classroom full of student	front of the class
3695	6673	NP	n	NN	direction inside a bamboo structure	group	direction inside a bamboo structure	group
3696	6673	NP	n	NNS	direction inside a bamboo structure	students	direction inside a bamboo structure	student
3697	6673	NP	n	NNS	direction inside a bamboo structure	uniforms	direction inside a bamboo structure	uniform
3698	6673	NP	n	NN	direction inside a bamboo structure	front	direction inside a bamboo structure	front
3699	6673	NP	n	NN	direction inside a bamboo structure	class	direction inside a bamboo structure	class
3700	6673	NP	n	n	direction inside a bamboo structure	group of students in uniforms	direction inside a bamboo structure	group of student in uniform
3701	6673	NP	n	n	direction inside a bamboo structure	students in uniforms	direction inside a bamboo structure	student in uniform
3702	6673	NP	n	n	direction inside a bamboo structure	front of the class	direction inside a bamboo structure	front of the class
3703	6673	NP	n	NN	bamboo structure	group	bamboo structure	group
3704	6673	NP	n	NNS	bamboo structure	students	bamboo structure	student
3705	6673	NP	n	NNS	bamboo structure	uniforms	bamboo structure	uniform
3706	6673	NP	n	NN	bamboo structure	front	bamboo structure	front
3707	6673	NP	n	NN	bamboo structure	class	bamboo structure	class
3708	6673	NP	n	n	bamboo structure	group of students in uniforms	bamboo structure	group of student in uniform
3709	6673	NP	n	n	bamboo structure	students in uniforms	bamboo structure	student in uniform
3710	6673	NP	n	n	bamboo structure	front of the class	bamboo structure	front of the class
3711	6705	NP	NN	NNS	child	outdoors	child	outdoors
3712	6705	NP	NN	NNS	child	steps	child	step
3713	6705	NP	NN	NN	child	area	child	area
3714	6705	NP	NN	n	child	small child	child	small child
3715	6705	NP	NN	n	child	grassy area	child	grassy area
3716	6705	phrasal_JJ	JJ	JJ	small	grassy	small	grassy
3717	6705	NP	NNS	NN	outdoors	child	outdoors	child
3718	6705	NP	NNS	NNS	outdoors	steps	outdoors	step
3719	6705	NP	NNS	NN	outdoors	area	outdoors	area
3720	6705	NP	NNS	n	outdoors	small child	outdoors	small child
3721	6705	NP	NNS	n	outdoors	grassy area	outdoors	grassy area
3722	6705	NP	NNS	NN	steps	child	step	child
3723	6705	NP	NNS	NNS	steps	outdoors	step	outdoors
3724	6705	NP	NNS	NN	steps	area	step	area
3725	6705	NP	NNS	n	steps	small child	step	small child
3726	6705	NP	NNS	n	steps	grassy area	step	grassy area
3727	6705	NP	NN	NN	area	child	area	child
3728	6705	NP	NN	NNS	area	outdoors	area	outdoors
3729	6705	NP	NN	NNS	area	steps	area	step
3730	6705	NP	NN	n	area	small child	area	small child
3731	6705	NP	NN	n	area	grassy area	area	grassy area
3732	6705	phrasal_JJ	JJ	JJ	full	small	full	small
3733	6705	phrasal_JJ	JJ	JJ	full	grassy	full	grassy
3734	6705	NP	NN	NN	grass	child	grass	child
3735	6705	NP	NN	NNS	grass	outdoors	grass	outdoors
3736	6705	NP	NN	NNS	grass	steps	grass	step
3737	6705	NP	NN	NN	grass	area	grass	area
3738	6705	NP	NN	n	grass	small child	grass	small child
3739	6705	NP	NN	n	grass	grassy area	grass	grassy area
3740	6705	NP	n	NN	area full of grass	child	area full of grass	child
3741	6705	NP	n	NNS	area full of grass	outdoors	area full of grass	outdoors
3742	6705	NP	n	NNS	area full of grass	steps	area full of grass	step
3743	6705	NP	n	NN	area full of grass	area	area full of grass	area
3744	6705	NP	n	n	area full of grass	small child	area full of grass	small child
3745	6705	NP	n	n	area full of grass	grassy area	area full of grass	grassy area
3746	6705	phrasal_IN	(s:adj\np)\(s:adj\np)	(s:ng\np)\(s:ng\np)	of grass	in a grassy area	of grass	in a grassy area
3747	6709	phrasal_JJ	JJ	JJ	little	small	little	small
3748	6709	phrasal_JJ	JJ	JJ	little	grassy	little	grassy
3749	6709	phrasal_JJ	JJ	JJ	pink	small	pink	small
3750	6709	phrasal_JJ	JJ	JJ	pink	grassy	pink	grassy
3751	6709	NP	NN	NN	sweater	child	sweater	child
3752	6709	NP	NN	NNS	sweater	outdoors	sweater	outdoors
3753	6709	NP	NN	NNS	sweater	steps	sweater	step
3754	6709	NP	NN	NN	sweater	area	sweater	area
3755	6709	NP	NN	n	sweater	small child	sweater	small child
3756	6709	NP	NN	n	sweater	grassy area	sweater	grassy area
3757	6709	NP	NN	NN	concrete	child	concrete	child
3758	6709	NP	NN	NNS	concrete	outdoors	concrete	outdoors
3759	6709	NP	NN	NNS	concrete	steps	concrete	step
3760	6709	NP	NN	NN	concrete	area	concrete	area
3761	6709	NP	NN	n	concrete	small child	concrete	small child
3762	6709	NP	NN	n	concrete	grassy area	concrete	grassy area
3763	6709	NP	NN	NN	staircase	child	staircase	child
3764	6709	NP	NN	NNS	staircase	outdoors	staircase	outdoors
3765	6709	NP	NN	NNS	staircase	steps	staircase	step
3766	6709	NP	NN	NN	staircase	area	staircase	area
3767	6709	NP	NN	n	staircase	small child	staircase	small child
3768	6709	NP	NN	n	staircase	grassy area	staircase	grassy area
3769	6709	NP	n	NN	little child	child	little child	child
3770	6709	NP	n	NNS	little child	outdoors	little child	outdoors
3771	6709	NP	n	NNS	little child	steps	little child	step
3772	6709	NP	n	NN	little child	area	little child	area
3773	6709	NP	n	n	little child	small child	little child	small child
3774	6709	NP	n	n	little child	grassy area	little child	grassy area
3775	6709	NP	n	NN	pink sweater	child	pink sweater	child
3776	6709	NP	n	NNS	pink sweater	outdoors	pink sweater	outdoors
3777	6709	NP	n	NNS	pink sweater	steps	pink sweater	step
3778	6709	NP	n	NN	pink sweater	area	pink sweater	area
3779	6709	NP	n	n	pink sweater	small child	pink sweater	small child
3780	6709	NP	n	n	pink sweater	grassy area	pink sweater	grassy area
3781	6709	NP	n	NN	concrete staircase	child	concrete staircase	child
3782	6709	NP	n	NNS	concrete staircase	outdoors	concrete staircase	outdoors
3783	6709	NP	n	NNS	concrete staircase	steps	concrete staircase	step
3784	6709	NP	n	NN	concrete staircase	area	concrete staircase	area
3785	6709	NP	n	n	concrete staircase	small child	concrete staircase	small child
3786	6709	NP	n	n	concrete staircase	grassy area	concrete staircase	grassy area
3787	6729	NP	NN	NN	kid	ball	kid	ball
3788	6729	NP	NN	NN	kid	child	kid	child
3789	6729	NP	NN	n	kid	snow ball	kid	snow ball
3790	6729	NP	NN	NN	orange	snow	orange	snow
3791	6729	NP	NN	NN	orange	ball	orange	ball
3792	6729	NP	NN	NN	orange	child	orange	child
3793	6729	NP	NN	n	orange	snow ball	orange	snow ball
3794	6729	VP	VBG	VBN	playing	made	play	make
3795	6729	NP	NN	NN	snowball	snow	snowball	snow
3796	6729	NP	NN	NN	snowball	ball	snowball	ball
3797	6729	NP	NN	NN	snowball	child	snowball	child
3798	6729	NP	NN	n	snowball	snow ball	snowball	snow ball
3799	6729	NP	n	NN	kid in orange	snow	kid in orange	snow
3800	6729	NP	n	NN	kid in orange	ball	kid in orange	ball
3801	6729	NP	n	NN	kid in orange	child	kid in orange	child
3802	6729	NP	n	n	kid in orange	snow ball	kid in orange	snow ball
3803	6729	phrasal_IN	(s:ng\np)\(s:ng\np)	(s:pss\np)\(s:pss\np)	outside with a snowball	by a child	outside with a snowball	by a child
3804	6729	phrasal_IN	pp	(s:pss\np)\(s:pss\np)	with a snowball	by a child	with a snowball	by a child
3805	6740	NP	NNS	NN	people	bench	people	bench
3806	6740	NP	NNS	NN	people	palm	people	palm
3807	6740	NP	NNS	NNS	people	trees	people	tree
3808	6740	NP	NNS	n	people	Three people	people	three people
3809	6740	NP	NNS	n	people	palm trees	people	palm tree
3810	6740	NP	NN	NNS	bench	people	bench	people
3811	6740	NP	NN	NN	bench	palm	bench	palm
3812	6740	NP	NN	NNS	bench	trees	bench	tree
3813	6740	NP	NN	n	bench	Three people	bench	three people
3814	6740	NP	NN	n	bench	palm trees	bench	palm tree
3815	6740	NP	NN	NN	front	bench	front	bench
3816	6740	NP	NN	NN	front	palm	front	palm
3817	6740	NP	NN	NNS	front	trees	front	tree
3818	6740	NP	NN	n	front	Three people	front	three people
3819	6740	NP	NN	n	front	palm trees	front	palm tree
3820	6740	NP	NN	NN	restaurant	bench	restaurant	bench
3821	6740	NP	NN	NN	restaurant	palm	restaurant	palm
3822	6740	NP	NN	NNS	restaurant	trees	restaurant	tree
3823	6740	NP	NN	n	restaurant	Three people	restaurant	three people
3824	6740	NP	NN	n	restaurant	palm trees	restaurant	palm tree
3825	6740	NP	n	NNS	front of a restaurant	people	front of a restaurant	people
3826	6740	NP	n	NN	front of a restaurant	bench	front of a restaurant	bench
3827	6740	NP	n	NN	front of a restaurant	palm	front of a restaurant	palm
3828	6740	NP	n	NNS	front of a restaurant	trees	front of a restaurant	tree
3829	6740	NP	n	n	front of a restaurant	Three people	front of a restaurant	three people
3830	6740	NP	n	n	front of a restaurant	palm trees	front of a restaurant	palm tree
3831	6756	phrasal_JJ	JJ	JJ	large	brown	large	brown
3832	6756	phrasal_JJ	JJ	JJ	large	small	large	small
3833	6756	phrasal_JJ	JJ	JJ	large	rocky	large	rocky
3834	6756	phrasal_JJ	JJ	JJ	brown	big	brown	big
3835	6756	phrasal_JJ	JJ	JJ	brown	small	brown	small
3836	6756	phrasal_JJ	JJ	JJ	brown	rocky	brown	rocky
3837	6756	NP	NN	NN	dog	grey	dog	grey
3838	6756	NP	NN	NN	dog	surface	dog	surface
3839	6756	NP	NN	n	dog	big brown dog	dog	big brown dog
3840	6756	NP	NN	n	dog	small grey dog	dog	small grey dog
3841	6756	NP	NN	n	dog	rocky surface	dog	rocky surface
3842	6756	phrasal_JJ	JJ	JJ	small	big	small	big
3843	6756	phrasal_JJ	JJ	JJ	small	brown	small	brown
3844	6756	phrasal_JJ	JJ	JJ	small	rocky	small	rocky
3845	6756	NP	NN	NN	grey	dog	grey	dog
3846	6756	NP	NN	NN	grey	surface	grey	surface
3847	6756	NP	NN	n	grey	big brown dog	grey	big brown dog
3848	6756	NP	NN	n	grey	small grey dog	grey	small grey dog
3849	6756	NP	NN	n	grey	rocky surface	grey	rocky surface
3850	6756	phrasal_JJ	JJ	JJ	rocky	big	rocky	big
3851	6756	phrasal_JJ	JJ	JJ	rocky	brown	rocky	brown
3852	6756	phrasal_JJ	JJ	JJ	rocky	small	rocky	small
3853	6756	NP	NN	NN	surface	dog	surface	dog
3854	6756	NP	NN	NN	surface	grey	surface	grey
3855	6756	NP	NN	n	surface	big brown dog	surface	big brown dog
3856	6756	NP	NN	n	surface	small grey dog	surface	small grey dog
3857	6756	NP	NN	n	surface	rocky surface	surface	rocky surface
3858	6756	NP	n	NN	large brown dog	dog	large brown dog	dog
3859	6756	NP	n	NN	large brown dog	grey	large brown dog	grey
3860	6756	NP	n	NN	large brown dog	surface	large brown dog	surface
3861	6756	NP	n	n	large brown dog	big brown dog	large brown dog	big brown dog
3862	6756	NP	n	n	large brown dog	small grey dog	large brown dog	small grey dog
3863	6756	NP	n	n	large brown dog	rocky surface	large brown dog	rocky surface
3864	6756	NP	n	NN	small grey dog	dog	small grey dog	dog
3865	6756	NP	n	NN	small grey dog	grey	small grey dog	grey
3866	6756	NP	n	NN	small grey dog	surface	small grey dog	surface
3867	6756	NP	n	n	small grey dog	big brown dog	small grey dog	big brown dog
3868	6756	NP	n	n	small grey dog	rocky surface	small grey dog	rocky surface
3869	6756	NP	n	NN	rocky surface	dog	rocky surface	dog
3870	6756	NP	n	NN	rocky surface	grey	rocky surface	grey
3871	6756	NP	n	NN	rocky surface	surface	rocky surface	surface
3872	6756	NP	n	n	rocky surface	big brown dog	rocky surface	big brown dog
3873	6756	NP	n	n	rocky surface	small grey dog	rocky surface	small grey dog
3874	6764	NP	NNS	NNS	boys	rocks	boy	rock
3875	6764	NP	NNS	NN	boys	river	boy	river
3876	6764	NP	NNS	n	boys	Three boys	boy	three boy
3877	6764	NP	NNS	n	boys	rocks along a river	boy	rock along a river
3878	6764	VP	VBG	VBG	resting	walking	rest	walk
3879	6764	NP	NNS	NNS	rocks	boys	rock	boy
3880	6764	NP	NNS	NN	rocks	river	rock	river
3881	6764	NP	NNS	n	rocks	Three boys	rock	three boy
3882	6764	NP	NNS	n	rocks	rocks along a river	rock	rock along a river
3883	6764	NP	NN	NNS	river	boys	river	boy
3884	6764	NP	NN	NNS	river	rocks	river	rock
3885	6764	NP	NN	n	river	Three boys	river	three boy
3886	6764	NP	NN	n	river	rocks along a river	river	rock along a river
3887	6764	NP	n	NNS	Three boys	boys	three boy	boy
3888	6764	NP	n	NNS	Three boys	rocks	three boy	rock
3889	6764	NP	n	NN	Three boys	river	three boy	river
3890	6764	NP	n	n	Three boys	rocks along a river	three boy	rock along a river
3891	6764	NP	n	NNS	rocks along a river	boys	rock along a river	boy
3892	6764	NP	n	NNS	rocks along a river	rocks	rock along a river	rock
3893	6764	NP	n	NN	rocks along a river	river	rock along a river	river
3894	6764	NP	n	n	rocks along a river	Three boys	rock along a river	three boy
3895	6784	NP	NN	NN	man	mask	man	mask
3896	6784	NP	NN	n	man	man dressed in black	man	man dress in black
3897	6784	NP	NN	n	man	elaborate black mask	man	elaborate black mask
3898	6784	VP	VBN	VBG	dressed	wearing	dress	wear
3899	6784	phrasal_JJ	JJ	JJ	black	elaborate	black	elaborate
3900	6784	VP	VBG	VBN	wearing	dressed	wear	dress
3901	6784	phrasal_JJ	JJ	JJ	elaborate	black	elaborate	black
3902	6784	NP	NN	NN	mask	man	mask	man
3903	6784	NP	NN	n	mask	man dressed in black	mask	man dress in black
3904	6784	NP	NN	n	mask	elaborate black mask	mask	elaborate black mask
3905	6784	NP	n	NN	elaborate black mask	man	elaborate black mask	man
3906	6784	NP	n	NN	elaborate black mask	mask	elaborate black mask	mask
3907	6784	NP	n	n	elaborate black mask	man dressed in black	elaborate black mask	man dress in black
3908	6849	NP	NNS	NN	children	father	child	father
3909	6849	NP	NNS	NN	children	daughter	child	daughter
3910	6849	NP	NNS	NN	children	go-kart	child	go-kart
3911	6849	NP	NNS	NN	children	girl	child	girl
3912	6849	VP	VBG	VBG	playing	pushing	play	push
3913	6849	VP	VBG	VBG	playing	watching	play	watch
3914	6849	NP	NN	NN	toy	father	toy	father
3915	6849	NP	NN	NN	toy	daughter	toy	daughter
3916	6849	NP	NN	NN	toy	go-kart	toy	go-kart
3917	6849	NP	NN	NN	toy	girl	toy	girl
3918	6849	NP	NN	NN	car	father	car	father
3919	6849	NP	NN	NN	car	daughter	car	daughter
3920	6849	NP	NN	NN	car	go-kart	car	go-kart
3921	6849	NP	NN	NN	car	girl	car	girl
3922	6849	NP	NN	NN	street	father	street	father
3923	6849	NP	NN	NN	street	daughter	street	daughter
3924	6849	NP	NN	NN	street	go-kart	street	go-kart
3925	6849	NP	NN	NN	street	girl	street	girl
3926	6849	NP	n	NN	Two children	father	two child	father
3927	6849	NP	n	NN	Two children	daughter	two child	daughter
3928	6849	NP	n	NN	Two children	go-kart	two child	go-kart
3929	6849	NP	n	NN	Two children	girl	two child	girl
3930	6849	phrasal_IN	(s:ng\np)\(s:ng\np)	(s:dcl\np)\(s:dcl\np)	with a toy car	on a go-kart	with a toy car	on a go-kart
3931	6849	NP	n	NN	toy car	father	toy car	father
3932	6849	NP	n	NN	toy car	daughter	toy car	daughter
3933	6849	NP	n	NN	toy car	go-kart	toy car	go-kart
3934	6849	NP	n	NN	toy car	girl	toy car	girl
3935	6849	phrasal_IN	(s:ng\np)\(s:ng\np)	(s:dcl\np)\(s:dcl\np)	in the street	on a go-kart	in the street	on a go-kart
3936	6866	phrasal_JJ	JJ	JJ	golden	brown	golden	brown
3937	6866	phrasal_JJ	JJ	JJ	golden	tall	golden	tall
3938	6866	phrasal_JJ	JJ	JJ	golden	green	golden	green
3939	6866	NP	NN	n	dog	brown dog	dog	brown dog
3940	6866	NP	NN	n	dog	tall green grass	dog	tall green grass
3941	6866	NP	NN	NN	field	grass	field	grass
3942	6866	NP	NN	n	field	brown dog	field	brown dog
3943	6866	NP	NN	n	field	tall green grass	field	tall green grass
3944	6866	phrasal_JJ	JJ	JJ	tall	green	tall	green
3945	6866	NP	NN	n	grass	brown dog	grass	brown dog
3946	6866	NP	NN	n	grass	tall green grass	grass	tall green grass
3947	6866	NP	n	NN	golden dog	dog	golden dog	dog
3948	6866	NP	n	NN	golden dog	grass	golden dog	grass
3949	6866	NP	n	n	golden dog	brown dog	golden dog	brown dog
3950	6866	NP	n	n	golden dog	tall green grass	golden dog	tall green grass
3951	6866	NP	n	NN	field of tall grass	dog	field of tall grass	dog
3952	6866	NP	n	NN	field of tall grass	grass	field of tall grass	grass
3953	6866	NP	n	n	field of tall grass	brown dog	field of tall grass	brown dog
3954	6866	NP	n	n	field of tall grass	tall green grass	field of tall grass	tall green grass
3955	6866	NP	n	n	tall grass	brown dog	tall grass	brown dog
3956	6866	NP	n	n	tall grass	tall green grass	tall grass	tall green grass
3957	6912	NP	NN	NN	woman	shirt	woman	shirt
3958	6912	NP	NN	NN	woman	vest	woman	vest
3959	6912	NP	NN	NN	woman	cap	woman	cap
3960	6912	NP	NN	n	woman	shirt with a white vest	woman	shirt with a white vest
3961	6912	NP	NN	n	woman	white vest	woman	white vest
3962	6912	NP	NN	n	woman	white cap	woman	white cap
3963	6912	VP	VBG	VBG	wearing	talking	wear	talk
3964	6912	VP	VBG	VBG	wearing	marching	wear	march
3965	6912	NP	NN	NN	uniform	woman	uniform	woman
3966	6912	NP	NN	NN	uniform	shirt	uniform	shirt
3967	6912	NP	NN	NN	uniform	vest	uniform	vest
3968	6912	NP	NN	NN	uniform	cap	uniform	cap
3969	6912	NP	NN	n	uniform	shirt with a white vest	uniform	shirt with a white vest
3970	6912	NP	NN	n	uniform	white vest	uniform	white vest
3971	6912	NP	NN	n	uniform	white cap	uniform	white cap
3972	6912	NP	NN	NN	hat	woman	hat	woman
3973	6912	NP	NN	NN	hat	shirt	hat	shirt
3974	6912	NP	NN	NN	hat	vest	hat	vest
3975	6912	NP	NN	NN	hat	cap	hat	cap
3976	6912	NP	NN	n	hat	shirt with a white vest	hat	shirt with a white vest
3977	6912	NP	NN	n	hat	white vest	hat	white vest
3978	6912	NP	NN	n	hat	white cap	hat	white cap
3979	6912	VP	VBG	VBG	keeping	wearing	keep	wear
3980	6912	VP	VBG	VBG	keeping	talking	keep	talk
3981	6912	VP	VBG	VBG	keeping	marching	keep	march
3982	6912	NP	NN	NN	mouth	woman	mouth	woman
3983	6912	NP	NN	NN	mouth	shirt	mouth	shirt
3984	6912	NP	NN	NN	mouth	vest	mouth	vest
3985	6912	NP	NN	NN	mouth	cap	mouth	cap
3986	6912	NP	NN	n	mouth	shirt with a white vest	mouth	shirt with a white vest
3987	6912	NP	NN	n	mouth	white vest	mouth	white vest
3988	6912	NP	NN	n	mouth	white cap	mouth	white cap
3989	6912	phrasal_JJ	JJ	JJ	open	blue	open	blue
3990	6912	phrasal_JJ	JJ	JJ	open	white	open	white
3991	6912	NP	NNS	NN	others	woman	other	woman
3992	6912	NP	NNS	NN	others	shirt	other	shirt
3993	6912	NP	NNS	NN	others	vest	other	vest
3994	6912	NP	NNS	NN	others	cap	other	cap
3995	6912	NP	NNS	n	others	shirt with a white vest	other	shirt with a white vest
3996	6912	NP	NNS	n	others	white vest	other	white vest
3997	6912	NP	NNS	n	others	white cap	other	white cap
3998	6912	VP	VBN	VBG	dressed	talking	dress	talk
3999	6912	VP	VBN	VBG	dressed	marching	dress	march
4000	6912	phrasal_JJ	JJ	JJ	same	blue	same	blue
4001	6912	phrasal_JJ	JJ	JJ	same	white	same	white
4002	6912	NP	NN	NN	fashion	woman	fashion	woman
4003	6912	NP	NN	NN	fashion	shirt	fashion	shirt
4004	6912	NP	NN	NN	fashion	vest	fashion	vest
4005	6912	NP	NN	NN	fashion	cap	fashion	cap
4006	6912	NP	NN	n	fashion	shirt with a white vest	fashion	shirt with a white vest
4007	6912	NP	NN	n	fashion	white vest	fashion	white vest
4008	6912	NP	NN	n	fashion	white cap	fashion	white cap
4009	6912	NP	n	NN	white and blue hat	woman	white and blue hat	woman
4010	6912	NP	n	NN	white and blue hat	shirt	white and blue hat	shirt
4011	6912	NP	n	NN	white and blue hat	vest	white and blue hat	vest
4012	6912	NP	n	NN	white and blue hat	cap	white and blue hat	cap
4013	6912	NP	n	n	white and blue hat	shirt with a white vest	white and blue hat	shirt with a white vest
4014	6912	NP	n	n	white and blue hat	white vest	white and blue hat	white vest
4015	6912	NP	n	n	white and blue hat	white cap	white and blue hat	white cap
4016	6912	NP	n	NN	same fashion	woman	same fashion	woman
4017	6912	NP	n	NN	same fashion	shirt	same fashion	shirt
4018	6912	NP	n	NN	same fashion	vest	same fashion	vest
4019	6912	NP	n	NN	same fashion	cap	same fashion	cap
4020	6912	NP	n	n	same fashion	shirt with a white vest	same fashion	shirt with a white vest
4021	6912	NP	n	n	same fashion	white vest	same fashion	white vest
4022	6912	NP	n	n	same fashion	white cap	same fashion	white cap
4023	6932	NP	NN	NN	snowboarder	board	snowboarder	board
4024	6932	VP	VBG	VBG	doing	jumping	do	jump
4025	6932	NP	NN	NN	flip	air	flip	air
4026	6932	NP	NN	NN	flip	board	flip	board
4027	6932	NP	NN	NN	mound	air	mound	air
4028	6932	NP	NN	NN	mound	board	mound	board
4029	6932	NP	NN	NN	snow	board	snow	board
4030	6932	phrasal_IN	(s:ng\np)\(s:ng\np)	pp	over a mound of snow	in the air	over a mound of snow	in the air
4031	6932	phrasal_IN	(s:ng\np)\(s:ng\np)	(s:ng\np)\(s:ng\np)	over a mound of snow	on a board	over a mound of snow	on a board
4032	6932	NP	n	NN	mound of snow	air	mound of snow	air
4033	6932	NP	n	NN	mound of snow	board	mound of snow	board
4034	6955	phrasal_JJ	JJ	JJ	blonde	little	blonde	little
4035	6955	phrasal_JJ	JJ	JJ	blonde	blond	blonde	blond
4036	6955	NP	NN	NN	boy	girl	boy	girl
4037	6955	NP	NN	NN	boy	hair	boy	hair
4038	6955	NP	NN	NN	boy	swing	boy	swing
4039	6955	NP	NN	n	boy	little girl	boy	little girl
4040	6955	NP	NN	NN	green	girl	green	girl
4041	6955	NP	NN	NN	green	hair	green	hair
4042	6955	NP	NN	NN	green	swing	green	swing
4043	6955	NP	NN	n	green	little girl	green	little girl
4044	6955	VP	VBG	VBG	sitting	smiling	sit	smile
4045	6955	NP	NN	NN	swing	girl	swing	girl
4046	6955	NP	NN	NN	swing	hair	swing	hair
4047	6955	NP	NN	n	swing	little girl	swing	little girl
4048	6955	NP	n	NN	blonde boy in green	girl	blonde boy in green	girl
4049	6955	NP	n	NN	blonde boy in green	hair	blonde boy in green	hair
4050	6955	NP	n	NN	blonde boy in green	swing	blonde boy in green	swing
4051	6955	NP	n	n	blonde boy in green	little girl	blonde boy in green	little girl
4052	6955	NP	n	NN	boy in green	girl	boy in green	girl
4053	6955	NP	n	NN	boy in green	hair	boy in green	hair
4054	6955	NP	n	NN	boy in green	swing	boy in green	swing
4055	6955	NP	n	n	boy in green	little girl	boy in green	little girl
4056	6961	NP	NN	NN	man	hat	man	hat
4057	6961	NP	NN	NN	man	stage	man	stage
4058	6961	NP	NN	n	man	man in a white hat	man	man in a white hat
4059	6961	NP	NN	n	man	white hat	man	white hat
4060	6961	VP	VBG	VBG	staging	playing	stage	play
4061	6961	NP	NN	NN	hat	man	hat	man
4062	6961	NP	NN	NN	hat	guitar	hat	guitar
4063	6961	NP	NN	NN	hat	stage	hat	stage
4064	6961	NP	NN	n	hat	man in a white hat	hat	man in a white hat
4065	6961	NP	NN	n	hat	white hat	hat	white hat
4066	6961	NP	NN	NN	playing	man	playing	man
4067	6961	NP	NN	NN	playing	hat	playing	hat
4068	6961	NP	NN	NN	playing	guitar	playing	guitar
4069	6961	NP	NN	NN	playing	stage	playing	stage
4070	6961	NP	NN	n	playing	man in a white hat	playing	man in a white hat
4071	6961	NP	NN	n	playing	white hat	playing	white hat
4072	6961	NP	NN	NN	guitar	hat	guitar	hat
4073	6961	NP	NN	NN	guitar	stage	guitar	stage
4074	6961	NP	NN	n	guitar	man in a white hat	guitar	man in a white hat
4075	6961	NP	NN	n	guitar	white hat	guitar	white hat
4076	6961	NP	n	NN	white man	man	white man	man
4077	6961	NP	n	NN	white man	hat	white man	hat
4078	6961	NP	n	NN	white man	guitar	white man	guitar
4079	6961	NP	n	NN	white man	stage	white man	stage
4080	6961	NP	n	n	white man	man in a white hat	white man	man in a white hat
4081	6961	NP	n	n	white man	white hat	white man	white hat
4082	6961	NP	n	NN	playing guitar	man	playing guitar	man
4083	6961	NP	n	NN	playing guitar	hat	playing guitar	hat
4084	6961	NP	n	NN	playing guitar	guitar	playing guitar	guitar
4085	6961	NP	n	NN	playing guitar	stage	playing guitar	stage
4086	6961	NP	n	n	playing guitar	man in a white hat	playing guitar	man in a white hat
4087	6961	NP	n	n	playing guitar	white hat	playing guitar	white hat
4088	6971	NP	NN	NN	man	uniform	man	uniform
4089	6971	NP	NN	NN	man	jump	man	jump
4090	6971	NP	NN	NN	man	dirt	man	dirt
4091	6971	NP	NN	NN	man	race	man	race
4092	6971	NP	NN	n	man	man in a red uniform	man	man in a red uniform
4093	6971	NP	NN	n	man	red uniform	man	red uniform
4094	6971	NP	NN	n	man	dirt bike race	man	dirt bike race
4095	6971	NP	NN	NN	uniform	jump	uniform	jump
4096	6971	NP	NN	NN	uniform	dirt	uniform	dirt
4097	6971	NP	NN	NN	uniform	bike	uniform	bike
4098	6971	NP	NN	NN	uniform	race	uniform	race
4099	6971	NP	NN	n	uniform	man in a red uniform	uniform	man in a red uniform
4100	6971	NP	NN	n	uniform	red uniform	uniform	red uniform
4101	6971	NP	NN	n	uniform	dirt bike race	uniform	dirt bike race
4102	6971	NP	NN	NN	jump	man	jump	man
4103	6971	NP	NN	NN	jump	uniform	jump	uniform
4104	6971	NP	NN	NN	jump	dirt	jump	dirt
4105	6971	NP	NN	NN	jump	bike	jump	bike
4106	6971	NP	NN	NN	jump	race	jump	race
4107	6971	NP	NN	n	jump	man in a red uniform	jump	man in a red uniform
4108	6971	NP	NN	n	jump	red uniform	jump	red uniform
4109	6971	NP	NN	n	jump	dirt bike race	jump	dirt bike race
4110	6971	NP	NN	NN	dirt	man	dirt	man
4111	6971	NP	NN	NN	dirt	uniform	dirt	uniform
4112	6971	NP	NN	NN	dirt	jump	dirt	jump
4113	6971	NP	NN	NN	dirt	bike	dirt	bike
4114	6971	NP	NN	NN	dirt	race	dirt	race
4115	6971	NP	NN	n	dirt	man in a red uniform	dirt	man in a red uniform
4116	6971	NP	NN	n	dirt	red uniform	dirt	red uniform
4117	6971	NP	NN	n	dirt	dirt bike race	dirt	dirt bike race
4118	6971	NP	NN	NN	bike	uniform	bike	uniform
4119	6971	NP	NN	NN	bike	jump	bike	jump
4120	6971	NP	NN	NN	bike	dirt	bike	dirt
4121	6971	NP	NN	NN	bike	race	bike	race
4122	6971	NP	NN	n	bike	man in a red uniform	bike	man in a red uniform
4123	6971	NP	NN	n	bike	red uniform	bike	red uniform
4124	6971	NP	NN	n	bike	dirt bike race	bike	dirt bike race
4125	6971	NP	NN	NN	race	man	race	man
4126	6971	NP	NN	NN	race	uniform	race	uniform
4127	6971	NP	NN	NN	race	jump	race	jump
4128	6971	NP	NN	NN	race	dirt	race	dirt
4129	6971	NP	NN	NN	race	bike	race	bike
4130	6971	NP	NN	n	race	man in a red uniform	race	man in a red uniform
4131	6971	NP	NN	n	race	red uniform	race	red uniform
4132	6971	NP	NN	n	race	dirt bike race	race	dirt bike race
4133	6971	NP	n	NN	man in a red uniform	man	man in a red uniform	man
4134	6971	NP	n	NN	man in a red uniform	uniform	man in a red uniform	uniform
4135	6971	NP	n	NN	man in a red uniform	jump	man in a red uniform	jump
4136	6971	NP	n	NN	man in a red uniform	dirt	man in a red uniform	dirt
4137	6971	NP	n	NN	man in a red uniform	bike	man in a red uniform	bike
4138	6971	NP	n	NN	man in a red uniform	race	man in a red uniform	race
4139	6971	NP	n	n	man in a red uniform	red uniform	man in a red uniform	red uniform
4140	6971	NP	n	n	man in a red uniform	dirt bike race	man in a red uniform	dirt bike race
4141	6971	NP	n	NN	red uniform	man	red uniform	man
4142	6971	NP	n	NN	red uniform	uniform	red uniform	uniform
4143	6971	NP	n	NN	red uniform	jump	red uniform	jump
4144	6971	NP	n	NN	red uniform	dirt	red uniform	dirt
4145	6971	NP	n	NN	red uniform	bike	red uniform	bike
4146	6971	NP	n	NN	red uniform	race	red uniform	race
4147	6971	NP	n	n	red uniform	man in a red uniform	red uniform	man in a red uniform
4148	6971	NP	n	n	red uniform	dirt bike race	red uniform	dirt bike race
4149	6971	NP	n	NN	dirt bike race	man	dirt bike race	man
4150	6971	NP	n	NN	dirt bike race	uniform	dirt bike race	uniform
4151	6971	NP	n	NN	dirt bike race	jump	dirt bike race	jump
4152	6971	NP	n	NN	dirt bike race	dirt	dirt bike race	dirt
4153	6971	NP	n	NN	dirt bike race	bike	dirt bike race	bike
4154	6971	NP	n	NN	dirt bike race	race	dirt bike race	race
4155	6971	NP	n	n	dirt bike race	man in a red uniform	dirt bike race	man in a red uniform
4156	6971	NP	n	n	dirt bike race	red uniform	dirt bike race	red uniform
4157	7002	NP	NNP	NN	Rugby	soccer	Rugby	soccer
4158	7002	NP	NNP	NN	Rugby	player	Rugby	player
4159	7002	NP	NNP	NN	Rugby	opponent	Rugby	opponent
4160	7002	NP	NNP	n	Rugby	soccer player	Rugby	soccer player
4161	7002	NP	NNS	NN	players	soccer	player	soccer
4162	7002	NP	NNS	NN	players	player	player	player
4163	7002	NP	NNS	NN	players	opponent	player	opponent
4164	7002	NP	NNS	n	players	soccer player	player	soccer player
4165	7002	VP	VBG	VBN	tackling	tackled	tackle	tackle
4166	7002	NP	NN	NN	other	soccer	other	soccer
4167	7002	NP	NN	NN	other	player	other	player
4168	7002	NP	NN	NN	other	opponent	other	opponent
4169	7002	NP	NN	n	other	soccer player	other	soccer player
4170	7002	NP	n	NN	Rugby players	soccer	Rugby player	soccer
4171	7002	NP	n	NN	Rugby players	player	Rugby player	player
4172	7002	NP	n	NN	Rugby players	opponent	Rugby player	opponent
4173	7002	NP	n	n	Rugby players	soccer player	Rugby player	soccer player
4174	7007	phrasal_JJ	JJ	JJ	white	fallen	white	fallen
4175	7007	NP	NN	NNS	dog	leaves	dog	leaf
4176	7007	NP	NN	n	dog	fallen leaves	dog	fallen leaf
4177	7007	VP	VBG	VBG	standing	lying	stand	lie
4178	7007	phrasal_JJ	JJ	JJ	fallen	white	fallen	white
4179	7007	NP	NNS	NN	leaves	dog	leaf	dog
4180	7007	NP	NNS	n	leaves	white dog	leaf	white dog
4181	7007	NP	NNS	n	leaves	fallen leaves	leaf	fallen leaf
4182	7007	NP	n	NNS	white dog	leaves	white dog	leaf
4183	7007	NP	n	n	white dog	fallen leaves	white dog	fallen leaf
4184	7007	NP	n	NN	fallen leaves	dog	fallen leaf	dog
4185	7007	NP	n	NNS	fallen leaves	leaves	fallen leaf	leaf
4186	7007	NP	n	n	fallen leaves	white dog	fallen leaf	white dog
4187	7018	NP	NN	NN	child	clothing	child	clothing
4188	7018	NP	NN	NNS	child	arms	child	arm
4189	7018	NP	NN	NN	child	outward	child	outward
4190	7018	NP	NN	n	child	child in light colored clothing	child	child in light color clothing
4191	7018	NP	NN	n	child	light colored clothing	child	light color clothing
4192	7018	NP	NN	n	child	arms extended outward	child	arm extend outward
4193	7018	NP	NN	NN	clothing	child	clothing	child
4194	7018	NP	NN	NNS	clothing	arms	clothing	arm
4195	7018	NP	NN	NN	clothing	outward	clothing	outward
4196	7018	NP	NN	n	clothing	child in light colored clothing	clothing	child in light color clothing
4197	7018	NP	NN	n	clothing	light colored clothing	clothing	light color clothing
4198	7018	NP	NN	n	clothing	arms extended outward	clothing	arm extend outward
4199	7018	VP	VBN	VBG	colored	standing	color	stand
4200	7018	VP	VBN	VBN	colored	extended	color	extend
4201	7018	VP	VBG	VBN	standing	colored	stand	color
4202	7018	VP	VBG	VBN	standing	extended	stand	extend
4203	7018	NP	NNS	NN	arms	child	arm	child
4204	7018	NP	NNS	NN	arms	clothing	arm	clothing
4205	7018	NP	NNS	NN	arms	outward	arm	outward
4206	7018	NP	NNS	n	arms	child in light colored clothing	arm	child in light color clothing
4207	7018	NP	NNS	n	arms	light colored clothing	arm	light color clothing
4208	7018	NP	NNS	n	arms	arms extended outward	arm	arm extend outward
4209	7018	VP	VBN	VBN	extended	colored	extend	color
4210	7018	VP	VBN	VBG	extended	standing	extend	stand
4211	7018	NP	NN	NN	outward	child	outward	child
4212	7018	NP	NN	NN	outward	clothing	outward	clothing
4213	7018	NP	NN	NNS	outward	arms	outward	arm
4214	7018	NP	NN	n	outward	child in light colored clothing	outward	child in light color clothing
4215	7018	NP	NN	n	outward	light colored clothing	outward	light color clothing
4216	7018	NP	NN	n	outward	arms extended outward	outward	arm extend outward
4217	7018	NP	n	NN	child in clothing	child	child in clothing	child
4218	7018	NP	n	NN	child in clothing	clothing	child in clothing	clothing
4219	7018	NP	n	NNS	child in clothing	arms	child in clothing	arm
4220	7018	NP	n	NN	child in clothing	outward	child in clothing	outward
4221	7018	NP	n	n	child in clothing	child in light colored clothing	child in clothing	child in light color clothing
4222	7018	NP	n	n	child in clothing	light colored clothing	child in clothing	light color clothing
4223	7018	NP	n	n	child in clothing	arms extended outward	child in clothing	arm extend outward
4224	7018	NP	n	NN	arms extended outward	child	arm extend outward	child
4225	7018	NP	n	NN	arms extended outward	clothing	arm extend outward	clothing
4226	7018	NP	n	NNS	arms extended outward	arms	arm extend outward	arm
4227	7018	NP	n	NN	arms extended outward	outward	arm extend outward	outward
4228	7018	NP	n	n	arms extended outward	child in light colored clothing	arm extend outward	child in light color clothing
4229	7018	NP	n	n	arms extended outward	light colored clothing	arm extend outward	light color clothing
4230	7027	NP	NN	NN	boy	outdoor	boy	outdoor
4231	7027	NP	NN	NN	boy	gym	boy	gym
4232	7027	NP	NN	n	boy	boy and girl	boy	boy and girl
4233	7027	NP	NN	n	boy	outdoor gym	boy	outdoor gym
4234	7027	NP	NN	NN	girl	outdoor	girl	outdoor
4235	7027	NP	NN	NN	girl	gym	girl	gym
4236	7027	NP	NN	n	girl	boy and girl	girl	boy and girl
4237	7027	NP	NN	n	girl	outdoor gym	girl	outdoor gym
4238	7027	NP	NN	NN	playground	boy	playground	boy
4239	7027	NP	NN	NN	playground	girl	playground	girl
4240	7027	NP	NN	NN	playground	outdoor	playground	outdoor
4241	7027	NP	NN	NN	playground	gym	playground	gym
4242	7027	NP	NN	n	playground	boy and girl	playground	boy and girl
4243	7027	NP	NN	n	playground	outdoor gym	playground	outdoor gym
4244	7027	NP	n	NN	boy and girl	boy	boy and girl	boy
4245	7027	NP	n	NN	boy and girl	girl	boy and girl	girl
4246	7027	NP	n	NN	boy and girl	outdoor	boy and girl	outdoor
4247	7027	NP	n	NN	boy and girl	gym	boy and girl	gym
4248	7027	NP	n	n	boy and girl	outdoor gym	boy and girl	outdoor gym
4249	7027	phrasal_IN	(s:ng\np)\(s:ng\np)	(s:ng\np)\(s:ng\np)	on a playground	on the outdoor gym	on a playground	on the outdoor gym
4250	7043	NP	NN	NN	motocross	biker	motocross	biker
4251	7043	NP	NN	NN	motocross	jacket	motocross	jacket
4252	7043	NP	NN	NNS	motocross	pants	motocross	pants
4253	7043	NP	NN	NN	motocross	helmet	motocross	helmet
4254	7043	NP	NN	NN	motocross	dirt	motocross	dirt
4255	7043	NP	NN	NNS	motocross	people	motocross	people
4256	7043	NP	NN	n	motocross	blue jacket	motocross	blue jacket
4257	7043	NP	NN	n	motocross	black pants	motocross	black pants
4258	7043	NP	NN	n	motocross	white helmet	motocross	white helmet
4259	7043	NP	NN	NN	rider	biker	rider	biker
4260	7043	NP	NN	NN	rider	jacket	rider	jacket
4261	7043	NP	NN	NNS	rider	pants	rider	pants
4262	7043	NP	NN	NN	rider	helmet	rider	helmet
4263	7043	NP	NN	NN	rider	dirt	rider	dirt
4264	7043	NP	NN	NNS	rider	people	rider	people
4265	7043	NP	NN	n	rider	blue jacket	rider	blue jacket
4266	7043	NP	NN	n	rider	black pants	rider	black pants
4267	7043	NP	NN	n	rider	white helmet	rider	white helmet
4268	7043	VP	VBG	VBG	standing	driving	stand	drive
4269	7043	phrasal_JJ	JJ	JJ	naked	blue	naked	blue
4270	7043	phrasal_JJ	JJ	JJ	naked	black	naked	black
4271	7043	phrasal_JJ	JJ	JJ	naked	white	naked	white
4272	7043	NP	n	NN	motocross rider	biker	motocross rider	biker
4273	7043	NP	n	NN	motocross rider	jacket	motocross rider	jacket
4274	7043	NP	n	NNS	motocross rider	pants	motocross rider	pants
4275	7043	NP	n	NN	motocross rider	helmet	motocross rider	helmet
4276	7043	NP	n	NN	motocross rider	dirt	motocross rider	dirt
4277	7043	NP	n	NNS	motocross rider	people	motocross rider	people
4278	7043	NP	n	n	motocross rider	blue jacket	motocross rider	blue jacket
4279	7043	NP	n	n	motocross rider	black pants	motocross rider	black pants
4280	7043	NP	n	n	motocross rider	white helmet	motocross rider	white helmet
4281	7044	phrasal_JJ	JJ	JJ	blue	black	blue	black
4282	7044	phrasal_JJ	JJ	JJ	black	blue	black	blue
4283	7044	NP	NN	NN	bike	biker	bike	biker
4284	7044	NP	NN	NN	bike	jacket	bike	jacket
4285	7044	NP	NN	NN	bike	helmet	bike	helmet
4286	7044	NP	NN	n	bike	blue jacket	bike	blue jacket
4287	7044	NP	NN	n	bike	black pants	bike	black pants
4288	7044	NP	NN	n	bike	white helmet	bike	white helmet
4289	7044	VP	VBG	VBG	wearing	driving	wear	drive
4290	7044	VP	VBG	VBG	wearing	watching	wear	watch
4291	7044	NP	NNS	NN	pants	biker	pants	biker
4292	7044	NP	NNS	NN	pants	jacket	pants	jacket
4293	7044	NP	NNS	NN	pants	helmet	pants	helmet
4294	7044	NP	NNS	NN	pants	dirt	pants	dirt
4295	7044	NP	NNS	n	pants	blue jacket	pants	blue jacket
4296	7044	NP	NNS	n	pants	black pants	pants	black pants
4297	7044	NP	NNS	n	pants	white helmet	pants	white helmet
4298	7044	NP	n	NN	blue and black motocross bike	biker	blue and black motocross bike	biker
4299	7044	NP	n	NN	blue and black motocross bike	jacket	blue and black motocross bike	jacket
4300	7044	NP	n	NNS	blue and black motocross bike	pants	blue and black motocross bike	pants
4301	7044	NP	n	NN	blue and black motocross bike	helmet	blue and black motocross bike	helmet
4302	7044	NP	n	NN	blue and black motocross bike	dirt	blue and black motocross bike	dirt
4303	7044	NP	n	NNS	blue and black motocross bike	people	blue and black motocross bike	people
4304	7044	NP	n	n	blue and black motocross bike	blue jacket	blue and black motocross bike	blue jacket
4305	7044	NP	n	n	blue and black motocross bike	black pants	blue and black motocross bike	black pants
4306	7044	NP	n	n	blue and black motocross bike	white helmet	blue and black motocross bike	white helmet
4307	7044	NP	n	NN	motocross bike	biker	motocross bike	biker
4308	7044	NP	n	NN	motocross bike	jacket	motocross bike	jacket
4309	7044	NP	n	NNS	motocross bike	pants	motocross bike	pants
4310	7044	NP	n	NN	motocross bike	helmet	motocross bike	helmet
4311	7044	NP	n	NN	motocross bike	dirt	motocross bike	dirt
4312	7044	NP	n	NNS	motocross bike	people	motocross bike	people
4313	7044	NP	n	n	motocross bike	blue jacket	motocross bike	blue jacket
4314	7044	NP	n	n	motocross bike	black pants	motocross bike	black pants
4315	7044	NP	n	n	motocross bike	white helmet	motocross bike	white helmet
4316	7064	NP	NN	NN	trick	rollerblader	trick	rollerblader
4317	7064	NP	NN	NN	trick	ramp	trick	ramp
4318	7064	NP	NN	n	trick	trick on a ramp	trick	trick on a ramp
4319	7064	VP	VBN	VBG	performed	performing	perform	perform
4320	7064	NP	NN	NN	rollerblader	trick	rollerblader	trick
4321	7064	NP	NN	NN	rollerblader	ramp	rollerblader	ramp
4322	7064	NP	NN	n	rollerblader	trick on a ramp	rollerblader	trick on a ramp
4323	7064	NP	NN	NN	ramp	rollerblader	ramp	rollerblader
4324	7064	NP	NN	NN	ramp	trick	ramp	trick
4325	7064	NP	NN	n	ramp	trick on a ramp	ramp	trick on a ramp
4326	7088	NP	NN	NN	group	football	group	football
4327	7088	NP	NN	NN	group	game	group	game
4328	7088	NP	NN	n	group	football game	group	football game
4329	7088	NP	NN	NN	football	crowd	football	crowd
4330	7088	NP	NN	NN	football	game	football	game
4331	7088	NP	NN	n	football	football game	football	football game
4332	7088	NP	NNS	NN	players	crowd	player	crowd
4333	7088	NP	NNS	NN	players	football	player	football
4334	7088	NP	NNS	NN	players	game	player	game
4335	7088	NP	NNS	n	players	football game	player	football game
4336	7088	NP	NN	NN	field	crowd	field	crowd
4337	7088	NP	NN	NN	field	football	field	football
4338	7088	NP	NN	NN	field	game	field	game
4339	7088	NP	NN	n	field	football game	field	football game
4340	7088	NP	n	NN	group of football players	crowd	group of football player	crowd
4341	7088	NP	n	NN	group of football players	football	group of football player	football
4342	7088	NP	n	NN	group of football players	game	group of football player	game
4343	7088	NP	n	n	group of football players	football game	group of football player	football game
4344	7088	NP	n	NN	football players	crowd	football player	crowd
4345	7088	NP	n	NN	football players	football	football player	football
4346	7088	NP	n	NN	football players	game	football player	game
4347	7088	NP	n	n	football players	football game	football player	football game
4348	7093	NP	NN	NN	group	camera	group	camera
4349	7093	NP	NNS	NN	people	camera	people	camera
4350	7093	VP	VBG	VBG	standing	looking	stand	look
4351	7093	VP	VBG	VBG	looking	standing	look	stand
4352	7093	NP	NN	NN	camera	group	camera	group
4353	7093	NP	NN	NNS	camera	people	camera	people
4354	7093	NP	NN	n	camera	group of people	camera	group of people
4355	7093	NP	n	NN	group of people	camera	group of people	camera
4356	7214	NP	NN	NN	dog	yard	dog	yard
4357	7214	NP	NN	n	dog	toy in its mouth	dog	toy in its mouth
4358	7214	NP	NN	NN	yard	toy	yard	toy
4359	7214	NP	NN	NN	yard	mouth	yard	mouth
4360	7214	NP	NN	n	yard	brown dog	yard	brown dog
4361	7214	NP	NN	n	yard	toy in its mouth	yard	toy in its mouth
4362	7214	NP	NN	NN	toy	yard	toy	yard
4363	7214	NP	NN	NN	toy	mouth	toy	mouth
4364	7214	NP	NN	n	toy	brown dog	toy	brown dog
4365	7214	NP	NN	n	toy	toy in its mouth	toy	toy in its mouth
4366	7214	NP	NN	NN	mouth	yard	mouth	yard
4367	7214	NP	NN	NN	mouth	toy	mouth	toy
4368	7214	NP	NN	n	mouth	brown dog	mouth	brown dog
4369	7214	NP	NN	n	mouth	toy in its mouth	mouth	toy in its mouth
4370	7214	NP	n	NN	brown dog	yard	brown dog	yard
4371	7214	NP	n	NN	brown dog	toy	brown dog	toy
4372	7214	NP	n	NN	brown dog	mouth	brown dog	mouth
4373	7214	NP	n	n	brown dog	toy in its mouth	brown dog	toy in its mouth
4374	7214	phrasal_IN	(s:dcl\np)\(s:dcl\np)	(s:ng\np)\(s:ng\np)	with a toy	across the yard	with a toy	across the yard
4375	7214	phrasal_IN	(s:dcl\np)\(s:dcl\np)	(s:ng\np)\(s:ng\np)	in its mouth	across the yard	in its mouth	across the yard
4376	7228	phrasal_JJ	JJ	JJ	young	green	young	green
4377	7228	phrasal_JJ	JJ	JJ	young	high	young	high
4378	7228	NP	NN	NN	boy	person	boy	person
4379	7228	NP	NN	NN	boy	shirt	boy	shirt
4380	7228	NP	NN	NN	boy	grass	boy	grass
4381	7228	NP	NN	n	boy	person with a green shirt	boy	person with a green shirt
4382	7228	NP	NN	n	boy	green shirt	boy	green shirt
4383	7228	NP	NN	NN	air	person	air	person
4384	7228	NP	NN	NN	air	shirt	air	shirt
4385	7228	NP	NN	NN	air	grass	air	grass
4386	7228	NP	NN	n	air	person with a green shirt	air	person with a green shirt
4387	7228	NP	NN	n	air	green shirt	air	green shirt
4388	7228	NP	NNS	NN	knees	person	knee	person
4389	7228	NP	NNS	NN	knees	shirt	knee	shirt
4390	7228	NP	NNS	NN	knees	grass	knee	grass
4391	7228	NP	NNS	n	knees	person with a green shirt	knee	person with a green shirt
4392	7228	NP	NNS	n	knees	green shirt	knee	green shirt
4393	7228	phrasal_JJ	JJ	JJ	bent	green	bent	green
4394	7228	phrasal_JJ	JJ	JJ	bent	high	bent	high
4395	7228	NP	NNS	NN	arms	person	arm	person
4396	7228	NP	NNS	NN	arms	shirt	arm	shirt
4397	7228	NP	NNS	NN	arms	grass	arm	grass
4398	7228	NP	NNS	n	arms	person with a green shirt	arm	person with a green shirt
4399	7228	NP	NNS	n	arms	green shirt	arm	green shirt
4400	7228	NP	NN	NN	spread	person	spread	person
4401	7228	NP	NN	NN	spread	shirt	spread	shirt
4402	7228	NP	NN	NN	spread	grass	spread	grass
4403	7228	NP	NN	n	spread	person with a green shirt	spread	person with a green shirt
4404	7228	NP	NN	n	spread	green shirt	spread	green shirt
4405	7228	phrasal_IN	pp	(s:adj\np)\(s:adj\np)	in the air	over the grass	in the air	over the grass
4406	7311	NP	NN	NN	cigarette	man	cigarette	man
4407	7311	NP	NN	NN	cigarette	straw	cigarette	straw
4408	7311	NP	NN	NN	cigarette	hat	cigarette	hat
4409	7311	NP	NN	NN	cigarette	smoking	cigarette	smoking
4410	7311	NP	NN	n	cigarette	straw hat	cigarette	straw hat
4411	7311	NP	NN	n	cigarette	smoking a cigarette	cigarette	smoking a cigarette
4412	7311	VP	VBN	VBG	smoked	wearing	smoke	wear
4413	7311	NP	NN	NN	man	straw	man	straw
4414	7311	NP	NN	NN	man	smoking	man	smoking
4415	7311	NP	NN	NN	man	cigarette	man	cigarette
4416	7311	NP	NN	n	man	straw hat	man	straw hat
4417	7311	NP	NN	n	man	smoking a cigarette	man	smoking a cigarette
4418	7311	NP	NN	NN	straw	man	straw	man
4419	7311	NP	NN	NN	straw	hat	straw	hat
4420	7311	NP	NN	NN	straw	smoking	straw	smoking
4421	7311	NP	NN	NN	straw	cigarette	straw	cigarette
4422	7311	NP	NN	n	straw	straw hat	straw	straw hat
4423	7311	NP	NN	n	straw	smoking a cigarette	straw	smoking a cigarette
4424	7311	NP	NN	NN	hat	straw	hat	straw
4425	7311	NP	NN	NN	hat	smoking	hat	smoking
4426	7311	NP	NN	NN	hat	cigarette	hat	cigarette
4427	7311	NP	NN	n	hat	straw hat	hat	straw hat
4428	7311	NP	NN	n	hat	smoking a cigarette	hat	smoking a cigarette
4429	7311	NP	n	NN	straw hat	man	straw hat	man
4430	7311	NP	n	NN	straw hat	straw	straw hat	straw
4431	7311	NP	n	NN	straw hat	hat	straw hat	hat
4432	7311	NP	n	NN	straw hat	smoking	straw hat	smoking
4433	7311	NP	n	NN	straw hat	cigarette	straw hat	cigarette
4434	7311	NP	n	n	straw hat	smoking a cigarette	straw hat	smoking a cigarette
4435	7319	NP	NN	NN	man	shirt	man	shirt
4436	7319	NP	NN	NN	man	unicycle	man	unicycle
4437	7319	NP	NN	NN	man	street	man	street
4438	7319	NP	NN	n	man	blue checkered shirt	man	blue checkered shirt
4439	7319	NP	NN	n	man	unicycle in the street	man	unicycle in the street
4440	7319	VP	VBG	VBG	wearing	riding	wear	ride
4441	7319	phrasal_JJ	JJ	JJ	blue	checkered	blue	checkered
4442	7319	NP	NN	NN	shirt	man	shirt	man
4443	7319	NP	NN	NN	shirt	unicycle	shirt	unicycle
4444	7319	NP	NN	NN	shirt	street	shirt	street
4445	7319	NP	NN	n	shirt	blue checkered shirt	shirt	blue checkered shirt
4446	7319	NP	NN	n	shirt	unicycle in the street	shirt	unicycle in the street
4447	7319	phrasal_JJ	JJ	JJ	long	blue	long	blue
4448	7319	phrasal_JJ	JJ	JJ	long	checkered	long	checkered
4449	7319	NP	NNS	NN	sleeves	man	sleeve	man
4450	7319	NP	NNS	NN	sleeves	shirt	sleeve	shirt
4451	7319	NP	NNS	NN	sleeves	unicycle	sleeve	unicycle
4452	7319	NP	NNS	NN	sleeves	street	sleeve	street
4453	7319	NP	NNS	n	sleeves	blue checkered shirt	sleeve	blue checkered shirt
4454	7319	NP	NNS	n	sleeves	unicycle in the street	sleeve	unicycle in the street
4455	7319	NP	NNS	NN	jeans	man	jeans	man
4456	7319	NP	NNS	NN	jeans	unicycle	jeans	unicycle
4457	7319	NP	NNS	NN	jeans	street	jeans	street
4458	7319	NP	NNS	n	jeans	blue checkered shirt	jeans	blue checkered shirt
4459	7319	NP	NNS	n	jeans	unicycle in the street	jeans	unicycle in the street
4460	7319	NP	NN	NN	unicycle	man	unicycle	man
4461	7319	NP	NN	NN	unicycle	shirt	unicycle	shirt
4462	7319	NP	NN	NN	unicycle	street	unicycle	street
4463	7319	NP	NN	n	unicycle	blue checkered shirt	unicycle	blue checkered shirt
4464	7319	NP	NN	n	unicycle	unicycle in the street	unicycle	unicycle in the street
4465	7319	NP	NN	NN	street	shirt	street	shirt
4466	7319	NP	NN	NN	street	unicycle	street	unicycle
4467	7319	NP	NN	n	street	blue checkered shirt	street	blue checkered shirt
4468	7319	NP	NN	n	street	unicycle in the street	street	unicycle in the street
4469	7319	NP	n	NN	long sleeves and jeans	man	long sleeve and jeans	man
4470	7319	NP	n	NN	long sleeves and jeans	shirt	long sleeve and jeans	shirt
4471	7319	NP	n	NN	long sleeves and jeans	unicycle	long sleeve and jeans	unicycle
4472	7319	NP	n	NN	long sleeves and jeans	street	long sleeve and jeans	street
4473	7319	NP	n	n	long sleeves and jeans	blue checkered shirt	long sleeve and jeans	blue checkered shirt
4474	7319	NP	n	n	long sleeves and jeans	unicycle in the street	long sleeve and jeans	unicycle in the street
4475	7319	NP	n	NN	unicycle down a street	man	unicycle down a street	man
4476	7319	NP	n	NN	unicycle down a street	shirt	unicycle down a street	shirt
4477	7319	NP	n	NN	unicycle down a street	unicycle	unicycle down a street	unicycle
4478	7319	NP	n	NN	unicycle down a street	street	unicycle down a street	street
4479	7319	NP	n	n	unicycle down a street	blue checkered shirt	unicycle down a street	blue checkered shirt
4480	7319	NP	n	n	unicycle down a street	unicycle in the street	unicycle down a street	unicycle in the street
4481	7356	NP	NNS	NN	children	statue	child	statue
4482	7356	NP	NNS	n	children	Two children	child	two child
4483	7356	VP	VBG	VBG	climbing	playing	climb	play
4484	7356	NP	NN	NNS	statue	children	statue	child
4485	7356	NP	NN	n	statue	Two children	statue	two child
4486	7356	NP	NN	NNS	park	children	park	child
4487	7356	NP	NN	NN	park	statue	park	statue
4488	7356	NP	NN	n	park	Two children	park	two child
4489	7356	NP	n	NNS	Small children	children	small child	child
4490	7356	NP	n	NN	Small children	statue	small child	statue
4491	7356	NP	n	n	Small children	Two children	small child	two child
4492	7356	phrasal_IN	(s:ng\np)\(s:ng\np)	(s:ng\np)\(s:ng\np)	in a park	on a statue	in a park	on a statue
4493	7363	NP	NN	NN	tower	woman	tower	woman
4494	7363	NP	NN	NN	tower	view	tower	view
4495	7363	NP	NN	NN	tower	city	tower	city
4496	7363	NP	NN	n	tower	view of a city	tower	view of a city
4497	7363	VP	VBN	VBG	looked	looking	look	look
4498	7363	NP	NN	NN	lady	view	lady	view
4499	7363	NP	NN	NN	lady	city	lady	city
4500	7363	NP	NN	n	lady	view of a city	lady	view of a city
4501	7363	NP	n	NN	blonde lady	woman	blonde lady	woman
4502	7363	NP	n	NN	blonde lady	view	blonde lady	view
4503	7363	NP	n	NN	blonde lady	city	blonde lady	city
4504	7363	NP	n	n	blonde lady	view of a city	blonde lady	view of a city
4505	7374	NP	NN	NN	man	mountain	man	mountain
4506	7374	NP	NN	n	man	mountain top	man	mountain top
4507	7374	NP	NN	n	top	mountain top	top	mountain top
4508	7374	NP	NNS	NN	rocks	mountain	rock	mountain
4509	7374	NP	NNS	NN	rocks	top	rock	top
4510	7374	NP	NNS	n	rocks	mountain top	rock	mountain top
4511	7374	NP	NNS	NN	clouds	mountain	cloud	mountain
4512	7374	NP	NNS	NN	clouds	top	cloud	top
4513	7374	NP	NNS	n	clouds	mountain top	cloud	mountain top
4514	7374	NP	n	NN	top of the rocks	mountain	top of the rock	mountain
4515	7374	NP	n	NN	top of the rocks	top	top of the rock	top
4516	7374	NP	n	n	top of the rocks	mountain top	top of the rock	mountain top
4517	7374	phrasal_IN	(s:ng\np)\(s:ng\np)	pp	with clouds behind them	on a mountain top	with cloud behind they	on a mountain top
4518	7374	NP	n	NN	clouds behind them	mountain	cloud behind they	mountain
4519	7374	NP	n	NN	clouds behind them	top	cloud behind they	top
4520	7374	NP	n	n	clouds behind them	mountain top	cloud behind they	mountain top
4521	7394	NP	NN	NN	child	underwater	child	underwater
4522	7394	NP	NN	NN	child	pool	child	pool
4523	7394	VP	VBG	VBG	smiling	swimming	smile	swim
4524	7394	NP	NN	NN	camera	child	camera	child
4525	7394	NP	NN	NN	camera	underwater	camera	underwater
4526	7394	NP	NN	NN	camera	pool	camera	pool
4527	7394	NP	NN	NN	swimming	child	swimming	child
4528	7394	NP	NN	NN	swimming	underwater	swimming	underwater
4529	7394	NP	NN	NN	underwater	child	underwater	child
4530	7394	NP	NN	NN	underwater	pool	underwater	pool
4531	7394	NP	n	NN	camera and swimming underwater	child	camera and swimming underwater	child
4532	7394	NP	n	NN	camera and swimming underwater	underwater	camera and swimming underwater	underwater
4533	7394	NP	n	NN	camera and swimming underwater	pool	camera and swimming underwater	pool
4534	7410	phrasal_JJ	JJ	JJ	American	black	american	black
4535	7410	NP	NN	NN	footballer	football	footballer	football
4536	7410	NP	NN	NN	footballer	player	footballer	player
4537	7410	NP	NN	NNS	footballer	armbands	footballer	armband
4538	7410	NP	NN	n	footballer	football player	footballer	football player
4539	7410	NP	NN	n	footballer	black armbands	footballer	black armband
4540	7410	phrasal_JJ	JJ	JJ	red	black	red	black
4541	7410	NP	NN	NN	strip	football	strip	football
4542	7410	NP	NN	NN	strip	player	strip	player
4543	7410	NP	NN	NNS	strip	armbands	strip	armband
4544	7410	NP	NN	n	strip	football player	strip	football player
4545	7410	NP	NN	n	strip	black armbands	strip	black armband
4546	7410	NP	n	NN	American footballer	football	american footballer	football
4547	7410	NP	n	NN	American footballer	player	american footballer	player
4548	7410	NP	n	NNS	American footballer	armbands	american footballer	armband
4549	7410	NP	n	n	American footballer	football player	american footballer	football player
4550	7410	NP	n	n	American footballer	black armbands	american footballer	black armband
4551	7410	NP	n	NN	red and white strip	football	red and white strip	football
4552	7410	NP	n	NN	red and white strip	player	red and white strip	player
4553	7410	NP	n	NNS	red and white strip	armbands	red and white strip	armband
4554	7410	NP	n	n	red and white strip	football player	red and white strip	football player
4555	7410	NP	n	n	red and white strip	black armbands	red and white strip	black armband
4556	7445	NP	NN	NN	girl	woman	girl	woman
4557	7445	VP	VBG	VBG	swinging	standing	swing	stand
4558	7445	NP	NN	NN	woman	girl	woman	girl
4559	7445	VP	VBG	VBG	standing	swinging	stand	swing
4560	7445	NP	n	NN	little girl	woman	little girl	woman
4561	7448	NP	NN	NN	child	girl	child	girl
4562	7448	NP	NN	NN	child	woman	child	woman
4563	7448	VP	VBG	VBG	showing	swinging	show	swing
4564	7448	VP	VBG	VBG	showing	standing	show	stand
4565	7448	NP	NN	NN	excitement	girl	excitement	girl
4566	7448	NP	NN	NN	excitement	woman	excitement	woman
4567	7448	NP	NN	NN	swing	woman	swing	woman
4568	7448	VP	VBN	VBG	set	swinging	set	swing
4569	7448	VP	VBN	VBG	set	standing	set	stand
4570	7448	NP	NN	NN	park	girl	park	girl
4571	7448	NP	NN	NN	park	woman	park	woman
4572	7448	NP	n	NN	small child	girl	small child	girl
4573	7448	NP	n	NN	small child	woman	small child	woman
4574	7448	NP	n	NN	swing set at the park	girl	swing set at the park	girl
4575	7448	NP	n	NN	swing set at the park	woman	swing set at the park	woman
4576	7464	NP	NN	NN	surfer	man	surfer	man
4577	7464	NP	NN	NN	surfer	surfboard	surfer	surfboard
4578	7464	NP	NN	NN	surfer	water	surfer	water
4579	7464	VP	VBG	VBG	riding	falling	ride	fall
4580	7464	NP	NN	NN	wave	man	wave	man
4581	7464	NP	NN	NN	wave	surfboard	wave	surfboard
4582	7464	NP	NN	NN	wave	water	wave	water
4583	7466	NP	NN	NN	group	room	group	room
4584	7466	NP	NN	NN	group	dim	group	dim
4585	7466	NP	NN	n	group	room which is dim	group	room which be dim
4586	7466	NP	NNS	NN	people	room	people	room
4587	7466	NP	NNS	NN	people	dim	people	dim
4588	7466	NP	NNS	n	people	room which is dim	people	room which be dim
4589	7466	NP	NN	NN	dim	group	dim	group
4590	7466	NP	NN	NNS	dim	people	dim	people
4591	7466	NP	NN	NN	dim	room	dim	room
4592	7466	NP	NN	n	dim	group of people	dim	group of people
4593	7466	NP	NN	n	dim	room which is dim	dim	room which be dim
4594	7466	NP	NN	NN	room	group	room	group
4595	7466	NP	NN	NNS	room	people	room	people
4596	7466	NP	NN	NN	room	dim	room	dim
4597	7466	NP	NN	n	room	group of people	room	group of people
4598	7466	NP	NN	n	room	room which is dim	room	room which be dim
4599	7466	NP	n	NN	group of people	room	group of people	room
4600	7466	NP	n	NN	group of people	dim	group of people	dim
4601	7466	NP	n	n	group of people	room which is dim	group of people	room which be dim
4602	7466	NP	n	NN	dim room	group	dim room	group
4603	7466	NP	n	NNS	dim room	people	dim room	people
4604	7466	NP	n	NN	dim room	room	dim room	room
4605	7466	NP	n	NN	dim room	dim	dim room	dim
4606	7466	NP	n	n	dim room	group of people	dim room	group of people
4607	7466	NP	n	n	dim room	room which is dim	dim room	room which be dim
4608	7471	NP	NN	NN	man	group	man	group
4609	7471	NP	NN	NNS	man	people	man	people
4610	7471	NP	NN	NN	man	dim	man	dim
4611	7471	NP	NN	n	man	group of people	man	group of people
4612	7471	NP	NN	n	man	dim room	man	dim room
4613	7471	NP	NNS	NN	women	group	woman	group
4614	7471	NP	NNS	NNS	women	people	woman	people
4615	7471	NP	NNS	NN	women	dim	woman	dim
4616	7471	NP	NNS	NN	women	room	woman	room
4617	7471	NP	NNS	n	women	group of people	woman	group of people
4618	7471	NP	NNS	n	women	dim room	woman	dim room
4619	7471	NP	NN	n	room	dim room	room	dim room
4620	7471	NP	NN	NN	table	group	table	group
4621	7471	NP	NN	NNS	table	people	table	people
4622	7471	NP	NN	NN	table	dim	table	dim
4623	7471	NP	NN	NN	table	room	table	room
4624	7471	NP	NN	n	table	group of people	table	group of people
4625	7471	NP	NN	n	table	dim room	table	dim room
4626	7471	NP	NNS	NN	candles	group	candle	group
4627	7471	NP	NNS	NNS	candles	people	candle	people
4628	7471	NP	NNS	NN	candles	dim	candle	dim
4629	7471	NP	NNS	NN	candles	room	candle	room
4630	7471	NP	NNS	n	candles	group of people	candle	group of people
4631	7471	NP	NNS	n	candles	dim room	candle	dim room
4632	7471	NP	n	NN	women in a dark room	group	woman in a dark room	group
4633	7471	NP	n	NNS	women in a dark room	people	woman in a dark room	people
4634	7471	NP	n	NN	women in a dark room	dim	woman in a dark room	dim
4635	7471	NP	n	NN	women in a dark room	room	woman in a dark room	room
4636	7471	NP	n	n	women in a dark room	group of people	woman in a dark room	group of people
4637	7471	NP	n	n	women in a dark room	dim room	woman in a dark room	dim room
4638	7471	NP	n	NN	dark room	group	dark room	group
4639	7471	NP	n	NNS	dark room	people	dark room	people
4640	7471	NP	n	NN	dark room	dim	dark room	dim
4641	7471	NP	n	NN	dark room	room	dark room	room
4642	7471	NP	n	n	dark room	group of people	dark room	group of people
4643	7471	NP	n	n	dark room	dim room	dark room	dim room
4644	7471	phrasal_IN	(s:dcl\np)\(s:dcl\np)	(s:dcl\np)\(s:dcl\np)	at a table	in a dim room	at a table	in a dim room
4645	7471	phrasal_IN	(s:dcl\np)\(s:dcl\np)	(s:dcl\np)\(s:dcl\np)	with candles	in a dim room	with candle	in a dim room
4646	7475	NP	NN	n	man	group of dim people	man	group of dim people
4647	7475	NP	NN	n	man	dim people	man	dim people
4648	7475	NP	NNS	n	women	group of dim people	woman	group of dim people
4649	7475	NP	NNS	n	women	dim people	woman	dim people
4650	7475	NP	NN	n	room	group of dim people	room	group of dim people
4651	7475	NP	NN	n	room	dim people	room	dim people
4652	7475	NP	NN	n	table	group of dim people	table	group of dim people
4653	7475	NP	NN	n	table	dim people	table	dim people
4654	7475	NP	NNS	n	candles	group of dim people	candle	group of dim people
4655	7475	NP	NNS	n	candles	dim people	candle	dim people
4656	7475	NP	n	NN	women in a darkened room	group	woman in a darkened room	group
4657	7475	NP	n	NN	women in a darkened room	dim	woman in a darkened room	dim
4658	7475	NP	n	NNS	women in a darkened room	people	woman in a darkened room	people
4659	7475	NP	n	NN	women in a darkened room	room	woman in a darkened room	room
4660	7475	NP	n	n	women in a darkened room	group of dim people	woman in a darkened room	group of dim people
4661	7475	NP	n	n	women in a darkened room	dim people	woman in a darkened room	dim people
4662	7475	NP	n	NN	darkened room	group	darkened room	group
4663	7475	NP	n	NN	darkened room	dim	darkened room	dim
4664	7475	NP	n	NNS	darkened room	people	darkened room	people
4665	7475	NP	n	NN	darkened room	room	darkened room	room
4666	7475	NP	n	n	darkened room	group of dim people	darkened room	group of dim people
4667	7475	NP	n	n	darkened room	dim people	darkened room	dim people
4668	7475	phrasal_IN	(s:dcl\np)\(s:dcl\np)	(s:dcl\np)\(s:dcl\np)	at a table	in a room	at a table	in a room
4669	7475	phrasal_IN	(s:dcl\np)\(s:dcl\np)	(s:dcl\np)\(s:dcl\np)	with candles	in a room	with candle	in a room
4670	7477	NP	NN	NNS	man	sunglasses	man	sunglass
4671	7477	NP	NN	NN	man	table	man	table
4672	7477	NP	NN	NN	man	beer	man	beer
4673	7477	NP	NN	NNS	man	bottles	man	bottle
4674	7477	NP	NN	n	man	white shirt	man	white shirt
4675	7477	NP	NN	n	man	black shirt	man	black shirt
4676	7477	NP	NN	n	man	four beer bottles	man	four beer bottle
4677	7477	NP	NN	NNS	shirt	sunglasses	shirt	sunglass
4678	7477	NP	NN	NN	shirt	table	shirt	table
4679	7477	NP	NN	NN	shirt	beer	shirt	beer
4680	7477	NP	NN	NNS	shirt	bottles	shirt	bottle
4681	7477	NP	NN	n	shirt	white shirt	shirt	white shirt
4682	7477	NP	NN	n	shirt	black shirt	shirt	black shirt
4683	7477	NP	NN	n	shirt	four beer bottles	shirt	four beer bottle
4684	7477	NP	NNS	NN	sunglasses	man	sunglass	man
4685	7477	NP	NNS	NN	sunglasses	shirt	sunglass	shirt
4686	7477	NP	NNS	NN	sunglasses	table	sunglass	table
4687	7477	NP	NNS	NN	sunglasses	beer	sunglass	beer
4688	7477	NP	NNS	NNS	sunglasses	bottles	sunglass	bottle
4689	7477	NP	NNS	n	sunglasses	white shirt	sunglass	white shirt
4690	7477	NP	NNS	n	sunglasses	black shirt	sunglass	black shirt
4691	7477	NP	NNS	n	sunglasses	four beer bottles	sunglass	four beer bottle
4692	7477	NP	NN	NN	table	man	table	man
4693	7477	NP	NN	NN	table	shirt	table	shirt
4694	7477	NP	NN	NNS	table	sunglasses	table	sunglass
4695	7477	NP	NN	NN	table	beer	table	beer
4696	7477	NP	NN	NNS	table	bottles	table	bottle
4697	7477	NP	NN	n	table	white shirt	table	white shirt
4698	7477	NP	NN	n	table	black shirt	table	black shirt
4699	7477	NP	NN	n	table	four beer bottles	table	four beer bottle
4700	7477	NP	NNS	NN	bottles	man	bottle	man
4701	7477	NP	NNS	NN	bottles	shirt	bottle	shirt
4702	7477	NP	NNS	NNS	bottles	sunglasses	bottle	sunglass
4703	7477	NP	NNS	NN	bottles	table	bottle	table
4704	7477	NP	NNS	NN	bottles	beer	bottle	beer
4705	7477	NP	NNS	n	bottles	white shirt	bottle	white shirt
4706	7477	NP	NNS	n	bottles	black shirt	bottle	black shirt
4707	7477	NP	NNS	n	bottles	four beer bottles	bottle	four beer bottle
4708	7477	NP	NN	NN	beer	man	beer	man
4709	7477	NP	NN	NN	beer	shirt	beer	shirt
4710	7477	NP	NN	NNS	beer	sunglasses	beer	sunglass
4711	7477	NP	NN	NN	beer	table	beer	table
4712	7477	NP	NN	NNS	beer	bottles	beer	bottle
4713	7477	NP	NN	n	beer	white shirt	beer	white shirt
4714	7477	NP	NN	n	beer	black shirt	beer	black shirt
4715	7477	NP	NN	n	beer	four beer bottles	beer	four beer bottle
4716	7477	NP	n	NN	white shirt	man	white shirt	man
4717	7477	NP	n	NN	white shirt	shirt	white shirt	shirt
4718	7477	NP	n	NNS	white shirt	sunglasses	white shirt	sunglass
4719	7477	NP	n	NN	white shirt	table	white shirt	table
4720	7477	NP	n	NN	white shirt	beer	white shirt	beer
4721	7477	NP	n	NNS	white shirt	bottles	white shirt	bottle
4722	7477	NP	n	n	white shirt	black shirt	white shirt	black shirt
4723	7477	NP	n	n	white shirt	four beer bottles	white shirt	four beer bottle
4724	7477	NP	n	NN	black shirt	man	black shirt	man
4725	7477	NP	n	NN	black shirt	shirt	black shirt	shirt
4726	7477	NP	n	NNS	black shirt	sunglasses	black shirt	sunglass
4727	7477	NP	n	NN	black shirt	table	black shirt	table
4728	7477	NP	n	NN	black shirt	beer	black shirt	beer
4729	7477	NP	n	NNS	black shirt	bottles	black shirt	bottle
4730	7477	NP	n	n	black shirt	white shirt	black shirt	white shirt
4731	7477	NP	n	n	black shirt	four beer bottles	black shirt	four beer bottle
4732	7477	phrasal_IN	(s:dcl\np)\(s:dcl\np)	(s:dcl\np)\(s:dcl\np)	at a table	with four beer bottles	at a table	with four beer bottle
4733	7477	phrasal_IN	(s:dcl\np)\(s:dcl\np)	(s:dcl\np)\(s:dcl\np)	with four bottles of beer	at a table	with four bottle of beer	at a table
4734	7477	phrasal_IN	(s:dcl\np)\(s:dcl\np)	(s:dcl\np)\(s:dcl\np)	with four bottles of beer	with four beer bottles	with four bottle of beer	with four beer bottle
4735	7477	NP	n	NN	four bottles of beer	man	four bottle of beer	man
4736	7477	NP	n	NN	four bottles of beer	shirt	four bottle of beer	shirt
4737	7477	NP	n	NNS	four bottles of beer	sunglasses	four bottle of beer	sunglass
4738	7477	NP	n	NN	four bottles of beer	table	four bottle of beer	table
4739	7477	NP	n	NN	four bottles of beer	beer	four bottle of beer	beer
4740	7477	NP	n	NNS	four bottles of beer	bottles	four bottle of beer	bottle
4741	7477	NP	n	n	four bottles of beer	white shirt	four bottle of beer	white shirt
4742	7477	NP	n	n	four bottles of beer	black shirt	four bottle of beer	black shirt
4743	7477	NP	n	n	four bottles of beer	four beer bottles	four bottle of beer	four beer bottle
4744	7477	NP	n	NN	bottles of beer	man	bottle of beer	man
4745	7477	NP	n	NN	bottles of beer	shirt	bottle of beer	shirt
4746	7477	NP	n	NNS	bottles of beer	sunglasses	bottle of beer	sunglass
4747	7477	NP	n	NN	bottles of beer	table	bottle of beer	table
4748	7477	NP	n	NN	bottles of beer	beer	bottle of beer	beer
4749	7477	NP	n	NNS	bottles of beer	bottles	bottle of beer	bottle
4750	7477	NP	n	n	bottles of beer	white shirt	bottle of beer	white shirt
4751	7477	NP	n	n	bottles of beer	black shirt	bottle of beer	black shirt
4752	7477	NP	n	n	bottles of beer	four beer bottles	bottle of beer	four beer bottle
4753	7501	NP	NN	NN	woman	person	woman	person
4754	7501	NP	NN	NN	woman	jacket	woman	jacket
4755	7501	NP	NN	NN	woman	beer	woman	beer
4756	7501	NP	NN	n	woman	red jacket	woman	red jacket
4757	7501	VP	VBG	VBG	wearing	holding	wear	hold
4758	7501	NP	NN	NN	jacket	beer	jacket	beer
4759	7501	NP	NN	n	jacket	red jacket	jacket	red jacket
4760	7501	VP	VBG	VBG	holding	wearing	hold	wear
4761	7501	NP	NN	NN	glass	person	glass	person
4762	7501	NP	NN	NN	glass	jacket	glass	jacket
4763	7501	NP	NN	NN	glass	beer	glass	beer
4764	7501	NP	NN	n	glass	red jacket	glass	red jacket
4765	7501	NP	NN	NN	front	person	front	person
4766	7501	NP	NN	NN	front	jacket	front	jacket
4767	7501	NP	NN	NN	front	beer	front	beer
4768	7501	NP	NN	n	front	red jacket	front	red jacket
4769	7501	NP	NN	NN	man	jacket	man	jacket
4770	7501	NP	NN	n	man	red jacket	man	red jacket
4771	7501	phrasal_JJ	JJ	JJ	white	red	white	red
4772	7501	NP	NN	NN	t-shirt	person	t-shirt	person
4773	7501	NP	NN	NN	t-shirt	jacket	t-shirt	jacket
4774	7501	NP	NN	NN	t-shirt	beer	t-shirt	beer
4775	7501	NP	NN	n	t-shirt	red jacket	t-shirt	red jacket
4776	7501	NP	n	NN	red jacket	person	red jacket	person
4777	7501	NP	n	NN	red jacket	jacket	red jacket	jacket
4778	7501	NP	n	NN	red jacket	beer	red jacket	beer
4779	7501	NP	n	NN	front of the man	person	front of the man	person
4780	7501	NP	n	NN	front of the man	jacket	front of the man	jacket
4781	7501	NP	n	NN	front of the man	beer	front of the man	beer
4782	7501	NP	n	n	front of the man	red jacket	front of the man	red jacket
4783	7501	NP	n	NN	white t-shirt	person	white t-shirt	person
4784	7501	NP	n	NN	white t-shirt	jacket	white t-shirt	jacket
4785	7501	NP	n	NN	white t-shirt	beer	white t-shirt	beer
4786	7501	NP	n	n	white t-shirt	red jacket	white t-shirt	red jacket
4787	7533	NP	NN	NN	child	boy	child	boy
4788	7533	NP	NN	NN	child	hose	child	hose
4789	7533	NP	NN	NN	child	man	child	man
4790	7533	NP	NN	n	child	hose next to a man	child	hose next to a man
4791	7533	VP	VBG	VBG	watching	holding	watch	hold
4792	7533	VP	VBG	VBG	playing	holding	play	hold
4793	7533	NP	NNS	NN	outdoors	hose	outdoors	hose
4794	7533	NP	NNS	n	outdoors	hose next to a man	outdoors	hose next to a man
4795	7533	VP	VBG	VBG	spouting	holding	spout	hold
4796	7533	VP	VBG	VBG	spouting	watching	spout	watch
4797	7533	NP	NN	NN	water	hose	water	hose
4798	7533	NP	NN	n	water	hose next to a man	water	hose next to a man
4799	7533	NP	NN	NN	rest	boy	rest	boy
4800	7533	NP	NN	NN	rest	hose	rest	hose
4801	7533	NP	NN	NN	rest	man	rest	man
4802	7533	NP	NN	n	rest	hose next to a man	rest	hose next to a man
4803	7533	NP	NN	NN	family	boy	family	boy
4804	7533	NP	NN	NN	family	hose	family	hose
4805	7533	NP	NN	n	family	hose next to a man	family	hose next to a man
4806	7533	NP	n	NN	rest of his family	boy	rest of his family	boy
4807	7533	NP	n	NN	rest of his family	hose	rest of his family	hose
4808	7533	NP	n	NN	rest of his family	man	rest of his family	man
4809	7533	NP	n	n	rest of his family	hose next to a man	rest of his family	hose next to a man
4810	7541	NP	NN	NN	football	player	football	player
4811	7541	NP	NN	NN	football	official	football	official
4812	7541	NP	NN	n	football	football player	football	football player
4813	7541	NP	NN	n	football	official carrying a football	football	official carry a football
4814	7541	NP	NN	NN	player	official	player	official
4815	7541	NP	NN	n	player	football player	player	football player
4816	7541	NP	NN	n	player	official carrying a football	player	official carry a football
4817	7541	NP	NN	NN	jersey	football	jersey	football
4818	7541	NP	NN	NN	jersey	official	jersey	official
4819	7541	NP	NN	n	jersey	football player	jersey	football player
4820	7541	NP	NN	n	jersey	official carrying a football	jersey	official carry a football
4821	7541	VP	VBG	VBG	running	carrying	run	carry
4822	7541	NP	NN	NN	ball	player	ball	player
4823	7541	NP	NN	NN	ball	official	ball	official
4824	7541	NP	NN	n	ball	football player	ball	football player
4825	7541	NP	NN	n	ball	official carrying a football	ball	official carry a football
4826	7541	NP	NN	NN	touchdown	football	touchdown	football
4827	7541	NP	NN	NN	touchdown	player	touchdown	player
4828	7541	NP	NN	NN	touchdown	official	touchdown	official
4829	7541	NP	NN	n	touchdown	football player	touchdown	football player
4830	7541	NP	NN	n	touchdown	official carrying a football	touchdown	official carry a football
4831	7541	NP	n	NN	ball for a touchdown	football	ball for a touchdown	football
4832	7541	NP	n	NN	ball for a touchdown	player	ball for a touchdown	player
4833	7541	NP	n	NN	ball for a touchdown	official	ball for a touchdown	official
4834	7541	NP	n	n	ball for a touchdown	football player	ball for a touchdown	football player
4835	7541	NP	n	n	ball for a touchdown	official carrying a football	ball for a touchdown	official carry a football
4836	7544	NP	NN	NN	football	jersey	football	jersey
4837	7544	NP	NN	NN	football	ball	football	ball
4838	7544	NP	NN	NN	football	touchdown	football	touchdown
4839	7544	NP	NN	n	football	player in a purple jersey	football	player in a purple jersey
4840	7544	NP	NN	n	football	purple jersey	football	purple jersey
4841	7544	NP	NN	n	football	ball for a touchdown	football	ball for a touchdown
4842	7544	NP	NN	NN	player	jersey	player	jersey
4843	7544	NP	NN	NN	player	ball	player	ball
4844	7544	NP	NN	NN	player	touchdown	player	touchdown
4845	7544	NP	NN	n	player	player in a purple jersey	player	player in a purple jersey
4846	7544	NP	NN	n	player	purple jersey	player	purple jersey
4847	7544	NP	NN	n	player	ball for a touchdown	player	ball for a touchdown
4848	7544	VP	VBG	VBG	carrying	running	carry	run
4849	7544	phrasal_JJ	JJ	JJ	official	purple	official	purple
4850	7544	NP	NN	NN	past	football	past	football
4851	7544	NP	NN	NN	past	player	past	player
4852	7544	NP	NN	NN	past	jersey	past	jersey
4853	7544	NP	NN	NN	past	ball	past	ball
4854	7544	NP	NN	NN	past	touchdown	past	touchdown
4855	7544	NP	NN	n	past	player in a purple jersey	past	player in a purple jersey
4856	7544	NP	NN	n	past	purple jersey	past	purple jersey
4857	7544	NP	NN	n	past	ball for a touchdown	past	ball for a touchdown
4858	7544	NP	NN	NN	rolling	football	rolling	football
4859	7544	NP	NN	NN	rolling	player	rolling	player
4860	7544	NP	NN	NN	rolling	jersey	rolling	jersey
4861	7544	NP	NN	NN	rolling	ball	rolling	ball
4862	7544	NP	NN	NN	rolling	touchdown	rolling	touchdown
4863	7544	NP	NN	n	rolling	player in a purple jersey	rolling	player in a purple jersey
4864	7544	NP	NN	n	rolling	purple jersey	rolling	purple jersey
4865	7544	NP	NN	n	rolling	ball for a touchdown	rolling	ball for a touchdown
4866	7544	NP	n	NN	football player	football	football player	football
4867	7544	NP	n	NN	football player	player	football player	player
4868	7544	NP	n	NN	football player	jersey	football player	jersey
4869	7544	NP	n	NN	football player	ball	football player	ball
4870	7544	NP	n	NN	football player	touchdown	football player	touchdown
4871	7544	NP	n	n	football player	player in a purple jersey	football player	player in a purple jersey
4872	7544	NP	n	n	football player	purple jersey	football player	purple jersey
4873	7544	NP	n	n	football player	ball for a touchdown	football player	ball for a touchdown
4874	7544	NP	n	NN	official past a rolling football	football	official past a rolling football	football
4875	7544	NP	n	NN	official past a rolling football	player	official past a rolling football	player
4876	7544	NP	n	NN	official past a rolling football	jersey	official past a rolling football	jersey
4877	7544	NP	n	NN	official past a rolling football	ball	official past a rolling football	ball
4878	7544	NP	n	NN	official past a rolling football	touchdown	official past a rolling football	touchdown
4879	7544	NP	n	n	official past a rolling football	player in a purple jersey	official past a rolling football	player in a purple jersey
4880	7544	NP	n	n	official past a rolling football	purple jersey	official past a rolling football	purple jersey
4881	7544	NP	n	n	official past a rolling football	ball for a touchdown	official past a rolling football	ball for a touchdown
4882	7544	NP	n	NN	rolling football	football	rolling football	football
4883	7544	NP	n	NN	rolling football	player	rolling football	player
4884	7544	NP	n	NN	rolling football	jersey	rolling football	jersey
4885	7544	NP	n	NN	rolling football	ball	rolling football	ball
4886	7544	NP	n	NN	rolling football	touchdown	rolling football	touchdown
4887	7544	NP	n	n	rolling football	player in a purple jersey	rolling football	player in a purple jersey
4888	7544	NP	n	n	rolling football	purple jersey	rolling football	purple jersey
4889	7544	NP	n	n	rolling football	ball for a touchdown	rolling football	ball for a touchdown
4890	7546	NP	NN	NN	girl	leotard	girl	leotard
4891	7546	NP	NN	NN	girl	blue	girl	blue
4892	7546	NP	NN	NN	girl	air	girl	air
4893	7546	NP	NN	n	girl	leotard colored in blue	girl	leotard color in blue
4894	7546	NP	NN	NN	leotard	girl	leotard	girl
4895	7546	NP	NN	NN	leotard	blue	leotard	blue
4896	7546	NP	NN	NN	leotard	air	leotard	air
4897	7546	NP	NN	n	leotard	leotard colored in blue	leotard	leotard color in blue
4898	7546	VP	VBG	VBN	jumping	colored	jump	color
4899	7546	NP	NN	NN	air	girl	air	girl
4900	7546	NP	NN	NN	air	leotard	air	leotard
4901	7546	NP	NN	NN	air	blue	air	blue
4902	7546	NP	NN	n	air	leotard colored in blue	air	leotard color in blue
4903	7546	NP	n	NN	girl in a blue leotard	girl	girl in a blue leotard	girl
4904	7546	NP	n	NN	girl in a blue leotard	leotard	girl in a blue leotard	leotard
4905	7546	NP	n	NN	girl in a blue leotard	blue	girl in a blue leotard	blue
4906	7546	NP	n	NN	girl in a blue leotard	air	girl in a blue leotard	air
4907	7546	NP	n	n	girl in a blue leotard	leotard colored in blue	girl in a blue leotard	leotard color in blue
4908	7546	NP	n	NN	blue leotard	girl	blue leotard	girl
4909	7546	NP	n	NN	blue leotard	leotard	blue leotard	leotard
4910	7546	NP	n	NN	blue leotard	blue	blue leotard	blue
4911	7546	NP	n	NN	blue leotard	air	blue leotard	air
4912	7546	NP	n	n	blue leotard	leotard colored in blue	blue leotard	leotard color in blue
4913	7546	phrasal_IN	pp	(s:pss\np)\(s:pss\np)	in the air	in blue	in the air	in blue
4914	7548	NP	NN	n	girl	young girl in blue	girl	young girl in blue
4915	7548	NP	NN	n	girl	girl in blue	girl	girl in blue
4916	7548	NP	NN	NN	blue	girl	blue	girl
4917	7548	NP	NN	NN	blue	air	blue	air
4918	7548	NP	NN	n	blue	young girl in blue	blue	young girl in blue
4919	7548	NP	NN	n	blue	girl in blue	blue	girl in blue
4920	7548	NP	NN	n	air	young girl in blue	air	young girl in blue
4921	7548	NP	NN	n	air	girl in blue	air	girl in blue
4922	7548	NP	n	NN	young girl in blue	girl	young girl in blue	girl
4923	7548	NP	n	NN	young girl in blue	blue	young girl in blue	blue
4924	7548	NP	n	NN	young girl in blue	air	young girl in blue	air
4925	7548	NP	n	n	young girl in blue	girl in blue	young girl in blue	girl in blue
4926	7548	NP	n	NN	girl in blue	girl	girl in blue	girl
4927	7548	NP	n	NN	girl in blue	blue	girl in blue	blue
4928	7548	NP	n	NN	girl in blue	air	girl in blue	air
4929	7548	NP	n	n	girl in blue	young girl in blue	girl in blue	young girl in blue
4930	7582	NP	NN	NNS	bunch	men	bunch	man
4931	7582	NP	NN	NN	bunch	rugby	bunch	rugby
4932	7582	NP	NNS	NN	men	rugby	man	rugby
4933	7582	NP	NN	NNS	rugby	men	rugby	man
4934	7582	NP	NN	NNS	field	men	field	man
4935	7582	NP	NN	NN	field	rugby	field	rugby
4936	7582	NP	NN	NNS	mud	men	mud	man
4937	7582	NP	NN	NN	mud	rugby	mud	rugby
4938	7582	NP	n	NNS	bunch of men	men	bunch of man	man
4939	7582	NP	n	NN	bunch of men	rugby	bunch of man	rugby
4940	7582	NP	n	NNS	rugby on a field	men	rugby on a field	man
4941	7582	NP	n	NN	rugby on a field	rugby	rugby on a field	rugby
4942	7590	NP	NN	NN	person	bike	person	bike
4943	7590	NP	NN	NN	person	rider	person	rider
4944	7590	NP	NN	NN	person	accident	person	accident
4945	7590	NP	NN	n	person	bike rider	person	bike rider
4946	7590	NP	NN	n	person	accident of another bike rider	person	accident of another bike rider
4947	7590	NP	NN	NN	bike	rider	bike	rider
4948	7590	NP	NN	NN	bike	accident	bike	accident
4949	7590	NP	NN	n	bike	bike rider	bike	bike rider
4950	7590	NP	NN	n	bike	accident of another bike rider	bike	accident of another bike rider
4951	7590	VP	VBN	VBG	designed	looking	design	look
4952	7590	NP	NN	NN	motocross	bike	motocross	bike
4953	7590	NP	NN	NN	motocross	rider	motocross	rider
4954	7590	NP	NN	NN	motocross	accident	motocross	accident
4955	7590	NP	NN	n	motocross	bike rider	motocross	bike rider
4956	7590	NP	NN	n	motocross	accident of another bike rider	motocross	accident of another bike rider
4957	7590	VP	VBG	VBG	lying	looking	lie	look
4958	7590	NP	NN	NN	side	bike	side	bike
4959	7590	NP	NN	NN	side	rider	side	rider
4960	7590	NP	NN	NN	side	accident	side	accident
4961	7590	NP	NN	n	side	bike rider	side	bike rider
4962	7590	NP	NN	n	side	accident of another bike rider	side	accident of another bike rider
4963	7590	NP	NN	NN	racing	bike	racing	bike
4964	7590	NP	NN	NN	racing	rider	racing	rider
4965	7590	NP	NN	NN	racing	accident	racing	accident
4966	7590	NP	NN	n	racing	bike rider	racing	bike rider
4967	7590	NP	NN	n	racing	accident of another bike rider	racing	accident of another bike rider
4968	7649	phrasal_JJ	JJ	JJ	little	green	little	green
4969	7649	NP	NN	NN	boy	soccer	boy	soccer
4970	7649	NP	NN	NN	boy	strip	boy	strip
4971	7649	NP	NN	n	boy	green soccer strip	boy	green soccer strip
4972	7649	phrasal_JJ	JJ	JJ	green	little	green	little
4973	7649	NP	NN	NN	soccer	boy	soccer	boy
4974	7649	NP	NN	NN	soccer	strip	soccer	strip
4975	7649	NP	NN	NN	soccer	grass	soccer	grass
4976	7649	NP	NN	n	soccer	little boy	soccer	little boy
4977	7649	NP	NN	n	soccer	green soccer strip	soccer	green soccer strip
4978	7649	NP	NN	NN	strip	boy	strip	boy
4979	7649	NP	NN	NN	strip	soccer	strip	soccer
4980	7649	NP	NN	NN	strip	grass	strip	grass
4981	7649	NP	NN	n	strip	little boy	strip	little boy
4982	7649	NP	NN	n	strip	green soccer strip	strip	green soccer strip
4983	7649	VP	VBG	VBG	running	wearing	run	wear
4984	7649	NP	NN	NN	grass	boy	grass	boy
4985	7649	NP	NN	NN	grass	soccer	grass	soccer
4986	7649	NP	NN	NN	grass	strip	grass	strip
4987	7649	NP	NN	n	grass	little boy	grass	little boy
4988	7649	NP	NN	n	grass	green soccer strip	grass	green soccer strip
4989	7649	NP	n	NN	green soccer strip	boy	green soccer strip	boy
4990	7649	NP	n	NN	green soccer strip	soccer	green soccer strip	soccer
4991	7649	NP	n	NN	green soccer strip	strip	green soccer strip	strip
4992	7649	NP	n	NN	green soccer strip	grass	green soccer strip	grass
4993	7649	NP	n	n	green soccer strip	little boy	green soccer strip	little boy
4994	7667	NP	NN	NN	man	handstand	man	handstand
4995	7667	NP	NN	NN	man	sand	man	sand
4996	7667	NP	NN	NN	man	edge	man	edge
4997	7667	NP	NN	NN	man	water	man	water
4998	7667	NP	NN	NN	man	beach	man	beach
4999	7667	NP	NN	n	man	handstand on the wet sand	man	handstand on the wet sand
5000	7667	NP	NN	n	man	wet sand	man	wet sand
5001	7667	NP	NN	n	man	edge of the water	man	edge of the water
5002	7667	NP	NN	NN	beach	handstand	beach	handstand
5003	7667	NP	NN	NN	beach	sand	beach	sand
5004	7667	NP	NN	NN	beach	edge	beach	edge
5005	7667	NP	NN	NN	beach	water	beach	water
5006	7667	NP	NN	n	beach	handstand on the wet sand	beach	handstand on the wet sand
5007	7667	NP	NN	n	beach	wet sand	beach	wet sand
5008	7667	NP	NN	n	beach	edge of the water	beach	edge of the water
5009	7667	NP	NN	NN	handstand	man	handstand	man
5010	7667	NP	NN	NN	handstand	sand	handstand	sand
5011	7667	NP	NN	NN	handstand	edge	handstand	edge
5012	7667	NP	NN	NN	handstand	water	handstand	water
5013	7667	NP	NN	NN	handstand	beach	handstand	beach
5014	7667	NP	NN	n	handstand	handstand on the wet sand	handstand	handstand on the wet sand
5015	7667	NP	NN	n	handstand	wet sand	handstand	wet sand
5016	7667	NP	NN	n	handstand	edge of the water	handstand	edge of the water
5017	7667	NP	NN	NN	sand	man	sand	man
5018	7667	NP	NN	NN	sand	handstand	sand	handstand
5019	7667	NP	NN	NN	sand	edge	sand	edge
5020	7667	NP	NN	NN	sand	water	sand	water
5021	7667	NP	NN	NN	sand	beach	sand	beach
5022	7667	NP	NN	n	sand	handstand on the wet sand	sand	handstand on the wet sand
5023	7667	NP	NN	n	sand	wet sand	sand	wet sand
5024	7667	NP	NN	n	sand	edge of the water	sand	edge of the water
5025	7667	NP	NN	NN	edge	man	edge	man
5026	7667	NP	NN	NN	edge	handstand	edge	handstand
5027	7667	NP	NN	NN	edge	sand	edge	sand
5028	7667	NP	NN	NN	edge	water	edge	water
5029	7667	NP	NN	NN	edge	beach	edge	beach
5030	7667	NP	NN	n	edge	handstand on the wet sand	edge	handstand on the wet sand
5031	7667	NP	NN	n	edge	wet sand	edge	wet sand
5032	7667	NP	NN	n	edge	edge of the water	edge	edge of the water
5033	7667	NP	NN	NN	water	handstand	water	handstand
5034	7667	NP	NN	NN	water	sand	water	sand
5035	7667	NP	NN	NN	water	edge	water	edge
5036	7667	NP	NN	NN	water	beach	water	beach
5037	7667	NP	NN	n	water	handstand on the wet sand	water	handstand on the wet sand
5038	7667	NP	NN	n	water	wet sand	water	wet sand
5039	7667	NP	NN	n	water	edge of the water	water	edge of the water
5040	7667	NP	n	NN	man at the beach	man	man at the beach	man
5041	7667	NP	n	NN	man at the beach	handstand	man at the beach	handstand
5042	7667	NP	n	NN	man at the beach	sand	man at the beach	sand
5043	7667	NP	n	NN	man at the beach	edge	man at the beach	edge
5044	7667	NP	n	NN	man at the beach	water	man at the beach	water
5045	7667	NP	n	NN	man at the beach	beach	man at the beach	beach
5046	7667	NP	n	n	man at the beach	handstand on the wet sand	man at the beach	handstand on the wet sand
5047	7667	NP	n	n	man at the beach	wet sand	man at the beach	wet sand
5048	7667	NP	n	n	man at the beach	edge of the water	man at the beach	edge of the water
5049	7667	NP	n	NN	handstand on the wet sand	man	handstand on the wet sand	man
5050	7667	NP	n	NN	handstand on the wet sand	handstand	handstand on the wet sand	handstand
5051	7667	NP	n	NN	handstand on the wet sand	sand	handstand on the wet sand	sand
5052	7667	NP	n	NN	handstand on the wet sand	edge	handstand on the wet sand	edge
5053	7667	NP	n	NN	handstand on the wet sand	water	handstand on the wet sand	water
5054	7667	NP	n	NN	handstand on the wet sand	beach	handstand on the wet sand	beach
5055	7667	NP	n	n	handstand on the wet sand	wet sand	handstand on the wet sand	wet sand
5056	7667	NP	n	n	handstand on the wet sand	edge of the water	handstand on the wet sand	edge of the water
5057	7667	NP	n	NN	wet sand	man	wet sand	man
5058	7667	NP	n	NN	wet sand	handstand	wet sand	handstand
5059	7667	NP	n	NN	wet sand	sand	wet sand	sand
5060	7667	NP	n	NN	wet sand	edge	wet sand	edge
5061	7667	NP	n	NN	wet sand	water	wet sand	water
5062	7667	NP	n	NN	wet sand	beach	wet sand	beach
5063	7667	NP	n	n	wet sand	handstand on the wet sand	wet sand	handstand on the wet sand
5064	7667	NP	n	n	wet sand	edge of the water	wet sand	edge of the water
5065	7667	NP	n	NN	edge of the water	man	edge of the water	man
5066	7667	NP	n	NN	edge of the water	handstand	edge of the water	handstand
5067	7667	NP	n	NN	edge of the water	sand	edge of the water	sand
5068	7667	NP	n	NN	edge of the water	edge	edge of the water	edge
5069	7667	NP	n	NN	edge of the water	water	edge of the water	water
5070	7667	NP	n	NN	edge of the water	beach	edge of the water	beach
5071	7667	NP	n	n	edge of the water	handstand on the wet sand	edge of the water	handstand on the wet sand
5072	7667	NP	n	n	edge of the water	wet sand	edge of the water	wet sand
5073	7677	NP	NN	NN	mother	boy	mother	boy
5074	7677	NP	NN	NN	mother	park	mother	park
5075	7677	NP	NN	n	mother	young boy	mother	young boy
5076	7677	NP	NN	NN	boy	park	boy	park
5077	7677	NP	NN	NN	boy	mother	boy	mother
5078	7677	NP	NN	n	boy	young boy	boy	young boy
5079	7677	NP	NN	NN	park	boy	park	boy
5080	7677	NP	NN	NN	park	mother	park	mother
5081	7677	NP	NN	n	park	young boy	park	young boy
5082	7677	NP	n	NN	young mother	boy	young mother	boy
5083	7677	NP	n	NN	young mother	park	young mother	park
5084	7677	NP	n	NN	young mother	mother	young mother	mother
5085	7677	NP	n	n	young mother	young boy	young mother	young boy
5086	7677	phrasal_IN	(s:ng\np)\(s:ng\np)	(s:ng\np)\(s:ng\np)	with her boy	in the park	with her boy	in the park
5087	7677	phrasal_IN	(s:ng\np)\(s:ng\np)	(s:ng\np)\(s:ng\np)	with her boy	with his mother	with her boy	with his mother
5088	7677	phrasal_IN	(s:ng\np)\(s:ng\np)	(s:ng\np)\(s:ng\np)	in the park	with his mother	in the park	with his mother
5089	7718	NP	NN	NN	man	super	man	super
5090	7718	NP	NN	NN	man	soaker	man	soaker
5091	7718	NP	NN	NN	man	mouth	man	mouth
5092	7718	NP	NN	n	man	super soaker	man	super soaker
5093	7718	NP	NN	n	man	mouth of a dog	man	mouth of a dog
5094	7718	NP	NN	NN	super	man	super	man
5095	7718	NP	NN	NN	super	soaker	super	soaker
5096	7718	NP	NN	NN	super	mouth	super	mouth
5097	7718	NP	NN	NN	super	dog	super	dog
5098	7718	NP	NN	n	super	super soaker	super	super soaker
5099	7718	NP	NN	n	super	mouth of a dog	super	mouth of a dog
5100	7718	NP	NN	NN	soaker	man	soaker	man
5101	7718	NP	NN	NN	soaker	super	soaker	super
5102	7718	NP	NN	NN	soaker	mouth	soaker	mouth
5103	7718	NP	NN	NN	soaker	dog	soaker	dog
5104	7718	NP	NN	n	soaker	super soaker	soaker	super soaker
5105	7718	NP	NN	n	soaker	mouth of a dog	soaker	mouth of a dog
5106	7718	NP	NN	NN	mouth	man	mouth	man
5107	7718	NP	NN	NN	mouth	super	mouth	super
5108	7718	NP	NN	NN	mouth	soaker	mouth	soaker
5109	7718	NP	NN	n	mouth	super soaker	mouth	super soaker
5110	7718	NP	NN	n	mouth	mouth of a dog	mouth	mouth of a dog
5111	7718	NP	NN	NN	dog	man	dog	man
5112	7718	NP	NN	NN	dog	super	dog	super
5113	7718	NP	NN	NN	dog	soaker	dog	soaker
5114	7718	NP	NN	n	dog	super soaker	dog	super soaker
5115	7718	NP	NN	n	dog	mouth of a dog	dog	mouth of a dog
5116	7718	NP	n	NN	super soaker	man	super soaker	man
5117	7718	NP	n	NN	super soaker	super	super soaker	super
5118	7718	NP	n	NN	super soaker	soaker	super soaker	soaker
5119	7718	NP	n	NN	super soaker	mouth	super soaker	mouth
5120	7718	NP	n	NN	super soaker	dog	super soaker	dog
5121	7718	NP	n	n	super soaker	mouth of a dog	super soaker	mouth of a dog
5122	7718	NP	n	NN	mouth of a dog	man	mouth of a dog	man
5123	7718	NP	n	NN	mouth of a dog	super	mouth of a dog	super
5124	7718	NP	n	NN	mouth of a dog	soaker	mouth of a dog	soaker
5125	7718	NP	n	NN	mouth of a dog	mouth	mouth of a dog	mouth
5126	7718	NP	n	NN	mouth of a dog	dog	mouth of a dog	dog
5127	7718	NP	n	n	mouth of a dog	super soaker	mouth of a dog	super soaker
5128	7720	NP	NN	NN	man	squirt	man	squirt
5129	7720	NP	NN	n	man	dog with a squirt gun	man	dog with a squirt gun
5130	7720	NP	NN	n	man	squirt gun	man	squirt gun
5131	7720	VP	VBG	VBG	spraying	squirting	spray	squirt
5132	7720	NP	NN	NN	super	water	super	water
5133	7720	NP	NN	NN	super	squirt	super	squirt
5134	7720	NP	NN	NN	super	gun	super	gun
5135	7720	NP	NN	n	super	dog with a squirt gun	super	dog with a squirt gun
5136	7720	NP	NN	n	super	squirt gun	super	squirt gun
5137	7720	NP	NN	NN	soaker	water	soaker	water
5138	7720	NP	NN	NN	soaker	squirt	soaker	squirt
5139	7720	NP	NN	NN	soaker	gun	soaker	gun
5140	7720	NP	NN	n	soaker	dog with a squirt gun	soaker	dog with a squirt gun
5141	7720	NP	NN	n	soaker	squirt gun	soaker	squirt gun
5142	7720	NP	NN	NN	mouth	water	mouth	water
5143	7720	NP	NN	NN	mouth	squirt	mouth	squirt
5144	7720	NP	NN	NN	mouth	gun	mouth	gun
5145	7720	NP	NN	n	mouth	dog with a squirt gun	mouth	dog with a squirt gun
5146	7720	NP	NN	n	mouth	squirt gun	mouth	squirt gun
5147	7720	NP	NN	NN	dog	squirt	dog	squirt
5148	7720	NP	NN	NN	dog	gun	dog	gun
5149	7720	NP	NN	n	dog	dog with a squirt gun	dog	dog with a squirt gun
5150	7720	NP	NN	n	dog	squirt gun	dog	squirt gun
5151	7720	NP	n	NN	super soaker	water	super soaker	water
5152	7720	NP	n	NN	super soaker	squirt	super soaker	squirt
5153	7720	NP	n	NN	super soaker	gun	super soaker	gun
5154	7720	NP	n	n	super soaker	dog with a squirt gun	super soaker	dog with a squirt gun
5155	7720	NP	n	n	super soaker	squirt gun	super soaker	squirt gun
5156	7720	NP	n	NN	mouth of a dog	water	mouth of a dog	water
5157	7720	NP	n	NN	mouth of a dog	squirt	mouth of a dog	squirt
5158	7720	NP	n	NN	mouth of a dog	gun	mouth of a dog	gun
5159	7720	NP	n	n	mouth of a dog	dog with a squirt gun	mouth of a dog	dog with a squirt gun
5160	7720	NP	n	n	mouth of a dog	squirt gun	mouth of a dog	squirt gun
5161	7726	NP	NN	NN	boy	coat	boy	coat
5162	7726	NP	NN	NN	boy	father	boy	father
5163	7726	NP	NN	NN	boy	umbrella	boy	umbrella
5164	7726	NP	NN	n	boy	blue coat	boy	blue coat
5165	7726	NP	NN	NN	umbrella	boy	umbrella	boy
5166	7726	NP	NN	NN	umbrella	coat	umbrella	coat
5167	7726	NP	NN	NN	umbrella	father	umbrella	father
5168	7726	NP	NN	n	umbrella	blue coat	umbrella	blue coat
5169	7726	VP	VBN	VBG	held	wearing	hold	wear
5170	7726	NP	NN	NN	father	boy	father	boy
5171	7726	NP	NN	NN	father	coat	father	coat
5172	7726	NP	NN	NN	father	umbrella	father	umbrella
5173	7726	NP	NN	n	father	blue coat	father	blue coat
5174	7726	VP	VBG	VBN	wearing	held	wear	hold
5175	7726	NP	NN	NN	coat	boy	coat	boy
5176	7726	NP	NN	NN	coat	father	coat	father
5177	7726	NP	NN	NN	coat	umbrella	coat	umbrella
5178	7726	NP	NN	n	coat	blue coat	coat	blue coat
5179	7726	NP	n	NN	boy under an umbrella	boy	boy under an umbrella	boy
5180	7726	NP	n	NN	boy under an umbrella	coat	boy under an umbrella	coat
5181	7726	NP	n	NN	boy under an umbrella	father	boy under an umbrella	father
5182	7726	NP	n	NN	boy under an umbrella	umbrella	boy under an umbrella	umbrella
5183	7726	NP	n	n	boy under an umbrella	blue coat	boy under an umbrella	blue coat
5184	7726	NP	n	NN	blue coat	boy	blue coat	boy
5185	7726	NP	n	NN	blue coat	coat	blue coat	coat
5186	7726	NP	n	NN	blue coat	father	blue coat	father
5187	7726	NP	n	NN	blue coat	umbrella	blue coat	umbrella
5188	7734	NP	NN	NN	boy	child	boy	child
5189	7734	NP	NN	NN	boy	world	boy	world
5190	7734	NP	NN	n	boy	new world	boy	new world
5191	7734	NP	NN	NN	umbrella	child	umbrella	child
5192	7734	NP	NN	NN	umbrella	world	umbrella	world
5193	7734	NP	NN	n	umbrella	new world	umbrella	new world
5194	7734	VP	VBN	VBG	held	experiencing	hold	experience
5195	7734	NP	NN	NN	father	child	father	child
5196	7734	NP	NN	NN	father	world	father	world
5197	7734	NP	NN	n	father	new world	father	new world
5198	7734	VP	VBG	VBG	wearing	experiencing	wear	experience
5199	7734	phrasal_JJ	JJ	JJ	blue	new	blue	new
5200	7734	NP	NN	NN	coat	child	coat	child
5201	7734	NP	NN	NN	coat	world	coat	world
5202	7734	NP	NN	n	coat	new world	coat	new world
5203	7734	NP	n	NN	boy under an umbrella	child	boy under an umbrella	child
5204	7734	NP	n	NN	boy under an umbrella	world	boy under an umbrella	world
5205	7734	NP	n	n	boy under an umbrella	new world	boy under an umbrella	new world
5206	7734	NP	n	NN	blue coat	child	blue coat	child
5207	7734	NP	n	NN	blue coat	world	blue coat	world
5208	7734	NP	n	n	blue coat	new world	blue coat	new world
5209	7743	NP	NN	NN	dog	snowdrift	dog	snowdrift
5210	7743	VP	VBG	VBG	playing	walking	play	walk
5211	7743	NP	NN	NN	beach	dog	beach	dog
5212	7743	NP	NN	NN	beach	snowdrift	beach	snowdrift
5213	7743	VP	VBN	VBG	covered	walking	cover	walk
5214	7743	NP	NN	NN	snow	snowdrift	snow	snowdrift
5215	7743	NP	n	NN	beach covered by snow	dog	beach cover by snow	dog
5216	7743	NP	n	NN	beach covered by snow	snowdrift	beach cover by snow	snowdrift
5217	7743	phrasal_IN	(s:pss\np)\(s:pss\np)	(s:dcl\np)\(s:dcl\np)	by snow	along a snowdrift	by snow	along a snowdrift
5218	7772	NP	NN	NN	surfer	wave	surfer	wave
5219	7772	NP	NN	n	surfer	small wave	surfer	small wave
5220	7772	phrasal_JJ	JJ	JJ	big	small	big	small
5221	7772	NP	NN	NN	wave	surfer	wave	surfer
5222	7772	NP	NN	n	wave	small wave	wave	small wave
5223	7772	phrasal_JJ	JJ	JJ	dark	small	dark	small
5224	7772	phrasal_JJ	JJ	JJ	green	small	green	small
5225	7772	NP	NN	NN	water	surfer	water	surfer
5226	7772	NP	NN	NN	water	wave	water	wave
5227	7772	NP	NN	n	water	small wave	water	small wave
5228	7772	NP	n	NN	wave across dark green water	surfer	wave across dark green water	surfer
5229	7772	NP	n	NN	wave across dark green water	wave	wave across dark green water	wave
5230	7772	NP	n	n	wave across dark green water	small wave	wave across dark green water	small wave
5231	7772	NP	n	NN	dark green water	surfer	dark green water	surfer
5232	7772	NP	n	NN	dark green water	wave	dark green water	wave
5233	7772	NP	n	n	dark green water	small wave	dark green water	small wave
5234	7795	NP	NN	NN	tennis	player	tennis	player
5235	7795	NP	NN	NN	tennis	left	tennis	left
5236	7795	NP	NN	n	tennis	tennis player	tennis	tennis player
5237	7795	NP	NN	NN	player	tennis	player	tennis
5238	7795	NP	NN	NN	player	left	player	left
5239	7795	NP	NN	n	player	tennis player	player	tennis player
5240	7795	VP	VBG	VBG	lunging	jumping	lunge	jump
5241	7795	NP	NN	NN	left	tennis	left	tennis
5242	7795	NP	NN	NN	left	player	left	player
5243	7795	NP	NN	n	left	tennis player	left	tennis player
5244	7795	NP	n	NN	tennis player	tennis	tennis player	tennis
5245	7795	NP	n	NN	tennis player	player	tennis player	player
5246	7795	NP	n	NN	tennis player	left	tennis player	left
5247	7820	NP	NNS	NN	dogs	stream	dog	stream
5248	7820	VP	VBG	VBG	looking	playing	look	play
5249	7820	VP	VBG	VBG	splashing	playing	splash	play
5250	7820	NP	NN	NNS	water	dogs	water	dog
5251	7820	NP	NN	NN	water	stream	water	stream
5252	7820	NP	n	NN	Two dogs	stream	two dog	stream
5253	7820	phrasal_IN	pp	(s:ng\np)\(s:ng\np)	in the water	in a stream	in the water	in a stream
5254	7877	NP	NN	NN	man	blue	man	blue
5255	7877	NP	NN	n	man	man in blue	man	man in blue
5256	7877	NP	NN	n	man	dirt road	man	dirt road
5257	7877	NP	NN	NN	cowboy	man	cowboy	man
5258	7877	NP	NN	NN	cowboy	blue	cowboy	blue
5259	7877	NP	NN	NN	cowboy	horse	cowboy	horse
5260	7877	NP	NN	NN	cowboy	dirt	cowboy	dirt
5261	7877	NP	NN	NN	cowboy	road	cowboy	road
5262	7877	NP	NN	n	cowboy	man in blue	cowboy	man in blue
5263	7877	NP	NN	n	cowboy	dirt road	cowboy	dirt road
5264	7877	NP	NN	NN	hat	blue	hat	blue
5265	7877	NP	NN	NN	hat	horse	hat	horse
5266	7877	NP	NN	NN	hat	dirt	hat	dirt
5267	7877	NP	NN	NN	hat	road	hat	road
5268	7877	NP	NN	n	hat	man in blue	hat	man in blue
5269	7877	NP	NN	n	hat	dirt road	hat	dirt road
5270	7877	NP	NN	NN	horse	blue	horse	blue
5271	7877	NP	NN	NN	horse	dirt	horse	dirt
5272	7877	NP	NN	NN	horse	road	horse	road
5273	7877	NP	NN	n	horse	man in blue	horse	man in blue
5274	7877	NP	NN	n	horse	dirt road	horse	dirt road
5275	7877	NP	n	NN	blue cowboy hat	man	blue cowboy hat	man
5276	7877	NP	n	NN	blue cowboy hat	blue	blue cowboy hat	blue
5277	7877	NP	n	NN	blue cowboy hat	horse	blue cowboy hat	horse
5278	7877	NP	n	NN	blue cowboy hat	dirt	blue cowboy hat	dirt
5279	7877	NP	n	NN	blue cowboy hat	road	blue cowboy hat	road
5280	7877	NP	n	n	blue cowboy hat	man in blue	blue cowboy hat	man in blue
5281	7877	NP	n	n	blue cowboy hat	dirt road	blue cowboy hat	dirt road
5282	7877	NP	n	NN	white horse	man	white horse	man
5283	7877	NP	n	NN	white horse	blue	white horse	blue
5284	7877	NP	n	NN	white horse	horse	white horse	horse
5285	7877	NP	n	NN	white horse	dirt	white horse	dirt
5286	7877	NP	n	NN	white horse	road	white horse	road
5287	7877	NP	n	n	white horse	man in blue	white horse	man in blue
5288	7877	NP	n	n	white horse	dirt road	white horse	dirt road
5289	7889	NP	NNS	NN	dogs	dog	dog	dog
5290	7889	NP	NNS	NN	dogs	ball	dog	ball
5291	7889	NP	NNS	n	dogs	Two white dogs	dog	two white dog
5292	7889	NP	NNS	n	dogs	brown dog	dog	brown dog
5293	7889	NP	NN	n	dog	Two white dogs	dog	two white dog
5294	7889	NP	NN	NNS	tennis	dogs	tennis	dog
5295	7889	NP	NN	NN	tennis	dog	tennis	dog
5296	7889	NP	NN	NN	tennis	ball	tennis	ball
5297	7889	NP	NN	n	tennis	Two white dogs	tennis	two white dog
5298	7889	NP	NN	n	tennis	brown dog	tennis	brown dog
5299	7889	NP	NN	NNS	ball	dogs	ball	dog
5300	7889	NP	NN	n	ball	Two white dogs	ball	two white dog
5301	7889	NP	NN	n	ball	brown dog	ball	brown dog
5302	7889	NP	n	NNS	Two white dogs	dogs	two white dog	dog
5303	7889	NP	n	NN	Two white dogs	dog	two white dog	dog
5304	7889	NP	n	NN	Two white dogs	ball	two white dog	ball
5305	7889	NP	n	n	Two white dogs	brown dog	two white dog	brown dog
5306	7889	NP	n	NNS	brown dog	dogs	brown dog	dog
5307	7889	NP	n	NN	brown dog	ball	brown dog	ball
5308	7889	NP	n	n	brown dog	Two white dogs	brown dog	two white dog
5309	7889	NP	n	NNS	tennis ball	dogs	tennis ball	dog
5310	7889	NP	n	NN	tennis ball	dog	tennis ball	dog
5311	7889	NP	n	NN	tennis ball	ball	tennis ball	ball
5312	7889	NP	n	n	tennis ball	Two white dogs	tennis ball	two white dog
5313	7889	NP	n	n	tennis ball	brown dog	tennis ball	brown dog
5314	7932	NP	NN	NNS	person	athletes	person	athlete
5315	7932	NP	NN	NN	person	stadium	person	stadium
5316	7932	NP	NN	n	person	Four athletes	person	four athlete
5317	7932	NP	NN	n	person	woman in a crowded stadium	person	woman in a crowded stadium
5318	7932	NP	NN	n	person	crowded stadium	person	crowded stadium
5319	7932	phrasal_JJ	JJ	JJ	pink	crowded	pink	crowded
5320	7932	NP	NN	NNS	jacket	athletes	jacket	athlete
5321	7932	NP	NN	NN	jacket	woman	jacket	woman
5322	7932	NP	NN	NN	jacket	stadium	jacket	stadium
5323	7932	NP	NN	n	jacket	Four athletes	jacket	four athlete
5324	7932	NP	NN	n	jacket	woman in a crowded stadium	jacket	woman in a crowded stadium
5325	7932	NP	NN	n	jacket	crowded stadium	jacket	crowded stadium
5326	7932	NP	NN	NNS	field	athletes	field	athlete
5327	7932	NP	NN	NN	field	woman	field	woman
5328	7932	NP	NN	NN	field	stadium	field	stadium
5329	7932	NP	NN	n	field	Four athletes	field	four athlete
5330	7932	NP	NN	n	field	woman in a crowded stadium	field	woman in a crowded stadium
5331	7932	NP	NN	n	field	crowded stadium	field	crowded stadium
5332	7932	NP	n	NNS	person in a pink jacket	athletes	person in a pink jacket	athlete
5333	7932	NP	n	NN	person in a pink jacket	woman	person in a pink jacket	woman
5334	7932	NP	n	NN	person in a pink jacket	stadium	person in a pink jacket	stadium
5335	7932	NP	n	n	person in a pink jacket	Four athletes	person in a pink jacket	four athlete
5336	7932	NP	n	n	person in a pink jacket	woman in a crowded stadium	person in a pink jacket	woman in a crowded stadium
5337	7932	NP	n	n	person in a pink jacket	crowded stadium	person in a pink jacket	crowded stadium
5338	7932	NP	n	NNS	pink jacket	athletes	pink jacket	athlete
5339	7932	NP	n	NN	pink jacket	woman	pink jacket	woman
5340	7932	NP	n	NN	pink jacket	stadium	pink jacket	stadium
5341	7932	NP	n	n	pink jacket	Four athletes	pink jacket	four athlete
5342	7932	NP	n	n	pink jacket	woman in a crowded stadium	pink jacket	woman in a crowded stadium
5343	7932	NP	n	n	pink jacket	crowded stadium	pink jacket	crowded stadium
5344	7937	NP	NN	NN	woman	clothing	woman	clothing
5345	7937	NP	NN	NN	woman	crowd	woman	crowd
5346	7937	NP	NN	n	woman	woman dressed in elegant clothing	woman	woman dress in elegant clothing
5347	7937	NP	NN	n	woman	elegant clothing	woman	elegant clothing
5348	7937	NP	NN	n	woman	crowd of people	woman	crowd of people
5349	7937	VP	VBN	VBG	dressed	looking	dress	look
5350	7937	NP	NN	NN	clothing	woman	clothing	woman
5351	7937	NP	NN	NN	clothing	crowd	clothing	crowd
5352	7937	NP	NN	NNS	clothing	people	clothing	people
5353	7937	NP	NN	n	clothing	woman dressed in elegant clothing	clothing	woman dress in elegant clothing
5354	7937	NP	NN	n	clothing	elegant clothing	clothing	elegant clothing
5355	7937	NP	NN	n	clothing	crowd of people	clothing	crowd of people
5356	7937	NP	NN	NN	crowd	woman	crowd	woman
5357	7937	NP	NN	NN	crowd	clothing	crowd	clothing
5358	7937	NP	NN	NNS	crowd	people	crowd	people
5359	7937	NP	NN	n	crowd	woman dressed in elegant clothing	crowd	woman dress in elegant clothing
5360	7937	NP	NN	n	crowd	elegant clothing	crowd	elegant clothing
5361	7937	NP	NN	n	crowd	crowd of people	crowd	crowd of people
5362	7937	NP	NNS	NN	people	woman	people	woman
5363	7937	NP	NNS	NN	people	clothing	people	clothing
5364	7937	NP	NNS	NN	people	crowd	people	crowd
5365	7937	NP	NNS	n	people	woman dressed in elegant clothing	people	woman dress in elegant clothing
5366	7937	NP	NNS	n	people	elegant clothing	people	elegant clothing
5367	7937	NP	NNS	n	people	crowd of people	people	crowd of people
5368	7937	VP	VBG	VBN	looking	dressed	look	dress
5369	7937	NP	n	NN	woman dressed in elegant clothing	woman	woman dress in elegant clothing	woman
5370	7937	NP	n	NN	woman dressed in elegant clothing	clothing	woman dress in elegant clothing	clothing
5371	7937	NP	n	NN	woman dressed in elegant clothing	crowd	woman dress in elegant clothing	crowd
5372	7937	NP	n	NNS	woman dressed in elegant clothing	people	woman dress in elegant clothing	people
5373	7937	NP	n	n	woman dressed in elegant clothing	elegant clothing	woman dress in elegant clothing	elegant clothing
5374	7937	NP	n	n	woman dressed in elegant clothing	crowd of people	woman dress in elegant clothing	crowd of people
5375	7937	phrasal_IN	(s:pss\np)\(s:pss\np)	pp	in elegant clothing	inside a crowd of people	in elegant clothing	inside a crowd of people
5376	7937	NP	n	NN	elegant clothing	woman	elegant clothing	woman
5377	7937	NP	n	NN	elegant clothing	clothing	elegant clothing	clothing
5378	7937	NP	n	NN	elegant clothing	crowd	elegant clothing	crowd
5379	7937	NP	n	NNS	elegant clothing	people	elegant clothing	people
5380	7937	NP	n	n	elegant clothing	woman dressed in elegant clothing	elegant clothing	woman dress in elegant clothing
5381	7937	NP	n	n	elegant clothing	crowd of people	elegant clothing	crowd of people
5382	7937	phrasal_IN	pp	(s:pss\np)\(s:pss\np)	inside a crowd of people	in elegant clothing	inside a crowd of people	in elegant clothing
5383	7937	NP	n	NN	crowd of people	woman	crowd of people	woman
5384	7937	NP	n	NN	crowd of people	clothing	crowd of people	clothing
5385	7937	NP	n	NN	crowd of people	crowd	crowd of people	crowd
5386	7937	NP	n	NNS	crowd of people	people	crowd of people	people
5387	7937	NP	n	n	crowd of people	woman dressed in elegant clothing	crowd of people	woman dress in elegant clothing
5388	7937	NP	n	n	crowd of people	elegant clothing	crowd of people	elegant clothing
5389	7938	phrasal_JJ	JJ	JJ	Asian	elegant	asian	elegant
5390	7938	NP	NN	n	woman	elegant woman	woman	elegant woman
5391	7938	VP	VBG	VBG	holding	looking	hold	look
5392	7938	NP	NN	NN	fur	woman	fur	woman
5393	7938	NP	NN	NN	fur	crowd	fur	crowd
5394	7938	NP	NN	NNS	fur	people	fur	people
5395	7938	NP	NN	n	fur	elegant woman	fur	elegant woman
5396	7938	NP	NN	n	fur	crowd of people	fur	crowd of people
5397	7938	NP	NN	NN	scarf	crowd	scarf	crowd
5398	7938	NP	NN	n	scarf	elegant woman	scarf	elegant woman
5399	7938	NP	NN	n	scarf	crowd of people	scarf	crowd of people
5400	7938	NP	n	NN	Asian woman	woman	asian woman	woman
5401	7938	NP	n	NN	Asian woman	crowd	asian woman	crowd
5402	7938	NP	n	NNS	Asian woman	people	asian woman	people
5403	7938	NP	n	n	Asian woman	elegant woman	asian woman	elegant woman
5404	7938	NP	n	n	Asian woman	crowd of people	asian woman	crowd of people
5405	7938	NP	n	NN	fur scarf	woman	fur scarf	woman
5406	7938	NP	n	NN	fur scarf	crowd	fur scarf	crowd
5407	7938	NP	n	NNS	fur scarf	people	fur scarf	people
5408	7938	NP	n	n	fur scarf	elegant woman	fur scarf	elegant woman
5409	7938	NP	n	n	fur scarf	crowd of people	fur scarf	crowd of people
5410	7947	NP	NN	NN	kid	water	kid	water
5411	7947	NP	NN	NN	kid	beach	kid	beach
5412	7947	NP	NN	NN	t-shirt	boy	t-shirt	boy
5413	7947	NP	NN	NN	t-shirt	water	t-shirt	water
5414	7947	NP	NN	NN	t-shirt	beach	t-shirt	beach
5415	7947	VP	VBG	VBG	splashing	running	splash	run
5416	7947	NP	n	NN	kid in a white t-shirt	boy	kid in a white t-shirt	boy
5417	7947	NP	n	NN	kid in a white t-shirt	water	kid in a white t-shirt	water
5418	7947	NP	n	NN	kid in a white t-shirt	beach	kid in a white t-shirt	beach
5419	7947	NP	n	NN	white t-shirt	boy	white t-shirt	boy
5420	7947	NP	n	NN	white t-shirt	water	white t-shirt	water
5421	7947	NP	n	NN	white t-shirt	beach	white t-shirt	beach
5422	7947	phrasal_IN	pp	(s:dcl\np)\(s:dcl\np)	in shallow water	through the water	in shallow water	through the water
5423	7947	phrasal_IN	pp	(s:dcl\np)\(s:dcl\np)	in shallow water	at the beach	in shallow water	at the beach
5424	7947	NP	n	NN	shallow water	boy	shallow water	boy
5425	7947	NP	n	NN	shallow water	water	shallow water	water
5426	7947	NP	n	NN	shallow water	beach	shallow water	beach
5427	7950	NP	NN	NN	girl	t-shirt	girl	t-shirt
5428	7950	NP	NN	NN	girl	water	girl	water
5429	7950	NP	NN	n	girl	boy in a white t-shirt	girl	boy in a white t-shirt
5430	7950	NP	NN	n	girl	white t-shirt	girl	white t-shirt
5431	7950	NP	NN	n	girl	shallow water	girl	shallow water
5432	7950	VP	VBG	VBG	running	splashing	run	splash
5433	7950	NP	NN	NN	water	t-shirt	water	t-shirt
5434	7950	NP	NN	n	water	boy in a white t-shirt	water	boy in a white t-shirt
5435	7950	NP	NN	n	water	white t-shirt	water	white t-shirt
5436	7950	NP	NN	n	water	shallow water	water	shallow water
5437	7950	NP	NN	NN	beach	boy	beach	boy
5438	7950	NP	NN	NN	beach	t-shirt	beach	t-shirt
5439	7950	NP	NN	n	beach	boy in a white t-shirt	beach	boy in a white t-shirt
5440	7950	NP	NN	n	beach	white t-shirt	beach	white t-shirt
5441	7950	NP	NN	n	beach	shallow water	beach	shallow water
5442	7950	phrasal_IN	(s:dcl\np)\(s:dcl\np)	pp	through the water	in shallow water	through the water	in shallow water
5443	7950	phrasal_IN	(s:dcl\np)\(s:dcl\np)	pp	at the beach	in shallow water	at the beach	in shallow water
5444	7951	NP	NN	NN	boy	beach	boy	beach
5445	7951	NP	n	NN	boy in a white t-shirt	boy	boy in a white t-shirt	boy
5446	7951	NP	n	NN	boy in a white t-shirt	water	boy in a white t-shirt	water
5447	7951	NP	n	NN	boy in a white t-shirt	beach	boy in a white t-shirt	beach
5448	7997	NP	NNS	NNS	kids	Children	kid	Child
5449	7997	NP	NNS	NN	kids	swimming	kid	swimming
5450	7997	NP	NNS	NNS	kids	suits	kid	suit
5451	7997	NP	NNS	NN	kids	water	kid	water
5452	7997	NP	NNS	n	kids	Children in swimming suits	kid	Child in swimming suit
5453	7997	NP	NNS	n	kids	swimming suits	kid	swimming suit
5454	7997	VP	VBG	VBG	wearing	playing	wear	play
5455	7997	NP	NNS	NNS	suits	Children	suit	Child
5456	7997	NP	NNS	NN	suits	swimming	suit	swimming
5457	7997	NP	NNS	NN	suits	water	suit	water
5458	7997	NP	NNS	n	suits	Children in swimming suits	suit	Child in swimming suit
5459	7997	NP	NNS	n	suits	swimming suits	suit	swimming suit
5460	7997	NP	NN	NNS	water	Children	water	Child
5461	7997	NP	NN	NN	water	swimming	water	swimming
5462	7997	NP	NN	NNS	water	suits	water	suit
5463	7997	NP	NN	n	water	Children in swimming suits	water	Child in swimming suit
5464	7997	NP	NN	n	water	swimming suits	water	swimming suit
5465	8057	phrasal_JJ	JJ	JJ	young	little	young	little
5466	8057	phrasal_JJ	JJ	JJ	young	patterned	young	patterned
5467	8057	phrasal_JJ	JJ	JJ	young	black	young	black
5468	8057	phrasal_JJ	JJ	JJ	young	yellow	young	yellow
5469	8057	NP	NN	NN	girl	swim	girl	swim
5470	8057	NP	NN	NN	girl	suit	girl	suit
5471	8057	NP	NN	NN	girl	cap	girl	cap
5472	8057	NP	NN	NN	girl	swimming	girl	swimming
5473	8057	NP	NN	NNS	girl	goggles	girl	goggles
5474	8057	NP	NN	NN	girl	head	girl	head
5475	8057	NP	NN	n	girl	little girl	girl	little girl
5476	8057	NP	NN	n	girl	blue patterned swim suit	girl	blue patterned swim suit
5477	8057	NP	NN	n	girl	black and yellow swim cap	girl	black and yellow swim cap
5478	8057	NP	NN	n	girl	swim cap	girl	swim cap
5479	8057	NP	NN	n	girl	swimming goggles on the head	girl	swimming goggles on the head
5480	8057	NP	NN	n	girl	goggles on the head	girl	goggles on the head
5481	8057	phrasal_JJ	JJ	JJ	blue	little	blue	little
5482	8057	phrasal_JJ	JJ	JJ	blue	patterned	blue	patterned
5483	8057	phrasal_JJ	JJ	JJ	blue	yellow	blue	yellow
5484	8057	phrasal_JJ	JJ	JJ	patterned	little	patterned	little
5485	8057	phrasal_JJ	JJ	JJ	patterned	blue	patterned	blue
5486	8057	phrasal_JJ	JJ	JJ	patterned	black	patterned	black
5487	8057	phrasal_JJ	JJ	JJ	patterned	yellow	patterned	yellow
5488	8057	NP	NN	NN	swim	girl	swim	girl
5489	8057	NP	NN	NN	swim	suit	swim	suit
5490	8057	NP	NN	NN	swim	cap	swim	cap
5491	8057	NP	NN	NN	swim	swimming	swim	swimming
5492	8057	NP	NN	NNS	swim	goggles	swim	goggles
5493	8057	NP	NN	NN	swim	head	swim	head
5494	8057	NP	NN	n	swim	little girl	swim	little girl
5495	8057	NP	NN	n	swim	blue patterned swim suit	swim	blue patterned swim suit
5496	8057	NP	NN	n	swim	black and yellow swim cap	swim	black and yellow swim cap
5497	8057	NP	NN	n	swim	swim cap	swim	swim cap
5498	8057	NP	NN	n	swim	swimming goggles on the head	swim	swimming goggles on the head
5499	8057	NP	NN	n	swim	goggles on the head	swim	goggles on the head
5500	8057	NP	NN	NN	suit	girl	suit	girl
5501	8057	NP	NN	NN	suit	swim	suit	swim
5502	8057	NP	NN	NN	suit	cap	suit	cap
5503	8057	NP	NN	NN	suit	swimming	suit	swimming
5504	8057	NP	NN	NNS	suit	goggles	suit	goggles
5505	8057	NP	NN	NN	suit	head	suit	head
5506	8057	NP	NN	n	suit	little girl	suit	little girl
5507	8057	NP	NN	n	suit	blue patterned swim suit	suit	blue patterned swim suit
5508	8057	NP	NN	n	suit	black and yellow swim cap	suit	black and yellow swim cap
5509	8057	NP	NN	n	suit	swim cap	suit	swim cap
5510	8057	NP	NN	n	suit	swimming goggles on the head	suit	swimming goggles on the head
5511	8057	NP	NN	n	suit	goggles on the head	suit	goggles on the head
5512	8057	phrasal_JJ	JJ	JJ	black	little	black	little
5513	8057	phrasal_JJ	JJ	JJ	black	patterned	black	patterned
5514	8057	phrasal_JJ	JJ	JJ	black	yellow	black	yellow
5515	8057	phrasal_JJ	JJ	JJ	yellow	little	yellow	little
5516	8057	phrasal_JJ	JJ	JJ	yellow	blue	yellow	blue
5517	8057	phrasal_JJ	JJ	JJ	yellow	patterned	yellow	patterned
5518	8057	phrasal_JJ	JJ	JJ	yellow	black	yellow	black
5519	8057	NP	NN	NN	cap	girl	cap	girl
5520	8057	NP	NN	NN	cap	swim	cap	swim
5521	8057	NP	NN	NN	cap	suit	cap	suit
5522	8057	NP	NN	NN	cap	swimming	cap	swimming
5523	8057	NP	NN	NNS	cap	goggles	cap	goggles
5524	8057	NP	NN	NN	cap	head	cap	head
5525	8057	NP	NN	n	cap	little girl	cap	little girl
5526	8057	NP	NN	n	cap	blue patterned swim suit	cap	blue patterned swim suit
5527	8057	NP	NN	n	cap	black and yellow swim cap	cap	black and yellow swim cap
5528	8057	NP	NN	n	cap	swim cap	cap	swim cap
5529	8057	NP	NN	n	cap	swimming goggles on the head	cap	swimming goggles on the head
5530	8057	NP	NN	n	cap	goggles on the head	cap	goggles on the head
5531	8057	NP	NN	NN	swimming	girl	swimming	girl
5532	8057	NP	NN	NN	swimming	swim	swimming	swim
5533	8057	NP	NN	NN	swimming	suit	swimming	suit
5534	8057	NP	NN	NN	swimming	cap	swimming	cap
5535	8057	NP	NN	NNS	swimming	goggles	swimming	goggles
5536	8057	NP	NN	NN	swimming	head	swimming	head
5537	8057	NP	NN	n	swimming	little girl	swimming	little girl
5538	8057	NP	NN	n	swimming	blue patterned swim suit	swimming	blue patterned swim suit
5539	8057	NP	NN	n	swimming	black and yellow swim cap	swimming	black and yellow swim cap
5540	8057	NP	NN	n	swimming	swim cap	swimming	swim cap
5541	8057	NP	NN	n	swimming	swimming goggles on the head	swimming	swimming goggles on the head
5542	8057	NP	NN	n	swimming	goggles on the head	swimming	goggles on the head
5543	8057	NP	NNS	NN	goggles	girl	goggles	girl
5544	8057	NP	NNS	NN	goggles	swim	goggles	swim
5545	8057	NP	NNS	NN	goggles	suit	goggles	suit
5546	8057	NP	NNS	NN	goggles	cap	goggles	cap
5547	8057	NP	NNS	NN	goggles	swimming	goggles	swimming
5548	8057	NP	NNS	NN	goggles	head	goggles	head
5549	8057	NP	NNS	n	goggles	little girl	goggles	little girl
5550	8057	NP	NNS	n	goggles	blue patterned swim suit	goggles	blue patterned swim suit
5551	8057	NP	NNS	n	goggles	black and yellow swim cap	goggles	black and yellow swim cap
5552	8057	NP	NNS	n	goggles	swim cap	goggles	swim cap
5553	8057	NP	NNS	n	goggles	swimming goggles on the head	goggles	swimming goggles on the head
5554	8057	NP	NNS	n	goggles	goggles on the head	goggles	goggles on the head
5555	8057	NP	NN	NN	head	girl	head	girl
5556	8057	NP	NN	NN	head	swim	head	swim
5557	8057	NP	NN	NN	head	suit	head	suit
5558	8057	NP	NN	NN	head	cap	head	cap
5559	8057	NP	NN	NN	head	swimming	head	swimming
5560	8057	NP	NN	NNS	head	goggles	head	goggles
5561	8057	NP	NN	n	head	little girl	head	little girl
5562	8057	NP	NN	n	head	blue patterned swim suit	head	blue patterned swim suit
5563	8057	NP	NN	n	head	black and yellow swim cap	head	black and yellow swim cap
5564	8057	NP	NN	n	head	swim cap	head	swim cap
5565	8057	NP	NN	n	head	swimming goggles on the head	head	swimming goggles on the head
5566	8057	NP	NN	n	head	goggles on the head	head	goggles on the head
5567	8057	NP	n	NN	young girl	swim	young girl	swim
5568	8057	NP	n	NN	young girl	suit	young girl	suit
5569	8057	NP	n	NN	young girl	cap	young girl	cap
5570	8057	NP	n	NN	young girl	swimming	young girl	swimming
5571	8057	NP	n	NNS	young girl	goggles	young girl	goggles
5572	8057	NP	n	NN	young girl	head	young girl	head
5573	8057	NP	n	n	young girl	little girl	young girl	little girl
5574	8057	NP	n	n	young girl	blue patterned swim suit	young girl	blue patterned swim suit
5575	8057	NP	n	n	young girl	black and yellow swim cap	young girl	black and yellow swim cap
5576	8057	NP	n	n	young girl	swim cap	young girl	swim cap
5577	8057	NP	n	n	young girl	swimming goggles on the head	young girl	swimming goggles on the head
5578	8057	NP	n	n	young girl	goggles on the head	young girl	goggles on the head
5579	8057	NP	n	NN	blue patterned swim suit	girl	blue patterned swim suit	girl
5580	8057	NP	n	NN	blue patterned swim suit	swim	blue patterned swim suit	swim
5581	8057	NP	n	NN	blue patterned swim suit	suit	blue patterned swim suit	suit
5582	8057	NP	n	NN	blue patterned swim suit	cap	blue patterned swim suit	cap
5583	8057	NP	n	NN	blue patterned swim suit	swimming	blue patterned swim suit	swimming
5584	8057	NP	n	NNS	blue patterned swim suit	goggles	blue patterned swim suit	goggles
5585	8057	NP	n	NN	blue patterned swim suit	head	blue patterned swim suit	head
5586	8057	NP	n	n	blue patterned swim suit	little girl	blue patterned swim suit	little girl
5587	8057	NP	n	n	blue patterned swim suit	black and yellow swim cap	blue patterned swim suit	black and yellow swim cap
5588	8057	NP	n	n	blue patterned swim suit	swim cap	blue patterned swim suit	swim cap
5589	8057	NP	n	n	blue patterned swim suit	swimming goggles on the head	blue patterned swim suit	swimming goggles on the head
5590	8057	NP	n	n	blue patterned swim suit	goggles on the head	blue patterned swim suit	goggles on the head
5591	8057	NP	n	NN	black and yellow swim cap	girl	black and yellow swim cap	girl
5592	8057	NP	n	NN	black and yellow swim cap	swim	black and yellow swim cap	swim
5593	8057	NP	n	NN	black and yellow swim cap	suit	black and yellow swim cap	suit
5594	8057	NP	n	NN	black and yellow swim cap	cap	black and yellow swim cap	cap
5595	8057	NP	n	NN	black and yellow swim cap	swimming	black and yellow swim cap	swimming
5596	8057	NP	n	NNS	black and yellow swim cap	goggles	black and yellow swim cap	goggles
5597	8057	NP	n	NN	black and yellow swim cap	head	black and yellow swim cap	head
5598	8057	NP	n	n	black and yellow swim cap	little girl	black and yellow swim cap	little girl
5599	8057	NP	n	n	black and yellow swim cap	blue patterned swim suit	black and yellow swim cap	blue patterned swim suit
5600	8057	NP	n	n	black and yellow swim cap	swim cap	black and yellow swim cap	swim cap
5601	8057	NP	n	n	black and yellow swim cap	swimming goggles on the head	black and yellow swim cap	swimming goggles on the head
5602	8057	NP	n	n	black and yellow swim cap	goggles on the head	black and yellow swim cap	goggles on the head
5603	8057	NP	n	NN	swim cap	girl	swim cap	girl
5604	8057	NP	n	NN	swim cap	swim	swim cap	swim
5605	8057	NP	n	NN	swim cap	suit	swim cap	suit
5606	8057	NP	n	NN	swim cap	cap	swim cap	cap
5607	8057	NP	n	NN	swim cap	swimming	swim cap	swimming
5608	8057	NP	n	NNS	swim cap	goggles	swim cap	goggles
5609	8057	NP	n	NN	swim cap	head	swim cap	head
5610	8057	NP	n	n	swim cap	little girl	swim cap	little girl
5611	8057	NP	n	n	swim cap	blue patterned swim suit	swim cap	blue patterned swim suit
5612	8057	NP	n	n	swim cap	black and yellow swim cap	swim cap	black and yellow swim cap
5613	8057	NP	n	n	swim cap	swimming goggles on the head	swim cap	swimming goggles on the head
5614	8057	NP	n	n	swim cap	goggles on the head	swim cap	goggles on the head
5615	8057	NP	n	NN	swimming goggles on her head	girl	swimming goggles on her head	girl
5616	8057	NP	n	NN	swimming goggles on her head	swim	swimming goggles on her head	swim
5617	8057	NP	n	NN	swimming goggles on her head	suit	swimming goggles on her head	suit
5618	8057	NP	n	NN	swimming goggles on her head	cap	swimming goggles on her head	cap
5619	8057	NP	n	NN	swimming goggles on her head	swimming	swimming goggles on her head	swimming
5620	8057	NP	n	NNS	swimming goggles on her head	goggles	swimming goggles on her head	goggles
5621	8057	NP	n	NN	swimming goggles on her head	head	swimming goggles on her head	head
5622	8057	NP	n	n	swimming goggles on her head	little girl	swimming goggles on her head	little girl
5623	8057	NP	n	n	swimming goggles on her head	blue patterned swim suit	swimming goggles on her head	blue patterned swim suit
5624	8057	NP	n	n	swimming goggles on her head	black and yellow swim cap	swimming goggles on her head	black and yellow swim cap
5625	8057	NP	n	n	swimming goggles on her head	swim cap	swimming goggles on her head	swim cap
5626	8057	NP	n	n	swimming goggles on her head	swimming goggles on the head	swimming goggles on her head	swimming goggles on the head
5627	8057	NP	n	n	swimming goggles on her head	goggles on the head	swimming goggles on her head	goggles on the head
5628	8057	NP	n	NN	goggles on her head	girl	goggles on her head	girl
5629	8057	NP	n	NN	goggles on her head	swim	goggles on her head	swim
5630	8057	NP	n	NN	goggles on her head	suit	goggles on her head	suit
5631	8057	NP	n	NN	goggles on her head	cap	goggles on her head	cap
5632	8057	NP	n	NN	goggles on her head	swimming	goggles on her head	swimming
5633	8057	NP	n	NNS	goggles on her head	goggles	goggles on her head	goggles
5634	8057	NP	n	NN	goggles on her head	head	goggles on her head	head
5635	8057	NP	n	n	goggles on her head	little girl	goggles on her head	little girl
5636	8057	NP	n	n	goggles on her head	blue patterned swim suit	goggles on her head	blue patterned swim suit
5637	8057	NP	n	n	goggles on her head	black and yellow swim cap	goggles on her head	black and yellow swim cap
5638	8057	NP	n	n	goggles on her head	swim cap	goggles on her head	swim cap
5639	8057	NP	n	n	goggles on her head	swimming goggles on the head	goggles on her head	swimming goggles on the head
5640	8057	NP	n	n	goggles on her head	goggles on the head	goggles on her head	goggles on the head
5641	8122	NP	NN	NNS	cheerleader	cheerleaders	cheerleader	cheerleader
5642	8122	VP	VBG	VBG	sitting	relaxing	sit	relax
5643	8122	NP	NN	NNS	knee	cheerleaders	knee	cheerleader
5644	8122	NP	NN	NNS	male	cheerleaders	male	cheerleader
5645	8122	NP	n	NNS	female cheerleader	cheerleaders	female cheerleader	cheerleader
5646	8122	NP	n	NNS	knee of a male cheerleader	cheerleaders	knee of a male cheerleader	cheerleader
5647	8122	NP	n	NNS	male cheerleader	cheerleaders	male cheerleader	cheerleader
5648	8138	NP	NN	NNS	girl	piercings	girl	piercing
5649	8138	NP	NN	NN	girl	ear	girl	ear
5650	8138	NP	NN	NN	girl	tattoo	girl	tattoo
5651	8138	NP	NN	NN	girl	back	girl	back
5652	8138	NP	NN	n	girl	red hair and eyebrows	girl	red hair and eyebrow
5653	8138	NP	NN	n	girl	several piercings	girl	several piercing
5654	8138	NP	NN	n	girl	tattoo on the back	girl	tattoo on the back
5655	8138	phrasal_JJ	JJ	JJ	red	several	red	several
5656	8138	NP	NN	NNS	hair	piercings	hair	piercing
5657	8138	NP	NN	NN	hair	ear	hair	ear
5658	8138	NP	NN	NN	hair	tattoo	hair	tattoo
5659	8138	NP	NN	NN	hair	back	hair	back
5660	8138	NP	NN	n	hair	red hair and eyebrows	hair	red hair and eyebrow
5661	8138	NP	NN	n	hair	several piercings	hair	several piercing
5662	8138	NP	NN	n	hair	tattoo on the back	hair	tattoo on the back
5663	8138	phrasal_JJ	JJ	JJ	several	red	several	red
5664	8138	NP	NNS	NN	piercings	girl	piercing	girl
5665	8138	NP	NNS	NN	piercings	hair	piercing	hair
5666	8138	NP	NNS	NN	piercings	ear	piercing	ear
5667	8138	NP	NNS	NN	piercings	tattoo	piercing	tattoo
5668	8138	NP	NNS	NN	piercings	back	piercing	back
5669	8138	NP	NNS	n	piercings	red hair and eyebrows	piercing	red hair and eyebrow
5670	8138	NP	NNS	n	piercings	several piercings	piercing	several piercing
5671	8138	NP	NNS	n	piercings	tattoo on the back	piercing	tattoo on the back
5672	8138	NP	NN	NN	ear	girl	ear	girl
5673	8138	NP	NN	NN	ear	hair	ear	hair
5674	8138	NP	NN	NNS	ear	piercings	ear	piercing
5675	8138	NP	NN	NN	ear	tattoo	ear	tattoo
5676	8138	NP	NN	NN	ear	back	ear	back
5677	8138	NP	NN	n	ear	red hair and eyebrows	ear	red hair and eyebrow
5678	8138	NP	NN	n	ear	several piercings	ear	several piercing
5679	8138	NP	NN	n	ear	tattoo on the back	ear	tattoo on the back
5680	8138	NP	NN	NN	drawing	girl	drawing	girl
5681	8138	NP	NN	NN	drawing	hair	drawing	hair
5682	8138	NP	NN	NNS	drawing	piercings	drawing	piercing
5683	8138	NP	NN	NN	drawing	ear	drawing	ear
5684	8138	NP	NN	NN	drawing	tattoo	drawing	tattoo
5685	8138	NP	NN	NN	drawing	back	drawing	back
5686	8138	NP	NN	n	drawing	red hair and eyebrows	drawing	red hair and eyebrow
5687	8138	NP	NN	n	drawing	several piercings	drawing	several piercing
5688	8138	NP	NN	n	drawing	tattoo on the back	drawing	tattoo on the back
5689	8138	NP	NN	NN	back	girl	back	girl
5690	8138	NP	NN	NN	back	hair	back	hair
5691	8138	NP	NN	NNS	back	piercings	back	piercing
5692	8138	NP	NN	NN	back	ear	back	ear
5693	8138	NP	NN	NN	back	tattoo	back	tattoo
5694	8138	NP	NN	n	back	red hair and eyebrows	back	red hair and eyebrow
5695	8138	NP	NN	n	back	several piercings	back	several piercing
5696	8138	NP	NN	n	back	tattoo on the back	back	tattoo on the back
5697	8138	NP	n	NN	red hair and eyebrows	girl	red hair and eyebrow	girl
5698	8138	NP	n	NN	red hair and eyebrows	hair	red hair and eyebrow	hair
5699	8138	NP	n	NNS	red hair and eyebrows	piercings	red hair and eyebrow	piercing
5700	8138	NP	n	NN	red hair and eyebrows	ear	red hair and eyebrow	ear
5701	8138	NP	n	NN	red hair and eyebrows	tattoo	red hair and eyebrow	tattoo
5702	8138	NP	n	NN	red hair and eyebrows	back	red hair and eyebrow	back
5703	8138	NP	n	n	red hair and eyebrows	several piercings	red hair and eyebrow	several piercing
5704	8138	NP	n	n	red hair and eyebrows	tattoo on the back	red hair and eyebrow	tattoo on the back
5705	8138	NP	n	NN	several piercings	girl	several piercing	girl
5706	8138	NP	n	NN	several piercings	hair	several piercing	hair
5707	8138	NP	n	NNS	several piercings	piercings	several piercing	piercing
5708	8138	NP	n	NN	several piercings	ear	several piercing	ear
5709	8138	NP	n	NN	several piercings	tattoo	several piercing	tattoo
5710	8138	NP	n	NN	several piercings	back	several piercing	back
5711	8138	NP	n	n	several piercings	red hair and eyebrows	several piercing	red hair and eyebrow
5712	8138	NP	n	n	several piercings	tattoo on the back	several piercing	tattoo on the back
5713	8138	NP	n	NN	drawing on the back	girl	drawing on the back	girl
5714	8138	NP	n	NN	drawing on the back	hair	drawing on the back	hair
5715	8138	NP	n	NNS	drawing on the back	piercings	drawing on the back	piercing
5716	8138	NP	n	NN	drawing on the back	ear	drawing on the back	ear
5717	8138	NP	n	NN	drawing on the back	tattoo	drawing on the back	tattoo
5718	8138	NP	n	NN	drawing on the back	back	drawing on the back	back
5719	8138	NP	n	n	drawing on the back	red hair and eyebrows	drawing on the back	red hair and eyebrow
5720	8138	NP	n	n	drawing on the back	several piercings	drawing on the back	several piercing
5721	8138	NP	n	n	drawing on the back	tattoo on the back	drawing on the back	tattoo on the back
5722	8141	NP	NN	NNS	girl	eyebrows	girl	eyebrow
5723	8141	NP	NN	NN	girl	midspeech	girl	midspeech
5724	8141	NP	NN	n	girl	red hair and red eyebrows	girl	red hair and red eyebrow
5725	8141	NP	NN	n	girl	hair and red eyebrows	girl	hair and red eyebrow
5726	8141	NP	NN	NNS	hair	eyebrows	hair	eyebrow
5727	8141	NP	NN	NN	hair	midspeech	hair	midspeech
5728	8141	NP	NN	n	hair	red hair and red eyebrows	hair	red hair and red eyebrow
5729	8141	NP	NN	n	hair	hair and red eyebrows	hair	hair and red eyebrow
5730	8141	NP	NNS	NNS	piercings	eyebrows	piercing	eyebrow
5731	8141	NP	NNS	NN	piercings	midspeech	piercing	midspeech
5732	8141	NP	NNS	n	piercings	red hair and red eyebrows	piercing	red hair and red eyebrow
5733	8141	NP	NNS	n	piercings	hair and red eyebrows	piercing	hair and red eyebrow
5734	8141	NP	NN	NNS	ear	eyebrows	ear	eyebrow
5735	8141	NP	NN	NN	ear	midspeech	ear	midspeech
5736	8141	NP	NN	n	ear	red hair and red eyebrows	ear	red hair and red eyebrow
5737	8141	NP	NN	n	ear	hair and red eyebrows	ear	hair and red eyebrow
5738	8141	NP	NN	NN	tattoo	girl	tattoo	girl
5739	8141	NP	NN	NN	tattoo	hair	tattoo	hair
5740	8141	NP	NN	NNS	tattoo	eyebrows	tattoo	eyebrow
5741	8141	NP	NN	NN	tattoo	midspeech	tattoo	midspeech
5742	8141	NP	NN	n	tattoo	red hair and red eyebrows	tattoo	red hair and red eyebrow
5743	8141	NP	NN	n	tattoo	hair and red eyebrows	tattoo	hair and red eyebrow
5744	8141	NP	NN	NNS	back	eyebrows	back	eyebrow
5745	8141	NP	NN	NN	back	midspeech	back	midspeech
5746	8141	NP	NN	n	back	red hair and red eyebrows	back	red hair and red eyebrow
5747	8141	NP	NN	n	back	hair and red eyebrows	back	hair and red eyebrow
5748	8141	NP	n	NNS	red hair and eyebrows	eyebrows	red hair and eyebrow	eyebrow
5749	8141	NP	n	NN	red hair and eyebrows	midspeech	red hair and eyebrow	midspeech
5750	8141	NP	n	n	red hair and eyebrows	red hair and red eyebrows	red hair and eyebrow	red hair and red eyebrow
5751	8141	NP	n	n	red hair and eyebrows	hair and red eyebrows	red hair and eyebrow	hair and red eyebrow
5752	8141	NP	n	NNS	several piercings	eyebrows	several piercing	eyebrow
5753	8141	NP	n	NN	several piercings	midspeech	several piercing	midspeech
5754	8141	NP	n	n	several piercings	red hair and red eyebrows	several piercing	red hair and red eyebrow
5755	8141	NP	n	n	several piercings	hair and red eyebrows	several piercing	hair and red eyebrow
5756	8141	NP	n	NN	tattoo on the back	girl	tattoo on the back	girl
5757	8141	NP	n	NN	tattoo on the back	hair	tattoo on the back	hair
5758	8141	NP	n	NNS	tattoo on the back	eyebrows	tattoo on the back	eyebrow
5759	8141	NP	n	NN	tattoo on the back	midspeech	tattoo on the back	midspeech
5760	8141	NP	n	n	tattoo on the back	red hair and red eyebrows	tattoo on the back	red hair and red eyebrow
5761	8141	NP	n	n	tattoo on the back	hair and red eyebrows	tattoo on the back	hair and red eyebrow
5762	8163	NP	NNS	NN	people	jeep	people	jeep
5763	8163	NP	NNS	NN	people	girl	people	girl
5764	8163	NP	NNS	NN	people	top	people	top
5765	8163	NP	NNS	n	people	Two people	people	two people
5766	8163	NP	NNS	n	people	top of it	people	top of it
5767	8163	VP	VBG	VBG	driving	sitting	drive	sit
5768	8163	NP	NN	NNS	jeep	people	jeep	people
5769	8163	NP	NN	NN	jeep	girl	jeep	girl
5770	8163	NP	NN	NN	jeep	top	jeep	top
5771	8163	NP	NN	n	jeep	Two people	jeep	two people
5772	8163	NP	NN	n	jeep	top of it	jeep	top of it
5773	8163	NP	NN	NNS	lady	people	lady	people
5774	8163	NP	NN	NN	lady	jeep	lady	jeep
5775	8163	NP	NN	NN	lady	top	lady	top
5776	8163	NP	NN	n	lady	Two people	lady	two people
5777	8163	NP	NN	n	lady	top of it	lady	top of it
5778	8163	VP	VBG	VBG	sitting	driving	sit	drive
5779	8163	NP	NN	NNS	top	people	top	people
5780	8163	NP	NN	NN	top	jeep	top	jeep
5781	8163	NP	NN	NN	top	girl	top	girl
5782	8163	NP	NN	n	top	Two people	top	two people
5783	8163	NP	NN	n	top	top of it	top	top of it
5784	8163	NP	n	NNS	Two people	people	two people	people
5785	8163	NP	n	NN	Two people	jeep	two people	jeep
5786	8163	NP	n	NN	Two people	girl	two people	girl
5787	8163	NP	n	NN	Two people	top	two people	top
5788	8163	NP	n	n	Two people	top of it	two people	top of it
5789	8163	NP	n	NNS	top of it	people	top of it	people
5790	8163	NP	n	NN	top of it	jeep	top of it	jeep
5791	8163	NP	n	NN	top of it	girl	top of it	girl
5792	8163	NP	n	NN	top of it	top	top of it	top
5793	8163	NP	n	n	top of it	Two people	top of it	two people
5794	8193	NP	NNS	NNS	adults	children	adult	child
5795	8193	NP	NNS	NN	adults	seating	adult	seating
5796	8193	NP	NNS	NN	adults	arrangement	adult	arrangement
5797	8193	NP	NNS	n	adults	adults and children	adult	adult and child
5798	8193	NP	NNS	n	adults	outdoor seating arrangement	adult	outdoor seating arrangement
5799	8193	NP	NNS	NNS	children	adults	child	adult
5800	8193	NP	NNS	NN	children	seating	child	seating
5801	8193	NP	NNS	NN	children	arrangement	child	arrangement
5802	8193	NP	NNS	n	children	adults and children	child	adult and child
5803	8193	NP	NNS	n	children	outdoor seating arrangement	child	outdoor seating arrangement
5804	8193	NP	NN	NNS	seating	adults	seating	adult
5805	8193	NP	NN	NNS	seating	children	seating	child
5806	8193	NP	NN	NN	seating	arrangement	seating	arrangement
5807	8193	NP	NN	n	seating	adults and children	seating	adult and child
5808	8193	NP	NN	n	seating	outdoor seating arrangement	seating	outdoor seating arrangement
5809	8193	NP	NN	NNS	arrangement	adults	arrangement	adult
5810	8193	NP	NN	NNS	arrangement	children	arrangement	child
5811	8193	NP	NN	NN	arrangement	seating	arrangement	seating
5812	8193	NP	NN	n	arrangement	adults and children	arrangement	adult and child
5813	8193	NP	NN	n	arrangement	outdoor seating arrangement	arrangement	outdoor seating arrangement
5814	8193	NP	n	NNS	adults and children	adults	adult and child	adult
5815	8193	NP	n	NNS	adults and children	children	adult and child	child
5816	8193	NP	n	NN	adults and children	seating	adult and child	seating
5817	8193	NP	n	NN	adults and children	arrangement	adult and child	arrangement
5818	8193	NP	n	n	adults and children	outdoor seating arrangement	adult and child	outdoor seating arrangement
5819	8193	NP	n	NNS	outdoor seating arrangement	adults	outdoor seating arrangement	adult
5820	8193	NP	n	NNS	outdoor seating arrangement	children	outdoor seating arrangement	child
5821	8193	NP	n	NN	outdoor seating arrangement	seating	outdoor seating arrangement	seating
5822	8193	NP	n	NN	outdoor seating arrangement	arrangement	outdoor seating arrangement	arrangement
5823	8193	NP	n	n	outdoor seating arrangement	adults and children	outdoor seating arrangement	adult and child
5824	8212	NP	NN	NN	girl	group	girl	group
5825	8212	NP	NN	NNS	girl	beads	girl	bead
5826	8212	NP	NN	n	girl	black shirt	girl	black shirt
5827	8212	NP	NN	n	girl	pink beads	girl	pink bead
5828	8212	VP	VBN	VBG	colored	wearing	color	wear
5829	8212	VP	VBN	VB	colored	pink	color	pink
5830	8212	NP	NNS	NN	patches	girl	patch	girl
5831	8212	NP	NNS	NN	patches	group	patch	group
5832	8212	NP	NNS	NN	patches	shirt	patch	shirt
5833	8212	NP	NNS	NNS	patches	beads	patch	bead
5834	8212	NP	NNS	n	patches	black shirt	patch	black shirt
5835	8212	NP	NNS	n	patches	pink beads	patch	pink bead
5836	8212	NP	NNS	NN	cheeks	girl	cheek	girl
5837	8212	NP	NNS	NN	cheeks	group	cheek	group
5838	8212	NP	NNS	NN	cheeks	shirt	cheek	shirt
5839	8212	NP	NNS	NNS	cheeks	beads	cheek	bead
5840	8212	NP	NNS	n	cheeks	black shirt	cheek	black shirt
5841	8212	NP	NNS	n	cheeks	pink beads	cheek	pink bead
5842	8212	phrasal_IN	pp	pp	on the cheeks	in a group	on the cheek	in a group
5843	8220	NP	NNS	n	dogs	high grass	dog	high grass
5844	8220	NP	NN	NN	water	grass	water	grass
5845	8220	NP	NN	n	water	Two dogs	water	two dog
5846	8220	NP	NN	n	water	high grass	water	high grass
5847	8220	NP	n	n	Two dogs	high grass	two dog	high grass
5848	8220	phrasal_IN	(s:dcl\np)\(s:dcl\np)	(s:dcl\np)\(s:dcl\np)	through water	through high grass	through water	through high grass
5849	8263	NP	NNS	NNS	people	vehicles	people	vehicle
5850	8263	NP	NNS	NN	people	street	people	street
5851	8263	NP	NNS	n	people	people and vehicles	people	people and vehicle
5852	8263	NP	NNS	n	people	almost empty street	people	almost empty street
5853	8263	NP	NNS	NNS	vehicles	people	vehicle	people
5854	8263	NP	NNS	NN	vehicles	street	vehicle	street
5855	8263	NP	NNS	n	vehicles	people and vehicles	vehicle	people and vehicle
5856	8263	NP	NNS	n	vehicles	almost empty street	vehicle	almost empty street
5857	8263	phrasal_JJ	JJ	JJ	crowded	empty	crowded	empty
5858	8263	NP	NN	NNS	street	people	street	people
5859	8263	NP	NN	NNS	street	vehicles	street	vehicle
5860	8263	NP	NN	n	street	people and vehicles	street	people and vehicle
5861	8263	NP	NN	n	street	almost empty street	street	almost empty street
5862	8263	NP	n	NNS	people and vehicles	people	people and vehicle	people
5863	8263	NP	n	NNS	people and vehicles	vehicles	people and vehicle	vehicle
5864	8263	NP	n	NN	people and vehicles	street	people and vehicle	street
5865	8263	NP	n	n	people and vehicles	almost empty street	people and vehicle	almost empty street
5866	8263	phrasal_IN	pp	pp	on a crowded street	on a almost empty street	on a crowded street	on a almost empty street
5867	8263	NP	n	NNS	crowded street	people	crowded street	people
5868	8263	NP	n	NNS	crowded street	vehicles	crowded street	vehicle
5869	8263	NP	n	NN	crowded street	street	crowded street	street
5870	8263	NP	n	n	crowded street	people and vehicles	crowded street	people and vehicle
5871	8263	NP	n	n	crowded street	almost empty street	crowded street	almost empty street
5872	8313	NP	NN	NNS	girl	Children	girl	Child
5873	8313	NP	NN	NNS	girl	costumes	girl	costume
5874	8313	NP	NN	NN	girl	game	girl	game
5875	8313	NP	NN	NNS	face	Children	face	Child
5876	8313	NP	NN	NNS	face	costumes	face	costume
5877	8313	NP	NN	NN	face	game	face	game
5878	8313	VP	VBG	VBN	standing	dressed	stand	dress
5879	8313	NP	NNS	NNS	children	Children	child	Child
5880	8313	NP	NNS	NNS	children	costumes	child	costume
5881	8313	NP	NNS	NN	children	game	child	game
5882	8313	NP	n	NNS	young girl with painted face	Children	young girl with painted face	Child
5883	8313	NP	n	NNS	young girl with painted face	costumes	young girl with painted face	costume
5884	8313	NP	n	NN	young girl with painted face	game	young girl with painted face	game
5885	8313	NP	n	NNS	girl with painted face	Children	girl with painted face	Child
5886	8313	NP	n	NNS	girl with painted face	costumes	girl with painted face	costume
5887	8313	NP	n	NN	girl with painted face	game	girl with painted face	game
5888	8313	NP	n	NNS	painted face	Children	painted face	Child
5889	8313	NP	n	NNS	painted face	costumes	painted face	costume
5890	8313	NP	n	NN	painted face	game	painted face	game
5891	8313	NP	n	NNS	other children	Children	other child	Child
5892	8313	NP	n	NNS	other children	costumes	other child	costume
5893	8313	NP	n	NN	other children	game	other child	game
5894	8326	NP	NN	NNS	bmx	bikers	bmx	biker
5895	8326	NP	NN	NN	bmx	dirt	bmx	dirt
5896	8326	NP	NN	NNS	bmx	ramps	bmx	ramp
5897	8326	NP	NN	NN	bmx	front	bmx	front
5898	8326	NP	NN	NN	bmx	body	bmx	body
5899	8326	NP	NN	NN	bmx	water	bmx	water
5900	8326	NP	NN	n	bmx	Two bmx bikers	bmx	two bmx biker
5901	8326	NP	NN	n	bmx	dirt ramps	bmx	dirt ramp
5902	8326	NP	NN	n	bmx	body of water	bmx	body of water
5903	8326	NP	NN	NN	biker	bmx	biker	bmx
5904	8326	NP	NN	NNS	biker	bikers	biker	biker
5905	8326	NP	NN	NN	biker	dirt	biker	dirt
5906	8326	NP	NN	NNS	biker	ramps	biker	ramp
5907	8326	NP	NN	NN	biker	front	biker	front
5908	8326	NP	NN	NN	biker	body	biker	body
5909	8326	NP	NN	NN	biker	water	biker	water
5910	8326	NP	NN	n	biker	Two bmx bikers	biker	two bmx biker
5911	8326	NP	NN	n	biker	dirt ramps	biker	dirt ramp
5912	8326	NP	NN	n	biker	body of water	biker	body of water
5913	8326	NP	NN	NN	dirt	bmx	dirt	bmx
5914	8326	NP	NN	NNS	dirt	bikers	dirt	biker
5915	8326	NP	NN	NNS	dirt	ramps	dirt	ramp
5916	8326	NP	NN	NN	dirt	front	dirt	front
5917	8326	NP	NN	NN	dirt	body	dirt	body
5918	8326	NP	NN	NN	dirt	water	dirt	water
5919	8326	NP	NN	n	dirt	Two bmx bikers	dirt	two bmx biker
5920	8326	NP	NN	n	dirt	dirt ramps	dirt	dirt ramp
5921	8326	NP	NN	n	dirt	body of water	dirt	body of water
5922	8326	NP	NNS	NN	ramps	bmx	ramp	bmx
5923	8326	NP	NNS	NNS	ramps	bikers	ramp	biker
5924	8326	NP	NNS	NN	ramps	dirt	ramp	dirt
5925	8326	NP	NNS	NN	ramps	front	ramp	front
5926	8326	NP	NNS	NN	ramps	body	ramp	body
5927	8326	NP	NNS	NN	ramps	water	ramp	water
5928	8326	NP	NNS	n	ramps	Two bmx bikers	ramp	two bmx biker
5929	8326	NP	NNS	n	ramps	dirt ramps	ramp	dirt ramp
5930	8326	NP	NNS	n	ramps	body of water	ramp	body of water
5931	8326	NP	NN	NN	front	bmx	front	bmx
5932	8326	NP	NN	NNS	front	bikers	front	biker
5933	8326	NP	NN	NN	front	dirt	front	dirt
5934	8326	NP	NN	NNS	front	ramps	front	ramp
5935	8326	NP	NN	NN	front	body	front	body
5936	8326	NP	NN	NN	front	water	front	water
5937	8326	NP	NN	n	front	Two bmx bikers	front	two bmx biker
5938	8326	NP	NN	n	front	dirt ramps	front	dirt ramp
5939	8326	NP	NN	n	front	body of water	front	body of water
5940	8326	NP	NN	NN	body	bmx	body	bmx
5941	8326	NP	NN	NNS	body	bikers	body	biker
5942	8326	NP	NN	NN	body	dirt	body	dirt
5943	8326	NP	NN	NNS	body	ramps	body	ramp
5944	8326	NP	NN	NN	body	front	body	front
5945	8326	NP	NN	NN	body	water	body	water
5946	8326	NP	NN	n	body	Two bmx bikers	body	two bmx biker
5947	8326	NP	NN	n	body	dirt ramps	body	dirt ramp
5948	8326	NP	NN	n	body	body of water	body	body of water
5949	8326	NP	NN	NN	water	bmx	water	bmx
5950	8326	NP	NN	NNS	water	bikers	water	biker
5951	8326	NP	NN	NN	water	dirt	water	dirt
5952	8326	NP	NN	NNS	water	ramps	water	ramp
5953	8326	NP	NN	NN	water	front	water	front
5954	8326	NP	NN	NN	water	body	water	body
5955	8326	NP	NN	n	water	Two bmx bikers	water	two bmx biker
5956	8326	NP	NN	n	water	dirt ramps	water	dirt ramp
5957	8326	NP	NN	n	water	body of water	water	body of water
5958	8326	NP	n	NN	bmx biker	bmx	bmx biker	bmx
5959	8326	NP	n	NNS	bmx biker	bikers	bmx biker	biker
5960	8326	NP	n	NN	bmx biker	dirt	bmx biker	dirt
5961	8326	NP	n	NNS	bmx biker	ramps	bmx biker	ramp
5962	8326	NP	n	NN	bmx biker	front	bmx biker	front
5963	8326	NP	n	NN	bmx biker	body	bmx biker	body
5964	8326	NP	n	NN	bmx biker	water	bmx biker	water
5965	8326	NP	n	n	bmx biker	Two bmx bikers	bmx biker	two bmx biker
5966	8326	NP	n	n	bmx biker	dirt ramps	bmx biker	dirt ramp
5967	8326	NP	n	n	bmx biker	body of water	bmx biker	body of water
5968	8326	NP	n	NN	dirt ramps	bmx	dirt ramp	bmx
5969	8326	NP	n	NNS	dirt ramps	bikers	dirt ramp	biker
5970	8326	NP	n	NN	dirt ramps	dirt	dirt ramp	dirt
5971	8326	NP	n	NNS	dirt ramps	ramps	dirt ramp	ramp
5972	8326	NP	n	NN	dirt ramps	front	dirt ramp	front
5973	8326	NP	n	NN	dirt ramps	body	dirt ramp	body
5974	8326	NP	n	NN	dirt ramps	water	dirt ramp	water
5975	8326	NP	n	n	dirt ramps	Two bmx bikers	dirt ramp	two bmx biker
5976	8326	NP	n	n	dirt ramps	body of water	dirt ramp	body of water
5977	8326	NP	n	NN	body of water	bmx	body of water	bmx
5978	8326	NP	n	NNS	body of water	bikers	body of water	biker
5979	8326	NP	n	NN	body of water	dirt	body of water	dirt
5980	8326	NP	n	NNS	body of water	ramps	body of water	ramp
5981	8326	NP	n	NN	body of water	front	body of water	front
5982	8326	NP	n	NN	body of water	body	body of water	body
5983	8326	NP	n	NN	body of water	water	body of water	water
5984	8326	NP	n	n	body of water	Two bmx bikers	body of water	two bmx biker
5985	8326	NP	n	n	body of water	dirt ramps	body of water	dirt ramp
5986	8334	NP	NN	NN	man	trick	man	trick
5987	8334	NP	NN	NN	man	skateboard	man	skateboard
5988	8334	NP	NN	NN	trick	person	trick	person
5989	8334	NP	NN	NN	trick	skateboard	trick	skateboard
5990	8334	NP	NN	NN	skateboard	person	skateboard	person
5991	8334	NP	NN	NN	skateboard	trick	skateboard	trick
5992	8343	NP	NN	NN	man	motocross	man	motocross
5993	8343	NP	NN	NN	man	helmet	man	helmet
5994	8343	NP	NN	NN	man	motorcycle	man	motorcycle
5995	8343	NP	NN	n	man	person in a motocross uniform	man	person in a motocross uniform
5996	8343	NP	NN	n	man	motocross uniform	man	motocross uniform
5997	8343	NP	NN	n	man	red motorcycle	man	red motorcycle
5998	8343	NP	NN	NN	motocross	person	motocross	person
5999	8343	NP	NN	NN	motocross	uniform	motocross	uniform
6000	8343	NP	NN	NN	motocross	motorcycle	motocross	motorcycle
6001	8343	NP	NN	n	motocross	person in a motocross uniform	motocross	person in a motocross uniform
6002	8343	NP	NN	n	motocross	motocross uniform	motocross	motocross uniform
6003	8343	NP	NN	n	motocross	red motorcycle	motocross	red motorcycle
6004	8343	NP	NN	NN	uniform	person	uniform	person
6005	8343	NP	NN	NN	uniform	motocross	uniform	motocross
6006	8343	NP	NN	NN	uniform	helmet	uniform	helmet
6007	8343	NP	NN	NN	uniform	motorcycle	uniform	motorcycle
6008	8343	NP	NN	n	uniform	person in a motocross uniform	uniform	person in a motocross uniform
6009	8343	NP	NN	n	uniform	motocross uniform	uniform	motocross uniform
6010	8343	NP	NN	n	uniform	red motorcycle	uniform	red motorcycle
6011	8343	VP	VBG	VBZ	wearing	rides	wear	ride
6012	8343	NP	NN	NN	helmet	person	helmet	person
6013	8343	NP	NN	NN	helmet	motocross	helmet	motocross
6014	8343	NP	NN	NN	helmet	uniform	helmet	uniform
6015	8343	NP	NN	NN	helmet	motorcycle	helmet	motorcycle
6016	8343	NP	NN	n	helmet	person in a motocross uniform	helmet	person in a motocross uniform
6017	8343	NP	NN	n	helmet	motocross uniform	helmet	motocross uniform
6018	8343	NP	NN	n	helmet	red motorcycle	helmet	red motorcycle
6019	8343	VP	VBZ	VBG	rides	wearing	ride	wear
6020	8343	NP	NN	NN	motorcycle	motocross	motorcycle	motocross
6021	8343	NP	NN	NN	motorcycle	uniform	motorcycle	uniform
6022	8343	NP	NN	NN	motorcycle	helmet	motorcycle	helmet
6023	8343	NP	NN	n	motorcycle	person in a motocross uniform	motorcycle	person in a motocross uniform
6024	8343	NP	NN	n	motorcycle	motocross uniform	motorcycle	motocross uniform
6025	8343	NP	NN	n	motorcycle	red motorcycle	motorcycle	red motorcycle
6026	8343	NP	n	NN	man in a motocross uniform	person	man in a motocross uniform	person
6027	8343	NP	n	NN	man in a motocross uniform	motocross	man in a motocross uniform	motocross
6028	8343	NP	n	NN	man in a motocross uniform	uniform	man in a motocross uniform	uniform
6029	8343	NP	n	NN	man in a motocross uniform	helmet	man in a motocross uniform	helmet
6030	8343	NP	n	NN	man in a motocross uniform	motorcycle	man in a motocross uniform	motorcycle
6031	8343	NP	n	n	man in a motocross uniform	person in a motocross uniform	man in a motocross uniform	person in a motocross uniform
6032	8343	NP	n	n	man in a motocross uniform	motocross uniform	man in a motocross uniform	motocross uniform
6033	8343	NP	n	n	man in a motocross uniform	red motorcycle	man in a motocross uniform	red motorcycle
6034	8343	NP	n	NN	motocross uniform	person	motocross uniform	person
6035	8343	NP	n	NN	motocross uniform	motocross	motocross uniform	motocross
6036	8343	NP	n	NN	motocross uniform	uniform	motocross uniform	uniform
6037	8343	NP	n	NN	motocross uniform	helmet	motocross uniform	helmet
6038	8343	NP	n	NN	motocross uniform	motorcycle	motocross uniform	motorcycle
6039	8343	NP	n	n	motocross uniform	person in a motocross uniform	motocross uniform	person in a motocross uniform
6040	8343	NP	n	n	motocross uniform	red motorcycle	motocross uniform	red motorcycle
6041	8343	NP	n	NN	red motorcycle	person	red motorcycle	person
6042	8343	NP	n	NN	red motorcycle	motocross	red motorcycle	motocross
6043	8343	NP	n	NN	red motorcycle	uniform	red motorcycle	uniform
6044	8343	NP	n	NN	red motorcycle	helmet	red motorcycle	helmet
6045	8343	NP	n	NN	red motorcycle	motorcycle	red motorcycle	motorcycle
6046	8343	NP	n	n	red motorcycle	person in a motocross uniform	red motorcycle	person in a motocross uniform
6047	8343	NP	n	n	red motorcycle	motocross uniform	red motorcycle	motocross uniform
6048	8362	NP	NN	NN	boy	front	boy	front
6049	8362	NP	NN	NN	boy	fountain	boy	fountain
6050	8362	NP	NN	n	boy	boy in a striped shirt	boy	boy in a striped shirt
6051	8362	NP	NN	n	boy	striped shirt	boy	striped shirt
6052	8362	NP	NN	n	boy	front of a water fountain	boy	front of a water fountain
6053	8362	NP	NN	n	boy	water fountain	boy	water fountain
6054	8362	NP	NN	NN	shirt	front	shirt	front
6055	8362	NP	NN	NN	shirt	water	shirt	water
6056	8362	NP	NN	NN	shirt	fountain	shirt	fountain
6057	8362	NP	NN	n	shirt	boy in a striped shirt	shirt	boy in a striped shirt
6058	8362	NP	NN	n	shirt	striped shirt	shirt	striped shirt
6059	8362	NP	NN	n	shirt	front of a water fountain	shirt	front of a water fountain
6060	8362	NP	NN	n	shirt	water fountain	shirt	water fountain
6061	8362	NP	NN	NN	water	shirt	water	shirt
6062	8362	NP	NN	NN	water	fountain	water	fountain
6063	8362	NP	NN	n	water	boy in a striped shirt	water	boy in a striped shirt
6064	8362	NP	NN	n	water	striped shirt	water	striped shirt
6065	8362	NP	NN	n	water	front of a water fountain	water	front of a water fountain
6066	8362	NP	NN	n	water	water fountain	water	water fountain
6067	8362	NP	NN	NN	fountain	boy	fountain	boy
6068	8362	NP	NN	NN	fountain	shirt	fountain	shirt
6069	8362	NP	NN	NN	fountain	front	fountain	front
6070	8362	NP	NN	NN	fountain	water	fountain	water
6071	8362	NP	NN	n	fountain	boy in a striped shirt	fountain	boy in a striped shirt
6072	8362	NP	NN	n	fountain	striped shirt	fountain	striped shirt
6073	8362	NP	NN	n	fountain	front of a water fountain	fountain	front of a water fountain
6074	8362	NP	NN	n	fountain	water fountain	fountain	water fountain
6075	8362	NP	n	NN	boy in a striped shirt	boy	boy in a striped shirt	boy
6076	8362	NP	n	NN	boy in a striped shirt	shirt	boy in a striped shirt	shirt
6077	8362	NP	n	NN	boy in a striped shirt	front	boy in a striped shirt	front
6078	8362	NP	n	NN	boy in a striped shirt	water	boy in a striped shirt	water
6079	8362	NP	n	NN	boy in a striped shirt	fountain	boy in a striped shirt	fountain
6080	8362	NP	n	n	boy in a striped shirt	striped shirt	boy in a striped shirt	striped shirt
6081	8362	NP	n	n	boy in a striped shirt	front of a water fountain	boy in a striped shirt	front of a water fountain
6082	8362	NP	n	n	boy in a striped shirt	water fountain	boy in a striped shirt	water fountain
6083	8362	NP	n	NN	striped shirt	boy	striped shirt	boy
6084	8362	NP	n	NN	striped shirt	shirt	striped shirt	shirt
6085	8362	NP	n	NN	striped shirt	front	striped shirt	front
6086	8362	NP	n	NN	striped shirt	water	striped shirt	water
6087	8362	NP	n	NN	striped shirt	fountain	striped shirt	fountain
6088	8362	NP	n	n	striped shirt	boy in a striped shirt	striped shirt	boy in a striped shirt
6089	8362	NP	n	n	striped shirt	front of a water fountain	striped shirt	front of a water fountain
6090	8362	NP	n	n	striped shirt	water fountain	striped shirt	water fountain
6091	8362	NP	n	NN	water fountain	boy	water fountain	boy
6092	8362	NP	n	NN	water fountain	shirt	water fountain	shirt
6093	8362	NP	n	NN	water fountain	front	water fountain	front
6094	8362	NP	n	NN	water fountain	water	water fountain	water
6095	8362	NP	n	NN	water fountain	fountain	water fountain	fountain
6096	8362	NP	n	n	water fountain	boy in a striped shirt	water fountain	boy in a striped shirt
6097	8362	NP	n	n	water fountain	striped shirt	water fountain	striped shirt
6098	8362	NP	n	n	water fountain	front of a water fountain	water fountain	front of a water fountain
6099	8375	phrasal_JJ	JJ	JJ	large	snowy	large	snowy
6100	8375	NP	NNS	NNS	dogs	rocks	dog	rock
6101	8375	NP	NNS	n	dogs	snowy grass and rocks	dog	snowy grass and rock
6102	8375	NP	NN	NNS	light	dogs	light	dog
6103	8375	NP	NN	NN	light	grass	light	grass
6104	8375	NP	NN	NNS	light	rocks	light	rock
6105	8375	NP	NN	n	light	Two dogs	light	two dog
6106	8375	NP	NN	n	light	snowy grass and rocks	light	snowy grass and rock
6107	8375	VP	VBN	VBG	colored	leaping	color	leap
6108	8375	phrasal_JJ	JJ	JJ	dark	snowy	dark	snowy
6109	8375	VP	VBG	VBG	sleeping	leaping	sleep	leap
6110	8375	NP	NN	NNS	terrain	dogs	terrain	dog
6111	8375	NP	NN	NN	terrain	grass	terrain	grass
6112	8375	NP	NN	NNS	terrain	rocks	terrain	rock
6113	8375	NP	NN	n	terrain	Two dogs	terrain	two dog
6114	8375	NP	NN	n	terrain	snowy grass and rocks	terrain	snowy grass and rock
6115	8375	NP	n	NNS	Two large dogs	dogs	two large dog	dog
6116	8375	NP	n	NN	Two large dogs	grass	two large dog	grass
6117	8375	NP	n	NNS	Two large dogs	rocks	two large dog	rock
6118	8375	NP	n	n	Two large dogs	Two dogs	two large dog	two dog
6119	8375	NP	n	n	Two large dogs	snowy grass and rocks	two large dog	snowy grass and rock
6120	8375	NP	n	NNS	dark one	dogs	dark one	dog
6121	8375	NP	n	NN	dark one	grass	dark one	grass
6122	8375	NP	n	NNS	dark one	rocks	dark one	rock
6123	8375	NP	n	n	dark one	Two dogs	dark one	two dog
6124	8375	NP	n	n	dark one	snowy grass and rocks	dark one	snowy grass and rock
6125	8375	phrasal_IN	pp	(s:ng\np)\(s:ng\np)	on a snowy terrain	through snowy grass and rocks	on a snowy terrain	through snowy grass and rock
6126	8375	NP	n	NNS	snowy terrain	dogs	snowy terrain	dog
6127	8375	NP	n	NN	snowy terrain	grass	snowy terrain	grass
6128	8375	NP	n	NNS	snowy terrain	rocks	snowy terrain	rock
6129	8375	NP	n	n	snowy terrain	Two dogs	snowy terrain	two dog
6130	8375	NP	n	n	snowy terrain	snowy grass and rocks	snowy terrain	snowy grass and rock
6131	8383	NP	NN	NN	girl	slide	girl	slide
6132	8383	NP	NN	NN	blue	slide	blue	slide
6133	8383	VP	VBG	VBG	sliding	enjoying	slide	enjoy
6134	8383	phrasal_JJ	JJ	JJ	green	young	green	young
6135	8383	NP	NN	NN	slide	girl	slide	girl
6136	8383	NP	NN	NN	slide	blue	slide	blue
6137	8383	NP	NN	n	slide	young girl in blue	slide	young girl in blue
6138	8383	NP	NN	n	slide	girl in blue	slide	girl in blue
6139	8383	NP	n	NN	girl in blue	slide	girl in blue	slide
6140	8383	NP	n	NN	green slide	girl	green slide	girl
6141	8383	NP	n	NN	green slide	blue	green slide	blue
6142	8383	NP	n	NN	green slide	slide	green slide	slide
6143	8383	NP	n	n	green slide	young girl in blue	green slide	young girl in blue
6144	8383	NP	n	n	green slide	girl in blue	green slide	girl in blue
6145	8389	phrasal_JJ	JJ	JJ	white	next	white	next
6146	8389	phrasal_JJ	JJ	JJ	white	big	white	big
6147	8389	NP	NN	NN	man	building	man	building
6148	8389	NP	NN	NN	man	city	man	city
6149	8389	NP	NN	n	man	black man	man	black man
6150	8389	NP	NN	n	man	building in a big city	man	building in a big city
6151	8389	NP	NN	n	man	big city	man	big city
6152	8389	phrasal_JJ	JJ	JJ	next	black	next	black
6153	8389	phrasal_JJ	JJ	JJ	next	big	next	big
6154	8389	NP	NN	NN	building	man	building	man
6155	8389	NP	NN	NN	building	city	building	city
6156	8389	NP	NN	n	building	black man	building	black man
6157	8389	NP	NN	n	building	building in a big city	building	building in a big city
6158	8389	NP	NN	n	building	big city	building	big city
6159	8389	phrasal_JJ	JJ	JJ	big	black	big	black
6160	8389	phrasal_JJ	JJ	JJ	big	next	big	next
6161	8389	NP	NN	NN	city	man	city	man
6162	8389	NP	NN	NN	city	building	city	building
6163	8389	NP	NN	n	city	black man	city	black man
6164	8389	NP	NN	n	city	building in a big city	city	building in a big city
6165	8389	NP	NN	n	city	big city	city	big city
6166	8389	NP	n	NN	white man	building	white man	building
6167	8389	NP	n	NN	white man	city	white man	city
6168	8389	NP	n	n	white man	black man	white man	black man
6169	8389	NP	n	n	white man	building in a big city	white man	building in a big city
6170	8389	NP	n	n	white man	big city	white man	big city
6171	8389	NP	n	NN	building in a big city	man	building in a big city	man
6172	8389	NP	n	NN	building in a big city	building	building in a big city	building
6173	8389	NP	n	NN	building in a big city	city	building in a big city	city
6174	8389	NP	n	n	building in a big city	black man	building in a big city	black man
6175	8389	NP	n	n	building in a big city	big city	building in a big city	big city
6176	8389	NP	n	NN	big city	man	big city	man
6177	8389	NP	n	NN	big city	building	big city	building
6178	8389	NP	n	NN	big city	city	big city	city
6179	8389	NP	n	n	big city	black man	big city	black man
6180	8389	NP	n	n	big city	building in a big city	big city	building in a big city
6181	8461	NP	NN	NN	man	ground	man	ground
6182	8461	NP	NN	n	man	man with a backwards hat	man	man with a backwards hat
6183	8461	NP	NN	n	man	backwards hat	man	backwards hat
6184	8461	NP	NN	NN	hat	ground	hat	ground
6185	8461	NP	NN	n	hat	man with a backwards hat	hat	man with a backwards hat
6186	8461	NP	NN	n	hat	backwards hat	hat	backwards hat
6187	8461	NP	NN	NN	ground	man	ground	man
6188	8461	NP	NN	NN	ground	hat	ground	hat
6189	8461	NP	NN	n	ground	man with a backwards hat	ground	man with a backwards hat
6190	8461	NP	NN	n	ground	backwards hat	ground	backwards hat
6191	8461	NP	n	NN	man with no hat	man	man with no hat	man
6192	8461	NP	n	NN	man with no hat	hat	man with no hat	hat
6193	8461	NP	n	NN	man with no hat	ground	man with no hat	ground
6194	8461	NP	n	n	man with no hat	man with a backwards hat	man with no hat	man with a backwards hat
6195	8461	NP	n	n	man with no hat	backwards hat	man with no hat	backwards hat
6196	8471	NP	NN	NN	girl	sweater	girl	sweater
6197	8471	NP	NN	NN	girl	toy	girl	toy
6198	8471	NP	NN	NNS	girl	shoulders	girl	shoulder
6199	8471	NP	NN	n	girl	girl in blue sweater	girl	girl in blue sweater
6200	8471	NP	NN	n	girl	blue sweater	girl	blue sweater
6201	8471	NP	NN	n	girl	multicolor toy	girl	multicolor toy
6202	8471	NP	NN	n	girl	shoulders of a man	girl	shoulder of a man
6203	8471	NP	NN	n	girl	grey hair	girl	grey hair
6204	8471	phrasal_JJ	JJ	JJ	blue	multicolor	blue	multicolor
6205	8471	phrasal_JJ	JJ	JJ	blue	grey	blue	grey
6206	8471	NP	NN	NN	sweater	girl	sweater	girl
6207	8471	NP	NN	NN	sweater	toy	sweater	toy
6208	8471	NP	NN	NNS	sweater	shoulders	sweater	shoulder
6209	8471	NP	NN	NN	sweater	man	sweater	man
6210	8471	NP	NN	NN	sweater	hair	sweater	hair
6211	8471	NP	NN	n	sweater	girl in blue sweater	sweater	girl in blue sweater
6212	8471	NP	NN	n	sweater	blue sweater	sweater	blue sweater
6213	8471	NP	NN	n	sweater	multicolor toy	sweater	multicolor toy
6214	8471	NP	NN	n	sweater	shoulders of a man	sweater	shoulder of a man
6215	8471	NP	NN	n	sweater	grey hair	sweater	grey hair
6216	8471	VP	VBG	VBG	holding	sitting	hold	sit
6217	8471	phrasal_JJ	JJ	JJ	multicolor	blue	multicolor	blue
6218	8471	phrasal_JJ	JJ	JJ	multicolor	grey	multicolor	grey
6219	8471	NP	NN	NN	toy	sweater	toy	sweater
6220	8471	NP	NN	NNS	toy	shoulders	toy	shoulder
6221	8471	NP	NN	NN	toy	man	toy	man
6222	8471	NP	NN	NN	toy	hair	toy	hair
6223	8471	NP	NN	n	toy	girl in blue sweater	toy	girl in blue sweater
6224	8471	NP	NN	n	toy	blue sweater	toy	blue sweater
6225	8471	NP	NN	n	toy	multicolor toy	toy	multicolor toy
6226	8471	NP	NN	n	toy	shoulders of a man	toy	shoulder of a man
6227	8471	NP	NN	n	toy	grey hair	toy	grey hair
6228	8471	VP	VBG	VBG	sitting	holding	sit	hold
6229	8471	NP	NNS	NN	shoulders	girl	shoulder	girl
6230	8471	NP	NNS	NN	shoulders	sweater	shoulder	sweater
6231	8471	NP	NNS	NN	shoulders	toy	shoulder	toy
6232	8471	NP	NNS	NN	shoulders	man	shoulder	man
6233	8471	NP	NNS	NN	shoulders	hair	shoulder	hair
6234	8471	NP	NNS	n	shoulders	girl in blue sweater	shoulder	girl in blue sweater
6235	8471	NP	NNS	n	shoulders	blue sweater	shoulder	blue sweater
6236	8471	NP	NNS	n	shoulders	multicolor toy	shoulder	multicolor toy
6237	8471	NP	NNS	n	shoulders	shoulders of a man	shoulder	shoulder of a man
6238	8471	NP	NNS	n	shoulders	grey hair	shoulder	grey hair
6239	8471	phrasal_JJ	JJ	JJ	old	blue	old	blue
6240	8471	phrasal_JJ	JJ	JJ	old	multicolor	old	multicolor
6241	8471	phrasal_JJ	JJ	JJ	old	grey	old	grey
6242	8471	NP	NN	NN	man	sweater	man	sweater
6243	8471	NP	NN	NN	man	toy	man	toy
6244	8471	NP	NN	NNS	man	shoulders	man	shoulder
6245	8471	NP	NN	n	man	girl in blue sweater	man	girl in blue sweater
6246	8471	NP	NN	n	man	blue sweater	man	blue sweater
6247	8471	NP	NN	n	man	multicolor toy	man	multicolor toy
6248	8471	NP	NN	n	man	shoulders of a man	man	shoulder of a man
6249	8471	NP	NN	n	man	grey hair	man	grey hair
6250	8471	phrasal_JJ	JJ	JJ	grey	blue	grey	blue
6251	8471	phrasal_JJ	JJ	JJ	grey	multicolor	grey	multicolor
6252	8471	NP	NN	NN	hair	sweater	hair	sweater
6253	8471	NP	NN	NN	hair	toy	hair	toy
6254	8471	NP	NN	NNS	hair	shoulders	hair	shoulder
6255	8471	NP	NN	NN	hair	man	hair	man
6256	8471	NP	NN	n	hair	girl in blue sweater	hair	girl in blue sweater
6257	8471	NP	NN	n	hair	blue sweater	hair	blue sweater
6258	8471	NP	NN	n	hair	multicolor toy	hair	multicolor toy
6259	8471	NP	NN	n	hair	shoulders of a man	hair	shoulder of a man
6260	8471	NP	NN	n	hair	grey hair	hair	grey hair
6261	8471	NP	n	NN	girl in blue sweater	girl	girl in blue sweater	girl
6262	8471	NP	n	NN	girl in blue sweater	sweater	girl in blue sweater	sweater
6263	8471	NP	n	NN	girl in blue sweater	toy	girl in blue sweater	toy
6264	8471	NP	n	NNS	girl in blue sweater	shoulders	girl in blue sweater	shoulder
6265	8471	NP	n	NN	girl in blue sweater	man	girl in blue sweater	man
6266	8471	NP	n	NN	girl in blue sweater	hair	girl in blue sweater	hair
6267	8471	NP	n	n	girl in blue sweater	blue sweater	girl in blue sweater	blue sweater
6268	8471	NP	n	n	girl in blue sweater	multicolor toy	girl in blue sweater	multicolor toy
6269	8471	NP	n	n	girl in blue sweater	shoulders of a man	girl in blue sweater	shoulder of a man
6270	8471	NP	n	n	girl in blue sweater	grey hair	girl in blue sweater	grey hair
6271	8471	NP	n	NN	blue sweater	girl	blue sweater	girl
6272	8471	NP	n	NN	blue sweater	sweater	blue sweater	sweater
6273	8471	NP	n	NN	blue sweater	toy	blue sweater	toy
6274	8471	NP	n	NNS	blue sweater	shoulders	blue sweater	shoulder
6275	8471	NP	n	NN	blue sweater	man	blue sweater	man
6276	8471	NP	n	NN	blue sweater	hair	blue sweater	hair
6277	8471	NP	n	n	blue sweater	girl in blue sweater	blue sweater	girl in blue sweater
6278	8471	NP	n	n	blue sweater	multicolor toy	blue sweater	multicolor toy
6279	8471	NP	n	n	blue sweater	shoulders of a man	blue sweater	shoulder of a man
6280	8471	NP	n	n	blue sweater	grey hair	blue sweater	grey hair
6281	8471	NP	n	NN	multicolor toy	girl	multicolor toy	girl
6282	8471	NP	n	NN	multicolor toy	sweater	multicolor toy	sweater
6283	8471	NP	n	NN	multicolor toy	toy	multicolor toy	toy
6284	8471	NP	n	NNS	multicolor toy	shoulders	multicolor toy	shoulder
6285	8471	NP	n	NN	multicolor toy	man	multicolor toy	man
6286	8471	NP	n	NN	multicolor toy	hair	multicolor toy	hair
6287	8471	NP	n	n	multicolor toy	girl in blue sweater	multicolor toy	girl in blue sweater
6288	8471	NP	n	n	multicolor toy	blue sweater	multicolor toy	blue sweater
6289	8471	NP	n	n	multicolor toy	shoulders of a man	multicolor toy	shoulder of a man
6290	8471	NP	n	n	multicolor toy	grey hair	multicolor toy	grey hair
6291	8471	NP	n	NN	shoulders of an old man	girl	shoulder of an old man	girl
6292	8471	NP	n	NN	shoulders of an old man	sweater	shoulder of an old man	sweater
6293	8471	NP	n	NN	shoulders of an old man	toy	shoulder of an old man	toy
6294	8471	NP	n	NNS	shoulders of an old man	shoulders	shoulder of an old man	shoulder
6295	8471	NP	n	NN	shoulders of an old man	man	shoulder of an old man	man
6296	8471	NP	n	NN	shoulders of an old man	hair	shoulder of an old man	hair
6297	8471	NP	n	n	shoulders of an old man	girl in blue sweater	shoulder of an old man	girl in blue sweater
6298	8471	NP	n	n	shoulders of an old man	blue sweater	shoulder of an old man	blue sweater
6299	8471	NP	n	n	shoulders of an old man	multicolor toy	shoulder of an old man	multicolor toy
6300	8471	NP	n	n	shoulders of an old man	shoulders of a man	shoulder of an old man	shoulder of a man
6301	8471	NP	n	n	shoulders of an old man	grey hair	shoulder of an old man	grey hair
6302	8471	NP	n	NN	old man	girl	old man	girl
6303	8471	NP	n	NN	old man	sweater	old man	sweater
6304	8471	NP	n	NN	old man	toy	old man	toy
6305	8471	NP	n	NNS	old man	shoulders	old man	shoulder
6306	8471	NP	n	NN	old man	man	old man	man
6307	8471	NP	n	NN	old man	hair	old man	hair
6308	8471	NP	n	n	old man	girl in blue sweater	old man	girl in blue sweater
6309	8471	NP	n	n	old man	blue sweater	old man	blue sweater
6310	8471	NP	n	n	old man	multicolor toy	old man	multicolor toy
6311	8471	NP	n	n	old man	shoulders of a man	old man	shoulder of a man
6312	8471	NP	n	n	old man	grey hair	old man	grey hair
6313	8471	NP	n	NN	grey hair	girl	grey hair	girl
6314	8471	NP	n	NN	grey hair	sweater	grey hair	sweater
6315	8471	NP	n	NN	grey hair	toy	grey hair	toy
6316	8471	NP	n	NNS	grey hair	shoulders	grey hair	shoulder
6317	8471	NP	n	NN	grey hair	man	grey hair	man
6318	8471	NP	n	NN	grey hair	hair	grey hair	hair
6319	8471	NP	n	n	grey hair	girl in blue sweater	grey hair	girl in blue sweater
6320	8471	NP	n	n	grey hair	blue sweater	grey hair	blue sweater
6321	8471	NP	n	n	grey hair	multicolor toy	grey hair	multicolor toy
6322	8471	NP	n	n	grey hair	shoulders of a man	grey hair	shoulder of a man
6323	8500	NP	NN	NN	man	sea	man	sea
6324	8500	NP	NN	NN	water	person	water	person
6325	8500	NP	NN	NN	water	sea	water	sea
6326	8500	phrasal_IN	pp	pp	into the water	into the sea	into the water	into the sea
6327	8505	NP	NNS	NN	people	park	people	park
6328	8505	NP	NNS	NN	people	day	people	day
6329	8505	NP	NNS	n	people	park bench	people	park bench
6330	8505	NP	NNS	n	people	hot day	people	hot day
6331	8505	NP	NN	NN	park	bench	park	bench
6332	8505	NP	NN	NN	park	day	park	day
6333	8505	NP	NN	n	park	Two people	park	two people
6334	8505	NP	NN	n	park	park bench	park	park bench
6335	8505	NP	NN	n	park	hot day	park	hot day
6336	8505	NP	NN	NN	bench	park	bench	park
6337	8505	NP	NN	NN	bench	day	bench	day
6338	8505	NP	NN	n	bench	Two people	bench	two people
6339	8505	NP	NN	n	bench	park bench	bench	park bench
6340	8505	NP	NN	n	bench	hot day	bench	hot day
6341	8505	phrasal_JJ	JJ	JJ	sunny	hot	sunny	hot
6342	8505	NP	NN	NNS	day	people	day	people
6343	8505	NP	NN	NN	day	park	day	park
6344	8505	NP	NN	NN	day	bench	day	bench
6345	8505	NP	NN	n	day	Two people	day	two people
6346	8505	NP	NN	n	day	park bench	day	park bench
6347	8505	NP	NN	n	day	hot day	day	hot day
6348	8505	NP	n	NN	Two people	park	two people	park
6349	8505	NP	n	NN	Two people	bench	two people	bench
6350	8505	NP	n	NN	Two people	day	two people	day
6351	8505	NP	n	n	Two people	park bench	two people	park bench
6352	8505	NP	n	n	Two people	hot day	two people	hot day
6353	8505	phrasal_IN	(s:dcl\np)\(s:dcl\np)	(s:dcl\np)\(s:dcl\np)	on a park bench	on a hot day	on a park bench	on a hot day
6354	8505	NP	n	NNS	park bench	people	park bench	people
6355	8505	NP	n	NN	park bench	park	park bench	park
6356	8505	NP	n	NN	park bench	bench	park bench	bench
6357	8505	NP	n	NN	park bench	day	park bench	day
6358	8505	NP	n	n	park bench	Two people	park bench	two people
6359	8505	NP	n	n	park bench	hot day	park bench	hot day
6360	8505	phrasal_IN	(s:dcl\np)\(s:dcl\np)	(s:dcl\np)\(s:dcl\np)	on a sunny day	on a park bench	on a sunny day	on a park bench
6361	8505	phrasal_IN	(s:dcl\np)\(s:dcl\np)	(s:dcl\np)\(s:dcl\np)	on a sunny day	on a hot day	on a sunny day	on a hot day
6362	8505	NP	n	NNS	sunny day	people	sunny day	people
6363	8505	NP	n	NN	sunny day	park	sunny day	park
6364	8505	NP	n	NN	sunny day	bench	sunny day	bench
6365	8505	NP	n	NN	sunny day	day	sunny day	day
6366	8505	NP	n	n	sunny day	Two people	sunny day	two people
6367	8505	NP	n	n	sunny day	park bench	sunny day	park bench
6368	8505	NP	n	n	sunny day	hot day	sunny day	hot day
6369	8548	NP	NN	NN	child	toddler	child	toddler
6370	8548	NP	NN	NN	child	splash	child	splash
6371	8548	NP	NN	NN	child	paddling	child	paddling
6372	8548	NP	NN	n	child	blue paddling pool	child	blue paddling pool
6373	8548	VP	VBG	VBG	splashing	making	splash	make
6374	8548	NP	NN	NN	water	toddler	water	toddler
6375	8548	NP	NN	NN	water	splash	water	splash
6376	8548	NP	NN	NN	water	paddling	water	paddling
6377	8548	NP	NN	NN	water	pool	water	pool
6378	8548	NP	NN	n	water	blue paddling pool	water	blue paddling pool
6379	8548	phrasal_JJ	JJ	JJ	big	blue	big	blue
6380	8548	phrasal_JJ	JJ	JJ	red	blue	red	blue
6381	8548	NP	NN	NN	pool	toddler	pool	toddler
6382	8548	NP	NN	NN	pool	splash	pool	splash
6383	8548	NP	NN	n	pool	blue paddling pool	pool	blue paddling pool
6384	8548	phrasal_IN	(s:ng\np)\(s:ng\np)	(s:ng\np)\(s:ng\np)	in a big red pool	inside a blue paddling pool	in a big red pool	inside a blue paddling pool
6385	8548	NP	n	NN	big red pool	toddler	big red pool	toddler
6386	8548	NP	n	NN	big red pool	splash	big red pool	splash
6387	8548	NP	n	NN	big red pool	paddling	big red pool	paddling
6388	8548	NP	n	NN	big red pool	pool	big red pool	pool
6389	8548	NP	n	n	big red pool	blue paddling pool	big red pool	blue paddling pool
6390	8558	NP	NN	NN	grey	grass	grey	grass
6391	8558	NP	NN	n	grey	brown dog	grey	brown dog
6392	8558	NP	NN	n	grey	dry grass	grey	dry grass
6393	8558	phrasal_JJ	JJ	JJ	silky	brown	silky	brown
6394	8558	phrasal_JJ	JJ	JJ	silky	black	silky	black
6395	8558	phrasal_JJ	JJ	JJ	silky	dry	silky	dry
6396	8558	NP	NN	n	dog	dry grass	dog	dry grass
6397	8558	VP	VBG	VBG	lying	spotting	lie	spot
6398	8558	NP	NN	n	grass	dry grass	grass	dry grass
6399	8558	phrasal_JJ	JJ	JJ	brown	dry	brown	dry
6400	8558	VP	VBG	VBG	looking	spotting	look	spot
6401	8558	VP	VBG	VBG	looking	lying	look	lie
6402	8558	NP	n	NN	grey silky dog	dog	grey silky dog	dog
6403	8558	NP	n	NN	grey silky dog	grass	grey silky dog	grass
6404	8558	NP	n	n	grey silky dog	brown dog	grey silky dog	brown dog
6405	8558	NP	n	n	grey silky dog	dry grass	grey silky dog	dry grass
6406	8558	phrasal_IN	pp	pp	in the grass	in the dry grass	in the grass	in the dry grass
6407	8558	NP	n	NN	brown dog	grass	brown dog	grass
6408	8558	NP	n	n	brown dog	dry grass	brown dog	dry grass
6409	8576	phrasal_JJ	JJ	JJ	black	large	black	large
6410	8576	phrasal_JJ	JJ	JJ	black	small	black	small
6411	8576	phrasal_JJ	JJ	JJ	black	next	black	next
6412	8576	NP	NN	NN	dog	kitchen	dog	kitchen
6413	8576	NP	NN	NN	dog	counter	dog	counter
6414	8576	NP	NN	n	dog	large dog	dog	large dog
6415	8576	NP	NN	n	dog	small dog	dog	small dog
6416	8576	NP	NN	n	dog	kitchen counter	dog	kitchen counter
6417	8576	phrasal_JJ	JJ	JJ	small	large	small	large
6418	8576	phrasal_JJ	JJ	JJ	small	next	small	next
6419	8576	phrasal_JJ	JJ	JJ	white	large	white	large
6420	8576	phrasal_JJ	JJ	JJ	white	small	white	small
6421	8576	VP	VBG	VBG	looking	investigating	look	investigate
6422	8576	NP	NN	NN	kitchen	dog	kitchen	dog
6423	8576	NP	NN	NN	kitchen	counter	kitchen	counter
6424	8576	NP	NN	n	kitchen	large dog	kitchen	large dog
6425	8576	NP	NN	n	kitchen	small dog	kitchen	small dog
6426	8576	NP	NN	n	kitchen	kitchen counter	kitchen	kitchen counter
6427	8576	NP	NN	NN	countertop	dog	countertop	dog
6428	8576	NP	NN	NN	countertop	kitchen	countertop	kitchen
6429	8576	NP	NN	NN	countertop	counter	countertop	counter
6430	8576	NP	NN	n	countertop	large dog	countertop	large dog
6431	8576	NP	NN	n	countertop	small dog	countertop	small dog
6432	8576	NP	NN	n	countertop	kitchen counter	countertop	kitchen counter
6433	8576	NP	n	NN	black dog	kitchen	black dog	kitchen
6434	8576	NP	n	NN	black dog	counter	black dog	counter
6435	8576	NP	n	n	black dog	large dog	black dog	large dog
6436	8576	NP	n	n	black dog	small dog	black dog	small dog
6437	8576	NP	n	n	black dog	kitchen counter	black dog	kitchen counter
6438	8576	NP	n	NN	small white and black dog	dog	small white and black dog	dog
6439	8576	NP	n	NN	small white and black dog	kitchen	small white and black dog	kitchen
6440	8576	NP	n	NN	small white and black dog	counter	small white and black dog	counter
6441	8576	NP	n	n	small white and black dog	large dog	small white and black dog	large dog
6442	8576	NP	n	n	small white and black dog	small dog	small white and black dog	small dog
6443	8576	NP	n	n	small white and black dog	kitchen counter	small white and black dog	kitchen counter
6444	8576	NP	n	NN	white and black dog	dog	white and black dog	dog
6445	8576	NP	n	NN	white and black dog	kitchen	white and black dog	kitchen
6446	8576	NP	n	NN	white and black dog	counter	white and black dog	counter
6447	8576	NP	n	n	white and black dog	large dog	white and black dog	large dog
6448	8576	NP	n	n	white and black dog	small dog	white and black dog	small dog
6449	8576	NP	n	n	white and black dog	kitchen counter	white and black dog	kitchen counter
6450	8576	NP	n	NN	kitchen countertop	dog	kitchen countertop	dog
6451	8576	NP	n	NN	kitchen countertop	kitchen	kitchen countertop	kitchen
6452	8576	NP	n	NN	kitchen countertop	counter	kitchen countertop	counter
6453	8576	NP	n	n	kitchen countertop	large dog	kitchen countertop	large dog
6454	8576	NP	n	n	kitchen countertop	small dog	kitchen countertop	small dog
6455	8576	NP	n	n	kitchen countertop	kitchen counter	kitchen countertop	kitchen counter
6456	8632	NP	NN	NN	man	bay	man	bay
6457	8632	NP	NN	n	man	rock climbing	man	rock climb
6458	8632	NP	NN	NN	rock	city	rock	city
6459	8632	NP	NN	NN	rock	bay	rock	bay
6460	8632	NP	NN	NN	rock	background	rock	background
6461	8632	NP	NN	n	rock	rock climbing	rock	rock climb
6462	8632	NP	NN	NN	city	rock	city	rock
6463	8632	NP	NN	NN	city	bay	city	bay
6464	8632	NP	NN	NN	city	background	city	background
6465	8632	NP	NN	n	city	rock climbing	city	rock climb
6466	8632	NP	NN	NN	bay	man	bay	man
6467	8632	NP	NN	NN	bay	rock	bay	rock
6468	8632	NP	NN	NN	bay	city	bay	city
6469	8632	NP	NN	NN	bay	background	bay	background
6470	8632	NP	NN	n	bay	rock climbing	bay	rock climb
6471	8632	NP	NN	NN	background	rock	background	rock
6472	8632	NP	NN	NN	background	city	background	city
6473	8632	NP	NN	NN	background	bay	background	bay
6474	8632	NP	NN	n	background	rock climbing	background	rock climb
6475	8632	NP	n	NN	rock climbing	man	rock climb	man
6476	8632	NP	n	NN	rock climbing	rock	rock climb	rock
6477	8632	NP	n	NN	rock climbing	city	rock climb	city
6478	8632	NP	n	NN	rock climbing	bay	rock climb	bay
6479	8632	NP	n	NN	rock climbing	background	rock climb	background
6480	8633	NP	NN	NN	man	route	man	route
6481	8633	NP	NN	NN	rock	route	rock	route
6482	8633	VP	VBG	VBG	climbing	stopping	climb	stop
6483	8633	VP	VBG	VBG	climbing	calculating	climb	calculate
6484	8633	VP	VBG	VBG	pausing	climbing	pause	climb
6485	8633	VP	VBG	VBG	pausing	stopping	pause	stop
6486	8633	VP	VBG	VBG	pausing	calculating	pause	calculate
6487	8633	VP	VBG	VBG	calculating	climbing	calculate	climb
6488	8633	VP	VBG	VBG	calculating	stopping	calculate	stop
6489	8633	NP	NN	NN	route	man	route	man
6490	8633	NP	NN	NN	route	rock	route	rock
6491	8658	NP	NN	NN	group	carnival	group	carnival
6492	8658	NP	NNS	NN	people	carnival	people	carnival
6493	8658	VP	VBG	VBG	gathering	standing	gather	stand
6494	8658	NP	NN	NNS	stand	people	stand	people
6495	8658	NP	NN	NN	stand	carnival	stand	carnival
6496	8658	NP	n	NN	group of people	carnival	group of people	carnival
6497	8658	phrasal_IN	(s:dcl\np)\(s:dcl\np)	pp	at a stand	at a carnival	at a stand	at a carnival
6498	8658	phrasal_IN	(s:dcl\np)\(s:dcl\np)	pp	at the fair	at a carnival	at the fair	at a carnival
6499	8660	NP	NN	NNS	group	rollerbladers	group	rollerblader
6500	8660	NP	NN	NN	group	road	group	road
6501	8660	NP	NN	n	group	group of rollerbladers	group	group of rollerblader
6502	8660	NP	NNS	NN	rollerbladers	group	rollerblader	group
6503	8660	NP	NNS	NN	rollerbladers	road	rollerblader	road
6504	8660	NP	NNS	n	rollerbladers	group of rollerbladers	rollerblader	group of rollerblader
6505	8660	NP	NN	NN	street	group	street	group
6506	8660	NP	NN	NNS	street	rollerbladers	street	rollerblader
6507	8660	NP	NN	n	street	group of rollerbladers	street	group of rollerblader
6508	8660	NP	n	NN	group of rollerbladers	group	group of rollerblader	group
6509	8660	NP	n	NNS	group of rollerbladers	rollerbladers	group of rollerblader	rollerblader
6510	8660	NP	n	NN	group of rollerbladers	road	group of rollerblader	road
6511	8660	phrasal_IN	pp	(s:ng\np)\(s:ng\np)	on the street	on the road	on the street	on the road
6512	8678	NP	NN	NN	skateboarder	jump	skateboarder	jump
6513	8678	NP	NN	NN	skateboarder	ramp	skateboarder	ramp
6514	8678	NP	NN	n	skateboarder	jump off a ramp	skateboarder	jump off a ramp
6515	8678	VP	VBG	VBG	jumping	making	jump	make
6516	8678	NP	NN	NN	ramp	skateboarder	ramp	skateboarder
6517	8678	NP	NN	NN	ramp	jump	ramp	jump
6518	8678	NP	NN	n	ramp	jump off a ramp	ramp	jump off a ramp
6519	8700	phrasal_JJ	JJ	JJ	black	green	black	green
6520	8700	phrasal_JJ	JJ	JJ	orange	black	orange	black
6521	8700	phrasal_JJ	JJ	JJ	orange	yellow	orange	yellow
6522	8700	phrasal_JJ	JJ	JJ	orange	green	orange	green
6523	8700	NP	NN	NN	bird	beak	bird	beak
6524	8700	NP	NN	NN	bird	grass	bird	grass
6525	8700	NP	NN	n	bird	bird with a yellow beak	bird	bird with a yellow beak
6526	8700	NP	NN	n	bird	yellow beak	bird	yellow beak
6527	8700	NP	NN	n	bird	green grass	bird	green grass
6528	8700	NP	NN	NN	grass	bird	grass	bird
6529	8700	NP	NN	NN	grass	beak	grass	beak
6530	8700	NP	NN	n	grass	bird with a yellow beak	grass	bird with a yellow beak
6531	8700	NP	NN	n	grass	yellow beak	grass	yellow beak
6532	8700	NP	NN	n	grass	green grass	grass	green grass
6533	8700	NP	n	NN	black and orange bird	bird	black and orange bird	bird
6534	8700	NP	n	NN	black and orange bird	beak	black and orange bird	beak
6535	8700	NP	n	NN	black and orange bird	grass	black and orange bird	grass
6536	8700	NP	n	n	black and orange bird	bird with a yellow beak	black and orange bird	bird with a yellow beak
6537	8700	NP	n	n	black and orange bird	yellow beak	black and orange bird	yellow beak
6538	8700	NP	n	n	black and orange bird	green grass	black and orange bird	green grass
6539	8700	phrasal_IN	pp	pp	in the grass	in the green grass	in the grass	in the green grass
6540	8727	NP	NN	NN	group	sound	group	sound
6541	8727	NP	NN	NN	group	equipment	group	equipment
6542	8727	NP	NN	n	group	sound equipment	group	sound equipment
6543	8727	NP	NNS	NN	people	sound	people	sound
6544	8727	NP	NNS	NN	people	equipment	people	equipment
6545	8727	NP	NNS	n	people	sound equipment	people	sound equipment
6546	8727	NP	NN	NNS	sound	people	sound	people
6547	8727	NP	NN	NN	sound	equipment	sound	equipment
6548	8727	NP	NN	n	sound	sound equipment	sound	sound equipment
6549	8727	VP	VBG	VBG	mixing	looking	mix	look
6550	8727	NP	NN	NN	table	sound	table	sound
6551	8727	NP	NN	NN	table	equipment	table	equipment
6552	8727	NP	NN	n	table	sound equipment	table	sound equipment
6553	8727	NP	n	NN	group of people	sound	group of people	sound
6554	8727	NP	n	NN	group of people	equipment	group of people	equipment
6555	8727	NP	n	n	group of people	sound equipment	group of people	sound equipment
6556	8727	phrasal_IN	pp	pp	around a sound mixing table	at sound equipment	around a sound mix table	at sound equipment
6557	8727	NP	n	NNS	sound mixing table	people	sound mix table	people
6558	8727	NP	n	NN	sound mixing table	sound	sound mix table	sound
6559	8727	NP	n	NN	sound mixing table	equipment	sound mix table	equipment
6560	8727	NP	n	n	sound mixing table	sound equipment	sound mix table	sound equipment
6561	8786	NP	NN	NN	girl	rope	girl	rope
6562	8786	NP	NN	NN	girl	street	girl	street
6563	8786	NP	NN	NN	rope	girl	rope	girl
6564	8786	NP	NN	NN	rope	street	rope	street
6565	8786	NP	NN	NN	sidewalk	rope	sidewalk	rope
6566	8786	NP	NN	NN	sidewalk	street	sidewalk	street
6567	8786	NP	n	NN	rope on a sidewalk	girl	rope on a sidewalk	girl
6568	8786	NP	n	NN	rope on a sidewalk	rope	rope on a sidewalk	rope
6569	8786	NP	n	NN	rope on a sidewalk	street	rope on a sidewalk	street
6570	8792	VP	VBG	VBG	jumping	skipping	jump	skip
6571	8792	NP	NN	NN	parking	girl	parking	girl
6572	8792	NP	NN	NN	parking	rope	parking	rope
6573	8792	NP	NN	NN	parking	street	parking	street
6574	8792	NP	NN	NN	garage	girl	garage	girl
6575	8792	NP	NN	NN	garage	rope	garage	rope
6576	8792	NP	NN	NN	garage	street	garage	street
6577	8792	NP	n	NN	sidewalk near a parking garage	girl	sidewalk near a parking garage	girl
6578	8792	NP	n	NN	sidewalk near a parking garage	rope	sidewalk near a parking garage	rope
6579	8792	NP	n	NN	sidewalk near a parking garage	street	sidewalk near a parking garage	street
6580	8792	NP	n	NN	parking garage	girl	parking garage	girl
6581	8792	NP	n	NN	parking garage	rope	parking garage	rope
6582	8792	NP	n	NN	parking garage	street	parking garage	street
6583	8806	NP	NN	NN	dog	animal	dog	animal
6584	8806	NP	NN	NN	dog	body	dog	body
6585	8806	NP	NN	n	dog	body of water	dog	body of water
6586	8806	NP	NN	NN	body	animal	body	animal
6587	8806	NP	NN	NN	water	animal	water	animal
6588	8806	NP	n	NN	body of water	animal	body of water	animal
6589	8832	NP	NN	NN	woman	ledge	woman	ledge
6590	8832	NP	NN	NN	woman	balcony	woman	balcony
6591	8832	NP	NN	n	woman	ledge of a balcony	woman	ledge of a balcony
6592	8832	NP	NN	NN	ledge	man	ledge	man
6593	8832	NP	NN	NN	ledge	balcony	ledge	balcony
6594	8832	NP	NN	n	ledge	ledge of a balcony	ledge	ledge of a balcony
6595	8832	NP	NN	NN	balcony	man	balcony	man
6596	8832	NP	NN	NN	balcony	ledge	balcony	ledge
6597	8832	NP	NN	n	balcony	ledge of a balcony	balcony	ledge of a balcony
6598	8832	NP	n	NN	ledge of a balcony	man	ledge of a balcony	man
6599	8832	NP	n	NN	ledge of a balcony	ledge	ledge of a balcony	ledge
6600	8832	NP	n	NN	ledge of a balcony	balcony	ledge of a balcony	balcony
6601	8841	phrasal_JJ	JJ	JJ	small	white	small	white
6602	8841	NP	NN	NN	dog	lawn	dog	lawn
6603	8841	NP	NN	n	dog	big white dog	dog	big white dog
6604	8841	NP	NN	NN	lawn	dog	lawn	dog
6605	8841	NP	NN	n	lawn	big white dog	lawn	big white dog
6606	8841	NP	n	NN	small white dog	dog	small white dog	dog
6607	8841	NP	n	NN	small white dog	lawn	small white dog	lawn
6608	8841	NP	n	n	small white dog	big white dog	small white dog	big white dog
6609	8855	NP	NN	NN	dog	leash	dog	leash
6610	8855	NP	NN	n	dog	black dog on a leash	dog	black dog on a leash
6611	8855	NP	NN	n	dog	dog on a leash	dog	dog on a leash
6612	8855	NP	NN	NN	leash	dog	leash	dog
6613	8855	NP	NN	NN	leash	water	leash	water
6614	8855	NP	NN	n	leash	black dog on a leash	leash	black dog on a leash
6615	8855	NP	NN	n	leash	dog on a leash	leash	dog on a leash
6616	8855	NP	NN	NN	water	leash	water	leash
6617	8855	NP	NN	n	water	black dog on a leash	water	black dog on a leash
6618	8855	NP	NN	n	water	dog on a leash	water	dog on a leash
6619	8855	phrasal_IN	pp	(s:dcl\np)\(s:dcl\np)	on a leash	in the water	on a leash	in the water
6620	8855	phrasal_IN	(s:dcl\np)\(s:dcl\np)	(s:dcl\np)\(s:dcl\np)	near the water	in the water	near the water	in the water
6621	8938	NP	NN	NNS	boy	males	boy	male
6622	8938	NP	NN	NN	boy	cliff	boy	cliff
6623	8938	NP	NN	NN	boy	edge	boy	edge
6624	8938	NP	NN	n	boy	Two males	boy	two male
6625	8938	NP	NN	n	boy	cliff edge	boy	cliff edge
6626	8938	NP	NN	NNS	orange	males	orange	male
6627	8938	NP	NN	NN	orange	cliff	orange	cliff
6628	8938	NP	NN	NN	orange	edge	orange	edge
6629	8938	NP	NN	NN	orange	water	orange	water
6630	8938	NP	NN	n	orange	Two males	orange	two male
6631	8938	NP	NN	n	orange	cliff edge	orange	cliff edge
6632	8938	NP	NNS	NNS	shorts	males	shorts	male
6633	8938	NP	NNS	NN	shorts	cliff	shorts	cliff
6634	8938	NP	NNS	NN	shorts	edge	shorts	edge
6635	8938	NP	NNS	NN	shorts	water	shorts	water
6636	8938	NP	NNS	n	shorts	Two males	shorts	two male
6637	8938	NP	NNS	n	shorts	cliff edge	shorts	cliff edge
6638	8938	VP	VBG	VBG	standing	jumping	stand	jump
6639	8938	NP	NN	NNS	rock	males	rock	male
6640	8938	NP	NN	NN	rock	edge	rock	edge
6641	8938	NP	NN	NN	rock	water	rock	water
6642	8938	NP	NN	n	rock	Two males	rock	two male
6643	8938	NP	NN	n	rock	cliff edge	rock	cliff edge
6644	8938	NP	NN	NNS	cliff	males	cliff	male
6645	8938	NP	NN	NN	cliff	edge	cliff	edge
6646	8938	NP	NN	NN	cliff	water	cliff	water
6647	8938	NP	NN	n	cliff	Two males	cliff	two male
6648	8938	NP	NN	n	cliff	cliff edge	cliff	cliff edge
6649	8938	NP	NN	NNS	water	males	water	male
6650	8938	NP	NN	NN	water	cliff	water	cliff
6651	8938	NP	NN	n	water	Two males	water	two male
6652	8938	NP	NN	n	water	cliff edge	water	cliff edge
6653	8938	VP	VBG	VBG	jumping	standing	jump	stand
6654	8938	NP	n	NNS	One boy in orange shorts	males	one boy in orange shorts	male
6655	8938	NP	n	NN	One boy in orange shorts	cliff	one boy in orange shorts	cliff
6656	8938	NP	n	NN	One boy in orange shorts	edge	one boy in orange shorts	edge
6657	8938	NP	n	NN	One boy in orange shorts	water	one boy in orange shorts	water
6658	8938	NP	n	n	One boy in orange shorts	Two males	one boy in orange shorts	two male
6659	8938	NP	n	n	One boy in orange shorts	cliff edge	one boy in orange shorts	cliff edge
6660	8938	NP	n	NNS	boy in orange shorts	males	boy in orange shorts	male
6661	8938	NP	n	NN	boy in orange shorts	cliff	boy in orange shorts	cliff
6662	8938	NP	n	NN	boy in orange shorts	edge	boy in orange shorts	edge
6663	8938	NP	n	NN	boy in orange shorts	water	boy in orange shorts	water
6664	8938	NP	n	n	boy in orange shorts	Two males	boy in orange shorts	two male
6665	8938	NP	n	n	boy in orange shorts	cliff edge	boy in orange shorts	cliff edge
6666	8938	NP	n	NNS	orange shorts	males	orange shorts	male
6667	8938	NP	n	NN	orange shorts	cliff	orange shorts	cliff
6668	8938	NP	n	NN	orange shorts	edge	orange shorts	edge
6669	8938	NP	n	NN	orange shorts	water	orange shorts	water
6670	8938	NP	n	n	orange shorts	Two males	orange shorts	two male
6671	8938	NP	n	n	orange shorts	cliff edge	orange shorts	cliff edge
6672	8938	phrasal_IN	pp	pp	on a rock cliff	on a cliff edge	on a rock cliff	on a cliff edge
6673	8938	phrasal_IN	pp	pp	on a rock cliff	into the water	on a rock cliff	into the water
6674	8938	NP	n	NNS	rock cliff	males	rock cliff	male
6675	8938	NP	n	NN	rock cliff	cliff	rock cliff	cliff
6676	8938	NP	n	NN	rock cliff	edge	rock cliff	edge
6677	8938	NP	n	NN	rock cliff	water	rock cliff	water
6678	8938	NP	n	n	rock cliff	Two males	rock cliff	two male
6679	8938	NP	n	n	rock cliff	cliff edge	rock cliff	cliff edge
6680	8938	phrasal_IN	(s:ng\np)\(s:ng\np)	pp	over the water	on a cliff edge	over the water	on a cliff edge
6681	8938	phrasal_IN	(s:ng\np)\(s:ng\np)	pp	over the water	into the water	over the water	into the water
6682	8938	NP	n	NNS	other boy in black shorts	males	other boy in black shorts	male
6683	8938	NP	n	NN	other boy in black shorts	cliff	other boy in black shorts	cliff
6684	8938	NP	n	NN	other boy in black shorts	edge	other boy in black shorts	edge
6685	8938	NP	n	NN	other boy in black shorts	water	other boy in black shorts	water
6686	8938	NP	n	n	other boy in black shorts	Two males	other boy in black shorts	two male
6687	8938	NP	n	n	other boy in black shorts	cliff edge	other boy in black shorts	cliff edge
6688	8938	NP	n	NNS	boy in black shorts	males	boy in black shorts	male
6689	8938	NP	n	NN	boy in black shorts	cliff	boy in black shorts	cliff
6690	8938	NP	n	NN	boy in black shorts	edge	boy in black shorts	edge
6691	8938	NP	n	NN	boy in black shorts	water	boy in black shorts	water
6692	8938	NP	n	n	boy in black shorts	Two males	boy in black shorts	two male
6693	8938	NP	n	n	boy in black shorts	cliff edge	boy in black shorts	cliff edge
6694	8938	NP	n	NNS	black shorts	males	black shorts	male
6695	8938	NP	n	NN	black shorts	cliff	black shorts	cliff
6696	8938	NP	n	NN	black shorts	edge	black shorts	edge
6697	8938	NP	n	NN	black shorts	water	black shorts	water
6698	8938	NP	n	n	black shorts	Two males	black shorts	two male
6699	8938	NP	n	n	black shorts	cliff edge	black shorts	cliff edge
6700	8938	phrasal_IN	(s:ng\np)\(s:ng\np)	pp	of it	on a cliff edge	of it	on a cliff edge
6701	8938	phrasal_IN	(s:ng\np)\(s:ng\np)	pp	of it	into the water	of it	into the water
6702	8938	phrasal_IN	pp	pp	into the water	on a cliff edge	into the water	on a cliff edge
6703	8963	NP	NN	NNS	group	adults	group	adult
6704	8963	NP	NN	NNS	group	indoors	group	indoor
6705	8963	NP	NN	n	group	group of five young adults	group	group of five young adult
6706	8963	NP	NN	n	group	five young adults	group	five young adult
6707	8963	NP	NNS	NNS	people	adults	people	adult
6708	8963	NP	NNS	NNS	people	indoors	people	indoor
6709	8963	NP	NNS	n	people	group of five young adults	people	group of five young adult
6710	8963	NP	NNS	n	people	five young adults	people	five young adult
6711	8963	VP	VBG	VBG	standing	lounging	stand	lounge
6712	8963	VP	VBG	VBG	sitting	lounging	sit	lounge
6713	8963	NP	NN	NN	sofa	group	sofa	group
6714	8963	NP	NN	NNS	sofa	adults	sofa	adult
6715	8963	NP	NN	NNS	sofa	indoors	sofa	indoor
6716	8963	NP	NN	n	sofa	group of five young adults	sofa	group of five young adult
6717	8963	NP	NN	n	sofa	five young adults	sofa	five young adult
6718	8963	NP	n	NN	small group of people	group	small group of people	group
6719	8963	NP	n	NNS	small group of people	adults	small group of people	adult
6720	8963	NP	n	NNS	small group of people	indoors	small group of people	indoor
6721	8963	NP	n	n	small group of people	group of five young adults	small group of people	group of five young adult
6722	8963	NP	n	n	small group of people	five young adults	small group of people	five young adult
6723	8963	NP	n	NNS	group of people	adults	group of people	adult
6724	8963	NP	n	NNS	group of people	indoors	group of people	indoor
6725	8963	NP	n	n	group of people	group of five young adults	group of people	group of five young adult
6726	8963	NP	n	n	group of people	five young adults	group of people	five young adult
6727	8986	NP	NN	NN	girl	suite	girl	suite
6728	8986	NP	NN	n	girl	young girl in swimming suite	girl	young girl in swimming suite
6729	8986	NP	NN	n	girl	girl in swimming suite	girl	girl in swimming suite
6730	8986	NP	NN	n	girl	swimming suite	girl	swimming suite
6731	8986	NP	NN	NN	bikini	girl	bikini	girl
6732	8986	NP	NN	NN	bikini	swimming	bikini	swimming
6733	8986	NP	NN	NN	bikini	suite	bikini	suite
6734	8986	NP	NN	NN	bikini	beach	bikini	beach
6735	8986	NP	NN	n	bikini	young girl in swimming suite	bikini	young girl in swimming suite
6736	8986	NP	NN	n	bikini	girl in swimming suite	bikini	girl in swimming suite
6737	8986	NP	NN	n	bikini	swimming suite	bikini	swimming suite
6738	8986	NP	NN	NN	beach	girl	beach	girl
6739	8986	NP	NN	NN	beach	swimming	beach	swimming
6740	8986	NP	NN	NN	beach	suite	beach	suite
6741	8986	NP	NN	n	beach	young girl in swimming suite	beach	young girl in swimming suite
6742	8986	NP	NN	n	beach	girl in swimming suite	beach	girl in swimming suite
6743	8986	NP	NN	n	beach	swimming suite	beach	swimming suite
6744	8986	NP	n	NN	young girl in a bikini	girl	young girl in a bikini	girl
6745	8986	NP	n	NN	young girl in a bikini	swimming	young girl in a bikini	swimming
6746	8986	NP	n	NN	young girl in a bikini	suite	young girl in a bikini	suite
6747	8986	NP	n	NN	young girl in a bikini	beach	young girl in a bikini	beach
6748	8986	NP	n	n	young girl in a bikini	young girl in swimming suite	young girl in a bikini	young girl in swimming suite
6749	8986	NP	n	n	young girl in a bikini	girl in swimming suite	young girl in a bikini	girl in swimming suite
6750	8986	NP	n	n	young girl in a bikini	swimming suite	young girl in a bikini	swimming suite
6751	8986	NP	n	NN	girl in a bikini	girl	girl in a bikini	girl
6752	8986	NP	n	NN	girl in a bikini	swimming	girl in a bikini	swimming
6753	8986	NP	n	NN	girl in a bikini	suite	girl in a bikini	suite
6754	8986	NP	n	NN	girl in a bikini	beach	girl in a bikini	beach
6755	8986	NP	n	n	girl in a bikini	young girl in swimming suite	girl in a bikini	young girl in swimming suite
6756	8986	NP	n	n	girl in a bikini	girl in swimming suite	girl in a bikini	girl in swimming suite
6757	8986	NP	n	n	girl in a bikini	swimming suite	girl in a bikini	swimming suite
6758	9014	phrasal_JJ	JJ	JJ	blond	dark	blond	dark
6759	9014	NP	NN	NN	child	hair	child	hair
6760	9014	NP	NN	NN	child	slide	child	slide
6761	9014	NP	NN	n	child	child with dark hair	child	child with dark hair
6762	9014	NP	NN	n	child	dark hair	child	dark hair
6763	9014	VP	VBG	VBG	going	throwing	go	throw
6764	9014	NP	NN	NN	slide	child	slide	child
6765	9014	NP	NN	NN	slide	hair	slide	hair
6766	9014	NP	NN	NNS	slide	arms	slide	arm
6767	9014	NP	NN	n	slide	child with dark hair	slide	child with dark hair
6768	9014	NP	NN	n	slide	dark hair	slide	dark hair
6769	9014	VP	VBG	VBG	throwing	going	throw	go
6770	9014	NP	NNS	NN	arms	hair	arm	hair
6771	9014	NP	NNS	NN	arms	slide	arm	slide
6772	9014	NP	NNS	n	arms	child with dark hair	arm	child with dark hair
6773	9014	NP	NNS	n	arms	dark hair	arm	dark hair
6774	9014	NP	n	NN	blond child	child	blond child	child
6775	9014	NP	n	NN	blond child	hair	blond child	hair
6776	9014	NP	n	NN	blond child	slide	blond child	slide
6777	9014	NP	n	NNS	blond child	arms	blond child	arm
6778	9014	NP	n	n	blond child	child with dark hair	blond child	child with dark hair
6779	9014	NP	n	n	blond child	dark hair	blond child	dark hair
6780	9029	NP	NNS	NN	dogs	shore	dog	shore
6781	9029	NP	NNS	n	dogs	black dog	dog	black dog
6782	9029	NP	NNS	n	dogs	rocky shore	dog	rocky shore
6783	9029	VP	VBG	VBG	playing	running	play	run
6784	9029	NP	NN	NN	forest	dog	forest	dog
6785	9029	NP	NN	NN	forest	shore	forest	shore
6786	9029	NP	NN	n	forest	brown dog	forest	brown dog
6787	9029	NP	NN	n	forest	black dog	forest	black dog
6788	9029	NP	NN	n	forest	rocky shore	forest	rocky shore
6789	9029	NP	n	NN	Two dogs	dog	two dog	dog
6790	9029	NP	n	NN	Two dogs	shore	two dog	shore
6791	9029	NP	n	n	Two dogs	brown dog	two dog	brown dog
6792	9029	NP	n	n	Two dogs	black dog	two dog	black dog
6793	9029	NP	n	n	Two dogs	rocky shore	two dog	rocky shore
6794	9029	phrasal_IN	(s:ng\np)\(s:ng\np)	(s:dcl\np)\(s:dcl\np)	in a forest	after a black dog	in a forest	after a black dog
6795	9029	phrasal_IN	(s:ng\np)\(s:ng\np)	(s:dcl\np)\(s:dcl\np)	in a forest	on a rocky shore	in a forest	on a rocky shore
6796	9036	phrasal_JJ	JJ	JJ	white	rocky	white	rocky
6797	9036	NP	NN	NN	dog	beach	dog	beach
6798	9036	NP	NN	n	dog	Two dogs	dog	two dog
6799	9036	NP	NN	n	dog	rocky beach	dog	rocky beach
6800	9036	VP	VBG	VBG	approaching	playing	approach	play
6801	9036	phrasal_JJ	JJ	JJ	golden	rocky	golden	rocky
6802	9036	NP	NN	NNS	beach	dogs	beach	dog
6803	9036	NP	NN	n	beach	Two dogs	beach	two dog
6804	9036	NP	NN	n	beach	rocky beach	beach	rocky beach
6805	9036	NP	n	NNS	white dog	dogs	white dog	dog
6806	9036	NP	n	NN	white dog	beach	white dog	beach
6807	9036	NP	n	n	white dog	Two dogs	white dog	two dog
6808	9036	NP	n	n	white dog	rocky beach	white dog	rocky beach
6809	9036	NP	n	NNS	golden dog on pebbly beach	dogs	golden dog on pebbly beach	dog
6810	9036	NP	n	NN	golden dog on pebbly beach	beach	golden dog on pebbly beach	beach
6811	9036	NP	n	n	golden dog on pebbly beach	Two dogs	golden dog on pebbly beach	two dog
6812	9036	NP	n	n	golden dog on pebbly beach	rocky beach	golden dog on pebbly beach	rocky beach
6813	9036	NP	n	NNS	dog on pebbly beach	dogs	dog on pebbly beach	dog
6814	9036	NP	n	NN	dog on pebbly beach	beach	dog on pebbly beach	beach
6815	9036	NP	n	n	dog on pebbly beach	Two dogs	dog on pebbly beach	two dog
6816	9036	NP	n	n	dog on pebbly beach	rocky beach	dog on pebbly beach	rocky beach
6817	9036	NP	n	NNS	pebbly beach	dogs	pebbly beach	dog
6818	9036	NP	n	NN	pebbly beach	beach	pebbly beach	beach
6819	9036	NP	n	n	pebbly beach	Two dogs	pebbly beach	two dog
6820	9036	NP	n	n	pebbly beach	rocky beach	pebbly beach	rocky beach
6821	9056	NP	NNS	NNS	girls	kids	girl	kid
6822	9056	NP	NNS	NNS	girls	tongues	girl	tongue
6823	9056	NP	NNS	n	girls	Two kids	girl	two kid
6824	9056	NP	NNS	n	girls	blue and green colored tongues	girl	blue and green color tongue
6825	9056	NP	NNS	n	girls	colored tongues	girl	color tongue
6826	9056	VP	VBG	VBG	wearing	sticking	wear	stick
6827	9056	VP	VBG	VBN	wearing	colored	wear	color
6828	9056	NP	NNS	NNS	hats	kids	hat	kid
6829	9056	NP	NNS	NNS	hats	tongues	hat	tongue
6830	9056	NP	NNS	n	hats	Two kids	hat	two kid
6831	9056	NP	NNS	n	hats	blue and green colored tongues	hat	blue and green color tongue
6832	9056	NP	NNS	n	hats	colored tongues	hat	color tongue
6833	9056	VP	VBG	VBN	sticking	colored	stick	color
6834	9056	VP	VBN	VBG	colored	sticking	color	stick
6835	9056	NP	NNS	NNS	tongues	kids	tongue	kid
6836	9056	NP	NNS	n	tongues	Two kids	tongue	two kid
6837	9056	NP	NNS	n	tongues	blue and green colored tongues	tongue	blue and green color tongue
6838	9056	NP	NNS	n	tongues	colored tongues	tongue	color tongue
6839	9056	NP	n	NNS	Two young girls	kids	two young girl	kid
6840	9056	NP	n	NNS	Two young girls	tongues	two young girl	tongue
6841	9056	NP	n	n	Two young girls	Two kids	two young girl	two kid
6842	9056	NP	n	n	Two young girls	blue and green colored tongues	two young girl	blue and green color tongue
6843	9056	NP	n	n	Two young girls	colored tongues	two young girl	color tongue
6844	9069	NP	NNS	NN	boys	water	boy	water
6845	9069	NP	NNS	NN	boys	beach	boy	beach
6846	9069	NP	NNS	n	boys	Two boys	boy	two boy
6847	9069	NP	NN	NNS	ocean	boys	ocean	boy
6848	9069	NP	NN	NN	ocean	water	ocean	water
6849	9069	NP	NN	NN	ocean	beach	ocean	beach
6850	9069	NP	NN	n	ocean	Two boys	ocean	two boy
6851	9069	NP	NN	n	beach	Two boys	beach	two boy
6852	9069	NP	n	NNS	Two boys	boys	two boy	boy
6853	9069	NP	n	NN	Two boys	water	two boy	water
6854	9069	NP	n	NN	Two boys	beach	two boy	beach
6855	9069	phrasal_IN	(s:ng\np)\(s:ng\np)	pp	in the ocean	in the water	in the ocean	in the water
6856	9093	phrasal_JJ	JJ	JJ	large	different	large	different
6857	9093	NP	NN	NN	man	veteran	man	veteran
6858	9093	NP	NN	NNS	man	things	man	thing
6859	9093	NP	NN	NN	man	war	man	war
6860	9093	NP	NN	n	man	war to some people	man	war to some people
6861	9093	VP	VBG	VBG	sitting	showing	sit	show
6862	9093	phrasal_JJ	JJ	JJ	military	different	military	different
6863	9093	NP	NNS	NN	accessories	veteran	accessory	veteran
6864	9093	NP	NNS	NNS	accessories	things	accessory	thing
6865	9093	NP	NNS	NN	accessories	war	accessory	war
6866	9093	NP	NNS	NNS	accessories	people	accessory	people
6867	9093	NP	NNS	n	accessories	war to some people	accessory	war to some people
6868	9093	NP	NN	NN	store	veteran	store	veteran
6869	9093	NP	NN	NNS	store	things	store	thing
6870	9093	NP	NN	NN	store	war	store	war
6871	9093	NP	NN	NNS	store	people	store	people
6872	9093	NP	NN	n	store	war to some people	store	war to some people
6873	9093	NP	n	NN	large man	veteran	large man	veteran
6874	9093	NP	n	NNS	large man	things	large man	thing
6875	9093	NP	n	NN	large man	war	large man	war
6876	9093	NP	n	NNS	large man	people	large man	people
6877	9093	NP	n	n	large man	war to some people	large man	war to some people
6878	9093	NP	n	NN	military accessories store	veteran	military accessory store	veteran
6879	9093	NP	n	NNS	military accessories store	things	military accessory store	thing
6880	9093	NP	n	NN	military accessories store	war	military accessory store	war
6881	9093	NP	n	NNS	military accessories store	people	military accessory store	people
6882	9093	NP	n	n	military accessories store	war to some people	military accessory store	war to some people
6883	9102	NP	NN	NN	dog	soccer	dog	soccer
6884	9102	NP	NN	NN	dog	head	dog	head
6885	9102	NP	NN	n	dog	grey dog	dog	grey dog
6886	9102	NP	NN	n	dog	soccer ball on its head	dog	soccer ball on its head
6887	9102	NP	NN	n	dog	ball on its head	dog	ball on its head
6888	9102	NP	NN	n	dog	grass field	dog	grass field
6889	9102	NP	NN	NN	collar	grey	collar	grey
6890	9102	NP	NN	NN	collar	dog	collar	dog
6891	9102	NP	NN	NN	collar	soccer	collar	soccer
6892	9102	NP	NN	NN	collar	ball	collar	ball
6893	9102	NP	NN	NN	collar	head	collar	head
6894	9102	NP	NN	NN	collar	grass	collar	grass
6895	9102	NP	NN	NN	collar	field	collar	field
6896	9102	NP	NN	n	collar	grey dog	collar	grey dog
6897	9102	NP	NN	n	collar	soccer ball on its head	collar	soccer ball on its head
6898	9102	NP	NN	n	collar	ball on its head	collar	ball on its head
6899	9102	NP	NN	n	collar	grass field	collar	grass field
6900	9102	VP	VBG	VBG	playing	bouncing	play	bounce
6901	9102	NP	NN	NN	ball	grey	ball	grey
6902	9102	NP	NN	NN	ball	soccer	ball	soccer
6903	9102	NP	NN	NN	ball	head	ball	head
6904	9102	NP	NN	NN	ball	grass	ball	grass
6905	9102	NP	NN	NN	ball	field	ball	field
6906	9102	NP	NN	n	ball	grey dog	ball	grey dog
6907	9102	NP	NN	n	ball	soccer ball on its head	ball	soccer ball on its head
6908	9102	NP	NN	n	ball	ball on its head	ball	ball on its head
6909	9102	NP	NN	n	ball	grass field	ball	grass field
6910	9102	NP	NN	NN	outside	grey	outside	grey
6911	9102	NP	NN	NN	outside	dog	outside	dog
6912	9102	NP	NN	NN	outside	soccer	outside	soccer
6913	9102	NP	NN	NN	outside	ball	outside	ball
6914	9102	NP	NN	NN	outside	head	outside	head
6915	9102	NP	NN	NN	outside	grass	outside	grass
6916	9102	NP	NN	NN	outside	field	outside	field
6917	9102	NP	NN	n	outside	grey dog	outside	grey dog
6918	9102	NP	NN	n	outside	soccer ball on its head	outside	soccer ball on its head
6919	9102	NP	NN	n	outside	ball on its head	outside	ball on its head
6920	9102	NP	NN	n	outside	grass field	outside	grass field
6921	9102	NP	n	NN	dog with a blue collar	grey	dog with a blue collar	grey
6922	9102	NP	n	NN	dog with a blue collar	dog	dog with a blue collar	dog
6923	9102	NP	n	NN	dog with a blue collar	soccer	dog with a blue collar	soccer
6924	9102	NP	n	NN	dog with a blue collar	ball	dog with a blue collar	ball
6925	9102	NP	n	NN	dog with a blue collar	head	dog with a blue collar	head
6926	9102	NP	n	NN	dog with a blue collar	grass	dog with a blue collar	grass
6927	9102	NP	n	NN	dog with a blue collar	field	dog with a blue collar	field
6928	9102	NP	n	n	dog with a blue collar	grey dog	dog with a blue collar	grey dog
6929	9102	NP	n	n	dog with a blue collar	soccer ball on its head	dog with a blue collar	soccer ball on its head
6930	9102	NP	n	n	dog with a blue collar	ball on its head	dog with a blue collar	ball on its head
6931	9102	NP	n	n	dog with a blue collar	grass field	dog with a blue collar	grass field
6932	9102	NP	n	NN	blue collar	grey	blue collar	grey
6933	9102	NP	n	NN	blue collar	dog	blue collar	dog
6934	9102	NP	n	NN	blue collar	soccer	blue collar	soccer
6935	9102	NP	n	NN	blue collar	ball	blue collar	ball
6936	9102	NP	n	NN	blue collar	head	blue collar	head
6937	9102	NP	n	NN	blue collar	grass	blue collar	grass
6938	9102	NP	n	NN	blue collar	field	blue collar	field
6939	9102	NP	n	n	blue collar	grey dog	blue collar	grey dog
6940	9102	NP	n	n	blue collar	soccer ball on its head	blue collar	soccer ball on its head
6941	9102	NP	n	n	blue collar	ball on its head	blue collar	ball on its head
6942	9102	NP	n	n	blue collar	grass field	blue collar	grass field
6943	9102	phrasal_IN	(s:ng\np)\(s:ng\np)	(s:ng\np)\(s:ng\np)	with the ball outside	in a grass field	with the ball outside	in a grass field
6944	9102	NP	n	NN	ball outside	grey	ball outside	grey
6945	9102	NP	n	NN	ball outside	dog	ball outside	dog
6946	9102	NP	n	NN	ball outside	soccer	ball outside	soccer
6947	9102	NP	n	NN	ball outside	ball	ball outside	ball
6948	9102	NP	n	NN	ball outside	head	ball outside	head
6949	9102	NP	n	NN	ball outside	grass	ball outside	grass
6950	9102	NP	n	NN	ball outside	field	ball outside	field
6951	9102	NP	n	n	ball outside	grey dog	ball outside	grey dog
6952	9102	NP	n	n	ball outside	soccer ball on its head	ball outside	soccer ball on its head
6953	9102	NP	n	n	ball outside	ball on its head	ball outside	ball on its head
6954	9102	NP	n	n	ball outside	grass field	ball outside	grass field
6955	9125	phrasal_JJ	JJ	JJ	young	colorful	young	colorful
6956	9125	NP	NN	NN	woman	lot	woman	lot
6957	9125	NP	NN	NN	woman	jewelry	woman	jewelry
6958	9125	NP	NN	n	woman	colorful shirt	woman	colorful shirt
6959	9125	NP	NN	n	woman	lot of jewelry	woman	lot of jewelry
6960	9125	phrasal_JJ	JJ	JJ	Indian	colorful	indian	colorful
6961	9125	NP	NN	NN	clothing	shirt	clothing	shirt
6962	9125	NP	NN	NN	clothing	lot	clothing	lot
6963	9125	NP	NN	NN	clothing	jewelry	clothing	jewelry
6964	9125	NP	NN	n	clothing	colorful shirt	clothing	colorful shirt
6965	9125	NP	NN	n	clothing	lot of jewelry	clothing	lot of jewelry
6966	9125	NP	NN	NN	henna	woman	henna	woman
6967	9125	NP	NN	NN	henna	shirt	henna	shirt
6968	9125	NP	NN	NN	henna	lot	henna	lot
6969	9125	NP	NN	NN	henna	jewelry	henna	jewelry
6970	9125	NP	NN	n	henna	colorful shirt	henna	colorful shirt
6971	9125	NP	NN	n	henna	lot of jewelry	henna	lot of jewelry
6972	9125	NP	NN	NN	hand	woman	hand	woman
6973	9125	NP	NN	NN	hand	shirt	hand	shirt
6974	9125	NP	NN	NN	hand	lot	hand	lot
6975	9125	NP	NN	NN	hand	jewelry	hand	jewelry
6976	9125	NP	NN	n	hand	colorful shirt	hand	colorful shirt
6977	9125	NP	NN	n	hand	lot of jewelry	hand	lot of jewelry
6978	9125	VP	VBG	VBG	going	wearing	go	wear
6979	9125	NP	NN	NN	paperwork	woman	paperwork	woman
6980	9125	NP	NN	NN	paperwork	shirt	paperwork	shirt
6981	9125	NP	NN	NN	paperwork	lot	paperwork	lot
6982	9125	NP	NN	NN	paperwork	jewelry	paperwork	jewelry
6983	9125	NP	NN	n	paperwork	colorful shirt	paperwork	colorful shirt
6984	9125	NP	NN	n	paperwork	lot of jewelry	paperwork	lot of jewelry
6985	9125	NP	n	NN	young woman	woman	young woman	woman
6986	9125	NP	n	NN	young woman	shirt	young woman	shirt
6987	9125	NP	n	NN	young woman	lot	young woman	lot
6988	9125	NP	n	NN	young woman	jewelry	young woman	jewelry
6989	9125	NP	n	n	young woman	colorful shirt	young woman	colorful shirt
6990	9125	NP	n	n	young woman	lot of jewelry	young woman	lot of jewelry
6991	9125	NP	n	NN	Indian clothing and henna	woman	indian clothing and henna	woman
6992	9125	NP	n	NN	Indian clothing and henna	shirt	indian clothing and henna	shirt
6993	9125	NP	n	NN	Indian clothing and henna	lot	indian clothing and henna	lot
6994	9125	NP	n	NN	Indian clothing and henna	jewelry	indian clothing and henna	jewelry
6995	9125	NP	n	n	Indian clothing and henna	colorful shirt	indian clothing and henna	colorful shirt
6996	9125	NP	n	n	Indian clothing and henna	lot of jewelry	indian clothing and henna	lot of jewelry
6997	9132	NP	NN	NN	man	jersey	man	jersey
6998	9132	NP	NN	n	man	man in a black jersey	man	man in a black jersey
6999	9132	NP	NN	n	man	black jersey	man	black jersey
7000	9132	NP	NN	NN	jersey	man	jersey	man
7001	9132	NP	NN	NN	jersey	gym	jersey	gym
7002	9132	NP	NN	n	jersey	man in a black jersey	jersey	man in a black jersey
7003	9132	NP	NN	n	jersey	black jersey	jersey	black jersey
7004	9132	NP	NN	NN	gym	man	gym	man
7005	9132	NP	NN	NN	gym	jersey	gym	jersey
7006	9132	NP	NN	n	gym	man in a black jersey	gym	man in a black jersey
7007	9132	NP	NN	n	gym	black jersey	gym	black jersey
7008	9132	NP	n	NN	man in a jersey	man	man in a jersey	man
7009	9132	NP	n	NN	man in a jersey	jersey	man in a jersey	jersey
7010	9132	NP	n	NN	man in a jersey	gym	man in a jersey	gym
7011	9132	NP	n	n	man in a jersey	man in a black jersey	man in a jersey	man in a black jersey
7012	9132	NP	n	n	man in a jersey	black jersey	man in a jersey	black jersey
7013	9136	NP	n	NN	man in a black jersey	man	man in a black jersey	man
7014	9136	NP	n	NN	man in a black jersey	gym	man in a black jersey	gym
7015	9136	NP	n	NN	man in a black jersey	jersey	man in a black jersey	jersey
7016	9136	NP	n	NN	black jersey	man	black jersey	man
7017	9136	NP	n	NN	black jersey	gym	black jersey	gym
7018	9136	NP	n	NN	black jersey	jersey	black jersey	jersey
7019	9169	phrasal_JJ	JJ	JJ	little	white	little	white
7020	9169	NP	NN	NN	brown	dog	brown	dog
7021	9169	NP	NN	NN	brown	road	brown	road
7022	9169	NP	NN	n	brown	little brown and white dog	brown	little brown and white dog
7023	9169	NP	NN	n	brown	brown and white dog	brown	brown and white dog
7024	9169	phrasal_JJ	JJ	JJ	white	little	white	little
7025	9169	NP	NN	NN	dog	brown	dog	brown
7026	9169	NP	NN	n	dog	little brown and white dog	dog	little brown and white dog
7027	9169	NP	NN	NN	sidewalk	brown	sidewalk	brown
7028	9169	NP	NN	NN	sidewalk	dog	sidewalk	dog
7029	9169	NP	NN	NN	sidewalk	road	sidewalk	road
7030	9169	NP	NN	n	sidewalk	little brown and white dog	sidewalk	little brown and white dog
7031	9169	NP	NN	n	sidewalk	brown and white dog	sidewalk	brown and white dog
7032	9169	NP	n	NN	little brown and white dog	brown	little brown and white dog	brown
7033	9169	NP	n	NN	little brown and white dog	dog	little brown and white dog	dog
7034	9169	NP	n	NN	little brown and white dog	road	little brown and white dog	road
7035	9169	NP	n	n	little brown and white dog	brown and white dog	little brown and white dog	brown and white dog
7036	9169	NP	n	NN	brown and white dog	brown	brown and white dog	brown
7037	9169	NP	n	NN	brown and white dog	road	brown and white dog	road
7038	9169	NP	n	n	brown and white dog	little brown and white dog	brown and white dog	little brown and white dog
7039	9169	phrasal_IN	pp	(s:dcl\np)\(s:dcl\np)	on the sidewalk	on the road	on the sidewalk	on the road
7040	9188	VP	VBG	VBG	turning	chasing	turn	chase
7041	9188	NP	NN	NN	grass	ball	grass	ball
7042	9188	NP	NN	n	grass	yellow dog	grass	yellow dog
7043	9188	VP	VBG	VBG	pursuing	chasing	pursue	chase
7044	9188	VP	VBG	VBG	flying	chasing	fly	chase
7045	9188	NP	NN	n	tennis	yellow dog	tennis	yellow dog
7046	9188	NP	NN	n	ball	yellow dog	ball	yellow dog
7047	9188	NP	n	NN	flying tennis ball	dog	fly tennis ball	dog
7048	9188	NP	n	NN	flying tennis ball	ball	fly tennis ball	ball
7049	9188	NP	n	n	flying tennis ball	yellow dog	fly tennis ball	yellow dog
7050	9198	NP	NN	NN	woman	lady	woman	lady
7051	9198	NP	NN	NN	woman	street	woman	street
7052	9198	NP	NN	NN	woman	school	woman	school
7053	9198	NP	NN	NNS	woman	children	woman	child
7054	9198	NP	NN	n	woman	school children	woman	school child
7055	9198	NP	NNS	NN	jeans	lady	jeans	lady
7056	9198	NP	NNS	NN	jeans	school	jeans	school
7057	9198	NP	NNS	NNS	jeans	children	jeans	child
7058	9198	NP	NNS	n	jeans	school children	jeans	school child
7059	9198	VP	VBG	VBN	standing	surrounded	stand	surround
7060	9198	NP	NN	NN	front	lady	front	lady
7061	9198	NP	NN	NN	front	street	front	street
7062	9198	NP	NN	NN	front	school	front	school
7063	9198	NP	NN	n	front	school children	front	school child
7064	9198	NP	NN	NN	group	lady	group	lady
7065	9198	NP	NN	NN	group	street	group	street
7066	9198	NP	NN	NN	group	school	group	school
7067	9198	NP	NN	NNS	group	children	group	child
7068	9198	NP	NN	n	group	school children	group	school child
7069	9198	NP	NNS	NN	children	lady	child	lady
7070	9198	NP	NNS	NN	children	street	child	street
7071	9198	NP	NNS	NN	children	school	child	school
7072	9198	NP	NNS	n	children	school children	child	school child
7073	9198	NP	NN	NN	stone	lady	stone	lady
7074	9198	NP	NN	NN	stone	street	stone	street
7075	9198	NP	NN	NN	stone	school	stone	school
7076	9198	NP	NN	NNS	stone	children	stone	child
7077	9198	NP	NN	n	stone	school children	stone	school child
7078	9198	VP	VBN	VBG	built	standing	build	stand
7079	9198	VP	VBN	VBN	built	surrounded	build	surround
7080	9198	NP	NN	NN	house	lady	house	lady
7081	9198	NP	NN	NN	house	street	house	street
7082	9198	NP	NN	NN	house	school	house	school
7083	9198	NP	NN	NNS	house	children	house	child
7084	9198	NP	NN	n	house	school children	house	school child
7085	9198	NP	n	NN	woman in blue jeans	lady	woman in blue jeans	lady
7086	9198	NP	n	NN	woman in blue jeans	street	woman in blue jeans	street
7087	9198	NP	n	NN	woman in blue jeans	school	woman in blue jeans	school
7088	9198	NP	n	NNS	woman in blue jeans	children	woman in blue jeans	child
7089	9198	NP	n	n	woman in blue jeans	school children	woman in blue jeans	school child
7090	9198	NP	n	NN	blue jeans	lady	blue jeans	lady
7091	9198	NP	n	NN	blue jeans	street	blue jeans	street
7092	9198	NP	n	NN	blue jeans	school	blue jeans	school
7093	9198	NP	n	NNS	blue jeans	children	blue jeans	child
7094	9198	NP	n	n	blue jeans	school children	blue jeans	school child
7095	9198	NP	n	NN	group of children	lady	group of child	lady
7096	9198	NP	n	NN	group of children	street	group of child	street
7097	9198	NP	n	NN	group of children	school	group of child	school
7098	9198	NP	n	NNS	group of children	children	group of child	child
7099	9198	NP	n	n	group of children	school children	group of child	school child
7100	9198	phrasal_IN	(s:ng\np)\(s:ng\np)	pp	beside a stone built house	on the street	beside a stone build house	on the street
7101	9198	phrasal_IN	(s:ng\np)\(s:ng\np)	pp	beside a stone built house	by school children	beside a stone build house	by school child
7102	9198	NP	n	NN	stone built house	lady	stone build house	lady
7103	9198	NP	n	NN	stone built house	street	stone build house	street
7104	9198	NP	n	NN	stone built house	school	stone build house	school
7105	9198	NP	n	NNS	stone built house	children	stone build house	child
7106	9198	NP	n	n	stone built house	school children	stone build house	school child
7107	9200	NP	NN	NN	lady	man	lady	man
7108	9200	NP	NN	NNS	lady	jeans	lady	jeans
7109	9200	NP	NN	NN	lady	front	lady	front
7110	9200	NP	NN	NN	lady	group	lady	group
7111	9200	NP	NN	NNS	lady	children	lady	child
7112	9200	NP	NN	NN	lady	stone	lady	stone
7113	9200	NP	NN	NN	lady	house	lady	house
7114	9200	NP	NN	n	lady	man in blue jeans	lady	man in blue jeans
7115	9200	NP	NN	n	lady	blue jeans	lady	blue jeans
7116	9200	NP	NN	n	lady	group of children	lady	group of child
7117	9200	NP	NN	n	lady	stone built house	lady	stone build house
7118	9200	VP	VBG	VBN	standing	built	stand	build
7119	9200	NP	NN	NNS	street	jeans	street	jeans
7120	9200	NP	NN	NN	street	front	street	front
7121	9200	NP	NN	NNS	street	children	street	child
7122	9200	NP	NN	NN	street	stone	street	stone
7123	9200	NP	NN	NN	street	house	street	house
7124	9200	NP	NN	n	street	man in blue jeans	street	man in blue jeans
7125	9200	NP	NN	n	street	blue jeans	street	blue jeans
7126	9200	NP	NN	n	street	group of children	street	group of child
7127	9200	NP	NN	n	street	stone built house	street	stone build house
7128	9200	VP	VBN	VBG	surrounded	standing	surround	stand
7129	9200	VP	VBN	VBN	surrounded	built	surround	build
7130	9200	NP	NN	NN	school	man	school	man
7131	9200	NP	NN	NNS	school	jeans	school	jeans
7132	9200	NP	NN	NN	school	front	school	front
7133	9200	NP	NN	NN	school	group	school	group
7134	9200	NP	NN	NNS	school	children	school	child
7135	9200	NP	NN	NN	school	stone	school	stone
7136	9200	NP	NN	NN	school	house	school	house
7137	9200	NP	NN	n	school	man in blue jeans	school	man in blue jeans
7138	9200	NP	NN	n	school	blue jeans	school	blue jeans
7139	9200	NP	NN	n	school	group of children	school	group of child
7140	9200	NP	NN	n	school	stone built house	school	stone build house
7141	9200	NP	NNS	NNS	children	jeans	child	jeans
7142	9200	NP	NNS	NN	children	front	child	front
7143	9200	NP	NNS	NN	children	group	child	group
7144	9200	NP	NNS	NN	children	stone	child	stone
7145	9200	NP	NNS	NN	children	house	child	house
7146	9200	NP	NNS	n	children	man in blue jeans	child	man in blue jeans
7147	9200	NP	NNS	n	children	blue jeans	child	blue jeans
7148	9200	NP	NNS	n	children	group of children	child	group of child
7149	9200	NP	NNS	n	children	stone built house	child	stone build house
7150	9200	phrasal_IN	pp	(s:ng\np)\(s:ng\np)	on the street	beside a stone built house	on the street	beside a stone build house
7151	9200	phrasal_IN	pp	(s:ng\np)\(s:ng\np)	by school children	beside a stone built house	by school child	beside a stone build house
7152	9200	NP	n	NN	school children	man	school child	man
7153	9200	NP	n	NNS	school children	jeans	school child	jeans
7154	9200	NP	n	NN	school children	front	school child	front
7155	9200	NP	n	NN	school children	group	school child	group
7156	9200	NP	n	NNS	school children	children	school child	child
7157	9200	NP	n	NN	school children	stone	school child	stone
7158	9200	NP	n	NN	school children	house	school child	house
7159	9200	NP	n	n	school children	man in blue jeans	school child	man in blue jeans
7160	9200	NP	n	n	school children	blue jeans	school child	blue jeans
7161	9200	NP	n	n	school children	group of children	school child	group of child
7162	9200	NP	n	n	school children	stone built house	school child	stone build house
7163	9211	NP	NN	NN	guy	air	guy	air
7164	9211	NP	NN	NN	guy	area	guy	area
7165	9211	NP	NN	n	guy	wooded area	guy	wooded area
7166	9211	NP	NN	NN	air	guy	air	guy
7167	9211	NP	NN	NN	air	area	air	area
7168	9211	NP	NN	n	air	wooded area	air	wooded area
7169	9211	NP	NN	NN	wood	guy	wood	guy
7170	9211	NP	NN	NN	wood	air	wood	air
7171	9211	NP	NN	NN	wood	area	wood	area
7172	9211	NP	NN	n	wood	wooded area	wood	wooded area
7173	9211	phrasal_IN	pp	(s:ng\np)\(s:ng\np)	into the air	in a wooded area	into the air	in a wooded area
7174	9211	phrasal_IN	(s:ng\np)\(s:ng\np)	pp	in wood	into the air	in wood	into the air
7175	9211	phrasal_IN	(s:ng\np)\(s:ng\np)	(s:ng\np)\(s:ng\np)	in wood	in a wooded area	in wood	in a wooded area
7176	9224	NP	NN	n	dog	blue and white ball	dog	blue and white ball
7177	9224	NP	NN	NN	ball	mouth	ball	mouth
7178	9224	NP	NN	n	ball	black dog	ball	black dog
7179	9224	NP	NN	n	ball	blue and white ball	ball	blue and white ball
7180	9224	phrasal_IN	pp	(s:ng\np)\(s:ng\np)	with a ball	in its mouth	with a ball	in its mouth
7181	9242	NP	NN	NN	man	wheel	man	wheel
7182	9242	NP	NN	NN	man	trunk	man	trunk
7183	9242	NP	NN	n	man	classic American car	man	classic american car
7184	9242	NP	NN	n	man	trunk open	man	trunk open
7185	9242	NP	NN	NN	blue	man	blue	man
7186	9242	NP	NN	NN	blue	wheel	blue	wheel
7187	9242	NP	NN	NN	blue	car	blue	car
7188	9242	NP	NN	NN	blue	door	blue	door
7189	9242	NP	NN	NN	blue	trunk	blue	trunk
7190	9242	NP	NN	n	blue	classic American car	blue	classic american car
7191	9242	NP	NN	n	blue	trunk open	blue	trunk open
7192	9242	VP	VBG	VBG	posing	standing	pose	stand
7193	9242	NP	NN	NN	picture	wheel	picture	wheel
7194	9242	NP	NN	NN	picture	car	picture	car
7195	9242	NP	NN	NN	picture	door	picture	door
7196	9242	NP	NN	NN	picture	trunk	picture	trunk
7197	9242	NP	NN	n	picture	classic American car	picture	classic american car
7198	9242	NP	NN	n	picture	trunk open	picture	trunk open
7199	9242	phrasal_JJ	JJ	JJ	next	classic	next	classic
7200	9242	phrasal_JJ	JJ	JJ	next	American	next	american
7201	9242	phrasal_JJ	JJ	JJ	next	open	next	open
7202	9242	NP	NN	NN	vehicle	man	vehicle	man
7203	9242	NP	NN	NN	vehicle	wheel	vehicle	wheel
7204	9242	NP	NN	NN	vehicle	car	vehicle	car
7205	9242	NP	NN	NN	vehicle	door	vehicle	door
7206	9242	NP	NN	NN	vehicle	trunk	vehicle	trunk
7207	9242	NP	NN	n	vehicle	classic American car	vehicle	classic american car
7208	9242	NP	NN	n	vehicle	trunk open	vehicle	trunk open
7209	9242	NP	n	NN	man in blue	man	man in blue	man
7210	9242	NP	n	NN	man in blue	wheel	man in blue	wheel
7211	9242	NP	n	NN	man in blue	car	man in blue	car
7212	9242	NP	n	NN	man in blue	door	man in blue	door
7213	9242	NP	n	NN	man in blue	trunk	man in blue	trunk
7214	9242	NP	n	n	man in blue	classic American car	man in blue	classic american car
7215	9242	NP	n	n	man in blue	trunk open	man in blue	trunk open
7216	9242	NP	n	NN	picture next to a vehicle	man	picture next to a vehicle	man
7217	9242	NP	n	NN	picture next to a vehicle	wheel	picture next to a vehicle	wheel
7218	9242	NP	n	NN	picture next to a vehicle	car	picture next to a vehicle	car
7219	9242	NP	n	NN	picture next to a vehicle	door	picture next to a vehicle	door
7220	9242	NP	n	NN	picture next to a vehicle	trunk	picture next to a vehicle	trunk
7221	9242	NP	n	n	picture next to a vehicle	classic American car	picture next to a vehicle	classic american car
7222	9242	NP	n	n	picture next to a vehicle	trunk open	picture next to a vehicle	trunk open
7223	9287	NP	NN	NN	man	railing	man	railing
7224	9287	NP	NN	NN	man	snow	man	snow
7225	9287	VP	VBG	VBG	skiing	snowboarding	ski	snowboard
7226	9287	NP	NN	NN	hill	man	hill	man
7227	9287	NP	NN	NN	hill	railing	hill	railing
7228	9287	NP	NN	NN	hill	snow	hill	snow
7229	9287	VP	VBG	VBG	jumping	snowboarding	jump	snowboard
7230	9287	NP	NN	NN	obstacle	man	obstacle	man
7231	9287	NP	NN	NN	obstacle	railing	obstacle	railing
7232	9287	NP	NN	NN	obstacle	snow	obstacle	snow
7233	9287	NP	n	NN	red obstacle	man	red obstacle	man
7234	9287	NP	n	NN	red obstacle	railing	red obstacle	railing
7235	9287	NP	n	NN	red obstacle	snow	red obstacle	snow
7236	9303	NP	NN	NN	skateboarder	air	skateboarder	air
7237	9303	NP	NN	NN	air	skateboarder	air	skateboarder
7238	9314	NP	NN	NNS	snowboarder	acrobatics	snowboarder	acrobatics
7239	9314	NP	NN	NN	snowboarder	snowboard	snowboarder	snowboard
7240	9314	VP	VBG	VBG	grinding	doing	grind	do
7241	9314	NP	NN	NN	concrete	person	concrete	person
7242	9314	NP	NN	NNS	concrete	acrobatics	concrete	acrobatics
7243	9314	NP	NN	NN	concrete	snowboard	concrete	snowboard
7244	9314	NP	NN	NN	rail	person	rail	person
7245	9314	NP	NN	NNS	rail	acrobatics	rail	acrobatics
7246	9314	NP	NN	NN	rail	snowboard	rail	snowboard
7247	9314	NP	n	NN	long concrete rail	person	long concrete rail	person
7248	9314	NP	n	NNS	long concrete rail	acrobatics	long concrete rail	acrobatics
7249	9314	NP	n	NN	long concrete rail	snowboard	long concrete rail	snowboard
7250	9336	NP	NN	NN	group	city	group	city
7251	9336	NP	NN	NN	group	sidewalk	group	sidewalk
7252	9336	NP	NN	NN	group	hat	group	hat
7253	9336	NP	NN	n	group	Four people	group	four people
7254	9336	NP	NN	n	group	city sidewalk	group	city sidewalk
7255	9336	NP	NN	n	group	one in the green hat	group	one in the green hat
7256	9336	NP	NN	n	group	green hat	group	green hat
7257	9336	NP	NNS	NN	people	city	people	city
7258	9336	NP	NNS	NN	people	sidewalk	people	sidewalk
7259	9336	NP	NNS	NN	people	hat	people	hat
7260	9336	NP	NNS	n	people	Four people	people	four people
7261	9336	NP	NNS	n	people	city sidewalk	people	city sidewalk
7262	9336	NP	NNS	n	people	one in the green hat	people	one in the green hat
7263	9336	NP	NNS	n	people	green hat	people	green hat
7264	9336	VP	VBG	VBG	walking	phoning	walk	phone
7265	9336	NP	NN	NN	street	city	street	city
7266	9336	NP	NN	NN	street	sidewalk	street	sidewalk
7267	9336	NP	NN	NN	street	hat	street	hat
7268	9336	NP	NN	n	street	Four people	street	four people
7269	9336	NP	NN	n	street	city sidewalk	street	city sidewalk
7270	9336	NP	NN	n	street	one in the green hat	street	one in the green hat
7271	9336	NP	NN	n	street	green hat	street	green hat
7272	9336	NP	NN	NNS	person	people	person	people
7273	9336	NP	NN	NN	person	city	person	city
7274	9336	NP	NN	NN	person	sidewalk	person	sidewalk
7275	9336	NP	NN	NN	person	hat	person	hat
7276	9336	NP	NN	n	person	Four people	person	four people
7277	9336	NP	NN	n	person	city sidewalk	person	city sidewalk
7278	9336	NP	NN	n	person	one in the green hat	person	one in the green hat
7279	9336	NP	NN	n	person	green hat	person	green hat
7280	9336	NP	NN	NNS	hat	people	hat	people
7281	9336	NP	NN	NN	hat	city	hat	city
7282	9336	NP	NN	NN	hat	sidewalk	hat	sidewalk
7283	9336	NP	NN	n	hat	Four people	hat	four people
7284	9336	NP	NN	n	hat	city sidewalk	hat	city sidewalk
7285	9336	NP	NN	n	hat	one in the green hat	hat	one in the green hat
7286	9336	NP	NN	n	hat	green hat	hat	green hat
7287	9336	NP	NN	NNS	phone	people	phone	people
7288	9336	NP	NN	NN	phone	city	phone	city
7289	9336	NP	NN	NN	phone	sidewalk	phone	sidewalk
7290	9336	NP	NN	NN	phone	hat	phone	hat
7291	9336	NP	NN	n	phone	Four people	phone	four people
7292	9336	NP	NN	n	phone	city sidewalk	phone	city sidewalk
7293	9336	NP	NN	n	phone	one in the green hat	phone	one in the green hat
7294	9336	NP	NN	n	phone	green hat	phone	green hat
7295	9336	NP	n	NN	group of people	city	group of people	city
7296	9336	NP	n	NN	group of people	sidewalk	group of people	sidewalk
7297	9336	NP	n	NN	group of people	hat	group of people	hat
7298	9336	NP	n	n	group of people	Four people	group of people	four people
7299	9336	NP	n	n	group of people	city sidewalk	group of people	city sidewalk
7300	9336	NP	n	n	group of people	one in the green hat	group of people	one in the green hat
7301	9336	NP	n	n	group of people	green hat	group of people	green hat
7302	9336	NP	n	NNS	person in a green hat	people	person in a green hat	people
7303	9336	NP	n	NN	person in a green hat	city	person in a green hat	city
7304	9336	NP	n	NN	person in a green hat	sidewalk	person in a green hat	sidewalk
7305	9336	NP	n	NN	person in a green hat	hat	person in a green hat	hat
7306	9336	NP	n	n	person in a green hat	Four people	person in a green hat	four people
7307	9336	NP	n	n	person in a green hat	city sidewalk	person in a green hat	city sidewalk
7308	9336	NP	n	n	person in a green hat	one in the green hat	person in a green hat	one in the green hat
7309	9336	NP	n	n	person in a green hat	green hat	person in a green hat	green hat
7310	9336	NP	n	NNS	green hat	people	green hat	people
7311	9336	NP	n	NN	green hat	city	green hat	city
7312	9336	NP	n	NN	green hat	sidewalk	green hat	sidewalk
7313	9336	NP	n	NN	green hat	hat	green hat	hat
7314	9336	NP	n	n	green hat	Four people	green hat	four people
7315	9336	NP	n	n	green hat	city sidewalk	green hat	city sidewalk
7316	9336	NP	n	n	green hat	one in the green hat	green hat	one in the green hat
7317	9336	phrasal_IN	pp	(s:dcl\np)\(s:dcl\np)	on the phone	along a city sidewalk	on the phone	along a city sidewalk
7318	9359	NP	NN	n	surfer	huge wave	surfer	huge wave
7319	9359	phrasal_JJ	JJ	JJ	big	huge	big	huge
7320	9359	NP	NN	n	wave	huge wave	wave	huge wave
7321	9359	NP	n	NN	big wave	surfer	big wave	surfer
7322	9359	NP	n	NN	big wave	wave	big wave	wave
7323	9359	NP	n	n	big wave	huge wave	big wave	huge wave
7324	9371	NP	NN	NN	person	jacket	person	jacket
7325	9371	NP	NN	NN	person	khaki	person	khaki
7326	9371	NP	NN	NNS	person	pants	person	pants
7327	9371	NP	NN	NN	person	state	person	state
7328	9371	NP	NN	n	person	red jacket and khaki pants	person	red jacket and khaki pants
7329	9371	NP	NN	n	person	jacket and khaki pants	person	jacket and khaki pants
7330	9371	NP	NN	n	person	European state	person	european state
7331	9371	phrasal_JJ	JJ	JJ	red	European	red	european
7332	9371	phrasal_JJ	JJ	JJ	hooded	red	hooded	red
7333	9371	phrasal_JJ	JJ	JJ	hooded	European	hooded	european
7334	9371	NP	NN	NN	jacket	man	jacket	man
7335	9371	NP	NN	NN	jacket	khaki	jacket	khaki
7336	9371	NP	NN	NNS	jacket	pants	jacket	pants
7337	9371	NP	NN	NN	jacket	state	jacket	state
7338	9371	NP	NN	n	jacket	red jacket and khaki pants	jacket	red jacket and khaki pants
7339	9371	NP	NN	n	jacket	jacket and khaki pants	jacket	jacket and khaki pants
7340	9371	NP	NN	n	jacket	European state	jacket	european state
7341	9371	phrasal_JJ	JJ	JJ	black	red	black	red
7342	9371	phrasal_JJ	JJ	JJ	black	European	black	european
7343	9371	NP	NN	NN	backpack	man	backpack	man
7344	9371	NP	NN	NN	backpack	jacket	backpack	jacket
7345	9371	NP	NN	NN	backpack	khaki	backpack	khaki
7346	9371	NP	NN	NNS	backpack	pants	backpack	pants
7347	9371	NP	NN	NN	backpack	state	backpack	state
7348	9371	NP	NN	n	backpack	red jacket and khaki pants	backpack	red jacket and khaki pants
7349	9371	NP	NN	n	backpack	jacket and khaki pants	backpack	jacket and khaki pants
7350	9371	NP	NN	n	backpack	European state	backpack	european state
7351	9371	phrasal_JJ	JJ	JJ	rocky	red	rocky	red
7352	9371	phrasal_JJ	JJ	JJ	rocky	European	rocky	european
7353	9371	NP	NN	NN	wall	man	wall	man
7354	9371	NP	NN	NN	wall	jacket	wall	jacket
7355	9371	NP	NN	NN	wall	khaki	wall	khaki
7356	9371	NP	NN	NNS	wall	pants	wall	pants
7357	9371	NP	NN	NN	wall	state	wall	state
7358	9371	NP	NN	n	wall	red jacket and khaki pants	wall	red jacket and khaki pants
7359	9371	NP	NN	n	wall	jacket and khaki pants	wall	jacket and khaki pants
7360	9371	NP	NN	n	wall	European state	wall	european state
7361	9371	NP	n	NN	red hooded jacket	man	red hooded jacket	man
7362	9371	NP	n	NN	red hooded jacket	jacket	red hooded jacket	jacket
7363	9371	NP	n	NN	red hooded jacket	khaki	red hooded jacket	khaki
7364	9371	NP	n	NNS	red hooded jacket	pants	red hooded jacket	pants
7365	9371	NP	n	NN	red hooded jacket	state	red hooded jacket	state
7366	9371	NP	n	n	red hooded jacket	red jacket and khaki pants	red hooded jacket	red jacket and khaki pants
7367	9371	NP	n	n	red hooded jacket	jacket and khaki pants	red hooded jacket	jacket and khaki pants
7368	9371	NP	n	n	red hooded jacket	European state	red hooded jacket	european state
7369	9371	NP	n	NN	black backpack	man	black backpack	man
7370	9371	NP	n	NN	black backpack	jacket	black backpack	jacket
7371	9371	NP	n	NN	black backpack	khaki	black backpack	khaki
7372	9371	NP	n	NNS	black backpack	pants	black backpack	pants
7373	9371	NP	n	NN	black backpack	state	black backpack	state
7374	9371	NP	n	n	black backpack	red jacket and khaki pants	black backpack	red jacket and khaki pants
7375	9371	NP	n	n	black backpack	jacket and khaki pants	black backpack	jacket and khaki pants
7376	9371	NP	n	n	black backpack	European state	black backpack	european state
7377	9371	phrasal_IN	(s:dcl\np)\(s:dcl\np)	pp	near a rocky wall	through an European state	near a rocky wall	through an european state
7378	9371	NP	n	NN	rocky wall	man	rocky wall	man
7379	9371	NP	n	NN	rocky wall	jacket	rocky wall	jacket
7380	9371	NP	n	NN	rocky wall	khaki	rocky wall	khaki
7381	9371	NP	n	NNS	rocky wall	pants	rocky wall	pants
7382	9371	NP	n	NN	rocky wall	state	rocky wall	state
7383	9371	NP	n	n	rocky wall	red jacket and khaki pants	rocky wall	red jacket and khaki pants
7384	9371	NP	n	n	rocky wall	jacket and khaki pants	rocky wall	jacket and khaki pants
7385	9371	NP	n	n	rocky wall	European state	rocky wall	european state
7386	9380	NP	NNS	NN	players	man	player	man
7387	9380	NP	NNS	NN	players	green	player	green
7388	9380	NP	NNS	NN	players	ball	player	ball
7389	9380	NP	NNS	n	players	man in green	player	man in green
7390	9380	NP	NNS	n	players	soccer ball	player	soccer ball
7391	9380	NP	NNS	n	players	man in purple and white	player	man in purple and white
7392	9380	VP	VBG	VBG	maneuvering	kicking	maneuver	kick
7393	9380	VP	VBG	VBG	maneuvering	rising	maneuver	rise
7394	9380	NP	NN	NN	soccer	green	soccer	green
7395	9380	NP	NN	NN	soccer	ball	soccer	ball
7396	9380	NP	NN	n	soccer	man in green	soccer	man in green
7397	9380	NP	NN	n	soccer	soccer ball	soccer	soccer ball
7398	9380	NP	NN	n	soccer	man in purple and white	soccer	man in purple and white
7399	9380	NP	NN	NN	ball	green	ball	green
7400	9380	NP	NN	n	ball	man in green	ball	man in green
7401	9380	NP	NN	n	ball	soccer ball	ball	soccer ball
7402	9380	NP	NN	n	ball	man in purple and white	ball	man in purple and white
7403	9380	NP	n	NN	soccer ball	green	soccer ball	green
7404	9380	NP	n	NN	soccer ball	soccer	soccer ball	soccer
7405	9380	NP	n	NN	soccer ball	ball	soccer ball	ball
7406	9380	NP	n	n	soccer ball	man in green	soccer ball	man in green
7407	9380	NP	n	n	soccer ball	man in purple and white	soccer ball	man in purple and white
7408	9401	NP	NN	NN	man	leather	man	leather
7409	9401	NP	NN	NNS	man	chaps	man	chap
7410	9401	NP	NN	NN	man	camera	man	camera
7411	9401	NP	NN	n	man	purple shirt	man	purple shirt
7412	9401	NP	NN	n	man	black leather chaps	man	black leather chap
7413	9401	VP	VBN	VBG	dressed	posing	dress	pose
7414	9401	NP	NN	NN	leather	man	leather	man
7415	9401	NP	NN	NN	leather	shirt	leather	shirt
7416	9401	NP	NN	NNS	leather	chaps	leather	chap
7417	9401	NP	NN	NN	leather	camera	leather	camera
7418	9401	NP	NN	n	leather	purple shirt	leather	purple shirt
7419	9401	NP	NN	n	leather	black leather chaps	leather	black leather chap
7420	9401	NP	NNS	NN	chaps	man	chap	man
7421	9401	NP	NNS	NN	chaps	shirt	chap	shirt
7422	9401	NP	NNS	NN	chaps	leather	chap	leather
7423	9401	NP	NNS	NN	chaps	camera	chap	camera
7424	9401	NP	NNS	n	chaps	purple shirt	chap	purple shirt
7425	9401	NP	NNS	n	chaps	black leather chaps	chap	black leather chap
7426	9401	phrasal_JJ	JJ	JJ	purple	black	purple	black
7427	9401	NP	NN	NN	shirt	leather	shirt	leather
7428	9401	NP	NN	NNS	shirt	chaps	shirt	chap
7429	9401	NP	NN	NN	shirt	camera	shirt	camera
7430	9401	NP	NN	n	shirt	purple shirt	shirt	purple shirt
7431	9401	NP	NN	n	shirt	black leather chaps	shirt	black leather chap
7432	9401	VP	VBG	VBG	standing	posing	stand	pose
7433	9401	NP	NN	NN	front	shirt	front	shirt
7434	9401	NP	NN	NN	front	leather	front	leather
7435	9401	NP	NN	NNS	front	chaps	front	chap
7436	9401	NP	NN	NN	front	camera	front	camera
7437	9401	NP	NN	n	front	purple shirt	front	purple shirt
7438	9401	NP	NN	n	front	black leather chaps	front	black leather chap
7439	9401	NP	NNS	NN	lookers	man	looker	man
7440	9401	NP	NNS	NN	lookers	shirt	looker	shirt
7441	9401	NP	NNS	NN	lookers	leather	looker	leather
7442	9401	NP	NNS	NNS	lookers	chaps	looker	chap
7443	9401	NP	NNS	NN	lookers	camera	looker	camera
7444	9401	NP	NNS	n	lookers	purple shirt	looker	purple shirt
7445	9401	NP	NNS	n	lookers	black leather chaps	looker	black leather chap
7446	9401	NP	n	NN	leather chaps	man	leather chap	man
7447	9401	NP	n	NN	leather chaps	shirt	leather chap	shirt
7448	9401	NP	n	NN	leather chaps	leather	leather chap	leather
7449	9401	NP	n	NNS	leather chaps	chaps	leather chap	chap
7450	9401	NP	n	NN	leather chaps	camera	leather chap	camera
7451	9401	NP	n	n	leather chaps	purple shirt	leather chap	purple shirt
7452	9401	NP	n	n	leather chaps	black leather chaps	leather chap	black leather chap
7453	9401	NP	n	NN	purple shirt	man	purple shirt	man
7454	9401	NP	n	NN	purple shirt	shirt	purple shirt	shirt
7455	9401	NP	n	NN	purple shirt	leather	purple shirt	leather
7456	9401	NP	n	NNS	purple shirt	chaps	purple shirt	chap
7457	9401	NP	n	NN	purple shirt	camera	purple shirt	camera
7458	9401	NP	n	n	purple shirt	black leather chaps	purple shirt	black leather chap
7459	9401	phrasal_IN	pp	pp	in front of someone lookers	for the camera	in front of someone looker	for the camera
7460	9401	NP	n	NN	front of someone lookers	man	front of someone looker	man
7461	9401	NP	n	NN	front of someone lookers	shirt	front of someone looker	shirt
7462	9401	NP	n	NN	front of someone lookers	leather	front of someone looker	leather
7463	9401	NP	n	NNS	front of someone lookers	chaps	front of someone looker	chap
7464	9401	NP	n	NN	front of someone lookers	camera	front of someone looker	camera
7465	9401	NP	n	n	front of someone lookers	purple shirt	front of someone looker	purple shirt
7466	9401	NP	n	n	front of someone lookers	black leather chaps	front of someone looker	black leather chap
7467	9401	NP	n	NN	someone lookers	man	someone looker	man
7468	9401	NP	n	NN	someone lookers	shirt	someone looker	shirt
7469	9401	NP	n	NN	someone lookers	leather	someone looker	leather
7470	9401	NP	n	NNS	someone lookers	chaps	someone looker	chap
7471	9401	NP	n	NN	someone lookers	camera	someone looker	camera
7472	9401	NP	n	n	someone lookers	purple shirt	someone looker	purple shirt
7473	9401	NP	n	n	someone lookers	black leather chaps	someone looker	black leather chap
7474	9424	NP	NN	NN	dog	sand	dog	sand
7475	9424	NP	NN	NN	dog	air	dog	air
7476	9424	NP	NN	NN	area	dog	area	dog
7477	9424	NP	NN	NN	area	sand	area	sand
7478	9424	NP	NN	NN	area	air	area	air
7479	9424	NP	NN	NN	sand	dog	sand	dog
7480	9424	NP	NN	NN	sand	air	sand	air
7481	9424	VP	VBN	VBG	stirred	blowing	stir	blow
7482	9424	NP	NN	NN	air	dog	air	dog
7483	9424	NP	NN	NN	air	sand	air	sand
7484	9424	NP	NNS	NN	plants	dog	plant	dog
7485	9424	NP	NNS	NN	plants	sand	plant	sand
7486	9424	NP	NNS	NN	plants	air	plant	air
7487	9424	NP	NN	NN	background	dog	background	dog
7488	9424	NP	NN	NN	background	sand	background	sand
7489	9424	NP	NN	NN	background	air	background	air
7490	9424	NP	n	NN	area with the sand	dog	area with the sand	dog
7491	9424	NP	n	NN	area with the sand	sand	area with the sand	sand
7492	9424	NP	n	NN	area with the sand	air	area with the sand	air
7493	9424	phrasal_IN	pp	pp	into the air	in the air	into the air	in the air
7494	9424	NP	n	NN	several plants	dog	several plant	dog
7495	9424	NP	n	NN	several plants	sand	several plant	sand
7496	9424	NP	n	NN	several plants	air	several plant	air
7497	9424	phrasal_IN	pp	pp	in the background	in the air	in the background	in the air
7498	9425	NP	NN	NN	dog	area	dog	area
7499	9425	NP	NN	NNS	dog	plants	dog	plant
7500	9425	NP	NN	NN	dog	background	dog	background
7501	9425	NP	NN	n	dog	area with the sand	dog	area with the sand
7502	9425	NP	NN	n	dog	several plants	dog	several plant
7503	9425	NP	NN	NN	sand	area	sand	area
7504	9425	NP	NN	NNS	sand	plants	sand	plant
7505	9425	NP	NN	NN	sand	background	sand	background
7506	9425	NP	NN	n	sand	area with the sand	sand	area with the sand
7507	9425	NP	NN	n	sand	several plants	sand	several plant
7508	9425	VP	VBG	VBN	blowing	stirred	blow	stir
7509	9425	NP	NN	NN	wind	dog	wind	dog
7510	9425	NP	NN	NN	wind	area	wind	area
7511	9425	NP	NN	NN	wind	sand	wind	sand
7512	9425	NP	NN	NN	wind	air	wind	air
7513	9425	NP	NN	NNS	wind	plants	wind	plant
7514	9425	NP	NN	NN	wind	background	wind	background
7515	9425	NP	NN	n	wind	area with the sand	wind	area with the sand
7516	9425	NP	NN	n	wind	several plants	wind	several plant
7517	9425	phrasal_IN	pp	pp	in the wind	into the air	in the wind	into the air
7518	9425	phrasal_IN	pp	pp	in the wind	in the background	in the wind	in the background
7519	9433	NP	NN	NNS	dog	outdoors	dog	outdoors
7520	9433	phrasal_JJ	JJ	JJ	green	black	green	black
7521	9433	NP	NN	NNS	yard	outdoors	yard	outdoors
7522	9433	NP	NN	n	yard	black and white dog	yard	black and white dog
7523	9433	NP	n	NN	black and white dog	dog	black and white dog	dog
7524	9433	NP	n	NNS	black and white dog	outdoors	black and white dog	outdoors
7525	9433	NP	n	NN	green yard	dog	green yard	dog
7526	9433	NP	n	NNS	green yard	outdoors	green yard	outdoors
7527	9433	NP	n	n	green yard	black and white dog	green yard	black and white dog
7528	9452	NP	NN	NN	dog	shade	dog	shade
7529	9452	NP	NN	NNS	dog	trees	dog	tree
7530	9452	NP	NN	n	dog	shade of some trees	dog	shade of some tree
7531	9452	NP	NN	NN	air	shade	air	shade
7532	9452	NP	NN	NNS	air	trees	air	tree
7533	9452	NP	NN	n	air	shade of some trees	air	shade of some tree
7534	9452	NP	NN	NN	country	dog	country	dog
7535	9452	NP	NN	NN	country	shade	country	shade
7536	9452	NP	NN	NNS	country	trees	country	tree
7537	9452	NP	NN	n	country	shade of some trees	country	shade of some tree
7538	9452	NP	n	NN	air in the country	dog	air in the country	dog
7539	9452	NP	n	NN	air in the country	shade	air in the country	shade
7540	9452	NP	n	NNS	air in the country	trees	air in the country	tree
7541	9452	NP	n	n	air in the country	shade of some trees	air in the country	shade of some tree
7542	9453	NP	NN	NN	dog	cat	dog	cat
7543	9453	NP	NN	NN	dog	country	dog	country
7544	9453	NP	NN	n	dog	air in the country	dog	air in the country
7545	9453	NP	NN	NN	shade	cat	shade	cat
7546	9453	NP	NN	NN	shade	air	shade	air
7547	9453	NP	NN	NN	shade	country	shade	country
7548	9453	NP	NN	n	shade	air in the country	shade	air in the country
7549	9453	NP	NNS	NN	trees	cat	tree	cat
7550	9453	NP	NNS	NN	trees	air	tree	air
7551	9453	NP	NNS	NN	trees	country	tree	country
7552	9453	NP	NNS	n	trees	air in the country	tree	air in the country
7553	9453	NP	n	NN	shade of some trees	cat	shade of some tree	cat
7554	9453	NP	n	NN	shade of some trees	air	shade of some tree	air
7555	9453	NP	n	NN	shade of some trees	country	shade of some tree	country
7556	9453	NP	n	n	shade of some trees	air in the country	shade of some tree	air in the country
7557	9490	NP	NN	NNS	cluster	dogs	cluster	dog
7558	9490	NP	NN	NN	cluster	area	cluster	area
7559	9490	NP	NN	n	cluster	Four dogs	cluster	four dog
7560	9490	NP	NN	n	cluster	grassy area	cluster	grassy area
7561	9490	phrasal_JJ	JJ	JJ	brown	grassy	brown	grassy
7562	9490	NP	NNS	NN	dogs	area	dog	area
7563	9490	NP	NNS	n	dogs	Four dogs	dog	four dog
7564	9490	NP	NNS	n	dogs	grassy area	dog	grassy area
7565	9490	NP	NN	NNS	field	dogs	field	dog
7566	9490	NP	NN	NN	field	area	field	area
7567	9490	NP	NN	n	field	Four dogs	field	four dog
7568	9490	NP	NN	n	field	grassy area	field	grassy area
7569	9490	NP	NN	n	grass	Four dogs	grass	four dog
7570	9490	NP	n	NNS	cluster of four brown dogs	dogs	cluster of four brown dog	dog
7571	9490	NP	n	NN	cluster of four brown dogs	area	cluster of four brown dog	area
7572	9490	NP	n	n	cluster of four brown dogs	Four dogs	cluster of four brown dog	four dog
7573	9490	NP	n	n	cluster of four brown dogs	grassy area	cluster of four brown dog	grassy area
7574	9490	NP	n	NNS	four brown dogs	dogs	four brown dog	dog
7575	9490	NP	n	NN	four brown dogs	area	four brown dog	area
7576	9490	NP	n	n	four brown dogs	Four dogs	four brown dog	four dog
7577	9490	NP	n	n	four brown dogs	grassy area	four brown dog	grassy area
7578	9490	NP	n	NNS	field of brown grass	dogs	field of brown grass	dog
7579	9490	NP	n	NN	field of brown grass	area	field of brown grass	area
7580	9490	NP	n	n	field of brown grass	Four dogs	field of brown grass	four dog
7581	9490	NP	n	n	field of brown grass	grassy area	field of brown grass	grassy area
7582	9490	NP	n	NNS	brown grass	dogs	brown grass	dog
7583	9490	NP	n	NN	brown grass	area	brown grass	area
7584	9490	NP	n	n	brown grass	Four dogs	brown grass	four dog
7585	9490	NP	n	n	brown grass	grassy area	brown grass	grassy area
7586	9500	NP	NN	NN	brown	nap	brown	nap
7587	9500	NP	NN	NN	brown	park	brown	park
7588	9500	NP	NN	n	brown	nap in the park	brown	nap in the park
7589	9500	NP	NN	NN	dog	nap	dog	nap
7590	9500	NP	NN	NN	dog	park	dog	park
7591	9500	NP	NN	n	dog	nap in the park	dog	nap in the park
7592	9500	NP	NN	NN	jacket	dog	jacket	dog
7593	9500	NP	NN	NN	jacket	nap	jacket	nap
7594	9500	NP	NN	NN	jacket	park	jacket	park
7595	9500	NP	NN	n	jacket	nap in the park	jacket	nap in the park
7596	9500	NP	NN	NN	street	dog	street	dog
7597	9500	NP	NN	NN	street	nap	street	nap
7598	9500	NP	NN	NN	street	park	street	park
7599	9500	NP	NN	n	street	nap in the park	street	nap in the park
7600	9500	NP	n	NN	brown and white spotted dog	dog	brown and white spotted dog	dog
7601	9500	NP	n	NN	brown and white spotted dog	nap	brown and white spotted dog	nap
7602	9500	NP	n	NN	brown and white spotted dog	park	brown and white spotted dog	park
7603	9500	NP	n	n	brown and white spotted dog	nap in the park	brown and white spotted dog	nap in the park
7604	9500	NP	n	NN	spotted dog	dog	spotted dog	dog
7605	9500	NP	n	NN	spotted dog	nap	spotted dog	nap
7606	9500	NP	n	NN	spotted dog	park	spotted dog	park
7607	9500	NP	n	n	spotted dog	nap in the park	spotted dog	nap in the park
7608	9500	NP	n	NN	jacket on the street	dog	jacket on the street	dog
7609	9500	NP	n	NN	jacket on the street	nap	jacket on the street	nap
7610	9500	NP	n	NN	jacket on the street	park	jacket on the street	park
7611	9500	NP	n	n	jacket on the street	nap in the park	jacket on the street	nap in the park
7612	9545	NP	NN	NN	man	rider	man	rider
7613	9545	NP	NN	NN	man	orange	man	orange
7614	9545	NP	NN	n	man	rider dressed in orange	man	rider dress in orange
7615	9545	NP	NN	n	man	one wheel	man	one wheel
7616	9545	NP	NN	NN	sport	rider	sport	rider
7617	9545	NP	NN	NN	sport	orange	sport	orange
7618	9545	NP	NN	NN	sport	motorcycle	sport	motorcycle
7619	9545	NP	NN	NN	sport	wheel	sport	wheel
7620	9545	NP	NN	n	sport	rider dressed in orange	sport	rider dress in orange
7621	9545	NP	NN	n	sport	one wheel	sport	one wheel
7622	9545	NP	NN	NN	bike	orange	bike	orange
7623	9545	NP	NN	NN	bike	motorcycle	bike	motorcycle
7624	9545	NP	NN	NN	bike	wheel	bike	wheel
7625	9545	NP	NN	n	bike	rider dressed in orange	bike	rider dress in orange
7626	9545	NP	NN	n	bike	one wheel	bike	one wheel
7627	9545	VP	VBG	VBN	doing	dressed	do	dress
7628	9545	VP	VBG	VBG	doing	driving	do	drive
7629	9545	NP	NN	NN	wheelie	rider	wheelie	rider
7630	9545	NP	NN	NN	wheelie	orange	wheelie	orange
7631	9545	NP	NN	NN	wheelie	motorcycle	wheelie	motorcycle
7632	9545	NP	NN	NN	wheelie	wheel	wheelie	wheel
7633	9545	NP	NN	n	wheelie	rider dressed in orange	wheelie	rider dress in orange
7634	9545	NP	NN	n	wheelie	one wheel	wheelie	one wheel
7635	9545	NP	NN	NN	friend	rider	friend	rider
7636	9545	NP	NN	NN	friend	orange	friend	orange
7637	9545	NP	NN	NN	friend	motorcycle	friend	motorcycle
7638	9545	NP	NN	NN	friend	wheel	friend	wheel
7639	9545	NP	NN	n	friend	rider dressed in orange	friend	rider dress in orange
7640	9545	NP	NN	n	friend	one wheel	friend	one wheel
7641	9545	VP	VBG	VBN	catching	dressed	catch	dress
7642	9545	VP	VBG	VBG	catching	driving	catch	drive
7643	9545	NP	n	NN	yellow sport bike	rider	yellow sport bike	rider
7644	9545	NP	n	NN	yellow sport bike	orange	yellow sport bike	orange
7645	9545	NP	n	NN	yellow sport bike	motorcycle	yellow sport bike	motorcycle
7646	9545	NP	n	NN	yellow sport bike	wheel	yellow sport bike	wheel
7647	9545	NP	n	n	yellow sport bike	rider dressed in orange	yellow sport bike	rider dress in orange
7648	9545	NP	n	n	yellow sport bike	one wheel	yellow sport bike	one wheel
7649	9545	NP	n	NN	friend on a black bike	rider	friend on a black bike	rider
7650	9545	NP	n	NN	friend on a black bike	orange	friend on a black bike	orange
7651	9545	NP	n	NN	friend on a black bike	motorcycle	friend on a black bike	motorcycle
7652	9545	NP	n	NN	friend on a black bike	wheel	friend on a black bike	wheel
7653	9545	NP	n	n	friend on a black bike	rider dressed in orange	friend on a black bike	rider dress in orange
7654	9545	NP	n	n	friend on a black bike	one wheel	friend on a black bike	one wheel
7655	9545	NP	n	NN	black bike	rider	black bike	rider
7656	9545	NP	n	NN	black bike	orange	black bike	orange
7657	9545	NP	n	NN	black bike	motorcycle	black bike	motorcycle
7658	9545	NP	n	NN	black bike	wheel	black bike	wheel
7659	9545	NP	n	n	black bike	rider dressed in orange	black bike	rider dress in orange
7660	9545	NP	n	n	black bike	one wheel	black bike	one wheel
7661	9571	NP	NN	NN	elder	man	elder	man
7662	9571	NP	NN	NN	elder	bench	elder	bench
7663	9571	NP	NN	n	elder	elderly man	elder	elderly man
7664	9571	NP	NN	NN	man	bench	man	bench
7665	9571	NP	NN	n	man	elderly man	man	elderly man
7666	9571	NP	NN	NN	bench	man	bench	man
7667	9571	NP	NN	n	bench	elderly man	bench	elderly man
7668	9571	phrasal_JJ	JJ	JJ	gray	elderly	gray	elderly
7669	9571	NP	NN	NN	jacket	bench	jacket	bench
7670	9571	NP	NN	n	jacket	elderly man	jacket	elderly man
7671	9571	phrasal_JJ	JJ	JJ	black	elderly	black	elderly
7672	9571	NP	NNS	NN	pants	man	pants	man
7673	9571	NP	NNS	NN	pants	bench	pants	bench
7674	9571	NP	NNS	n	pants	elderly man	pants	elderly man
7675	9571	NP	n	NN	elder man	man	elder man	man
7676	9571	NP	n	NN	elder man	bench	elder man	bench
7677	9571	NP	n	n	elder man	elderly man	elder man	elderly man
7678	9571	NP	n	NN	gray jacket	man	gray jacket	man
7679	9571	NP	n	NN	gray jacket	bench	gray jacket	bench
7680	9571	NP	n	n	gray jacket	elderly man	gray jacket	elderly man
7681	9571	NP	n	NN	black pants	man	black pants	man
7682	9571	NP	n	NN	black pants	bench	black pants	bench
7683	9571	NP	n	n	black pants	elderly man	black pants	elderly man
7684	9584	NP	NN	NN	woman	paintbrush	woman	paintbrush
7685	9584	NP	NN	NN	woman	artist	woman	artist
7686	9584	NP	NN	NN	woman	easel	woman	easel
7687	9584	NP	NN	NN	paintbrush	lady	paintbrush	lady
7688	9584	NP	NN	NN	paintbrush	artist	paintbrush	artist
7689	9584	NP	NN	NN	paintbrush	easel	paintbrush	easel
7690	9584	NP	NN	NN	artist	lady	artist	lady
7691	9584	NP	NN	NN	artist	paintbrush	artist	paintbrush
7692	9584	NP	NN	NN	artist	easel	artist	easel
7693	9584	NP	NN	NN	easel	lady	easel	lady
7694	9584	NP	NN	NN	easel	paintbrush	easel	paintbrush
7695	9584	NP	NN	NN	easel	artist	easel	artist
7696	9623	NP	NN	NN	man	barefoot	man	barefoot
7697	9623	NP	NN	NN	man	tennis	man	tennis
7698	9623	NP	NN	NN	man	court	man	court
7699	9623	NP	NN	n	man	blue shirt	man	blue shirt
7700	9623	NP	NN	n	man	tennis court	man	tennis court
7701	9623	VP	VBG	VBG	wearing	walking	wear	walk
7702	9623	NP	NN	NN	shirt	woman	shirt	woman
7703	9623	NP	NN	NN	shirt	barefoot	shirt	barefoot
7704	9623	NP	NN	NN	shirt	tennis	shirt	tennis
7705	9623	NP	NN	NN	shirt	court	shirt	court
7706	9623	NP	NN	n	shirt	tennis court	shirt	tennis court
7707	9623	VP	VBG	VBG	walking	wearing	walk	wear
7708	9623	NP	NN	NN	barefoot	woman	barefoot	woman
7709	9623	NP	NN	NN	barefoot	shirt	barefoot	shirt
7710	9623	NP	NN	NN	barefoot	tennis	barefoot	tennis
7711	9623	NP	NN	NN	barefoot	court	barefoot	court
7712	9623	NP	NN	n	barefoot	blue shirt	barefoot	blue shirt
7713	9623	NP	NN	n	barefoot	tennis court	barefoot	tennis court
7714	9623	NP	NN	NN	tennis	woman	tennis	woman
7715	9623	NP	NN	NN	tennis	shirt	tennis	shirt
7716	9623	NP	NN	NN	tennis	barefoot	tennis	barefoot
7717	9623	NP	NN	NN	tennis	court	tennis	court
7718	9623	NP	NN	n	tennis	blue shirt	tennis	blue shirt
7719	9623	NP	NN	n	tennis	tennis court	tennis	tennis court
7720	9623	NP	NN	NN	court	woman	court	woman
7721	9623	NP	NN	NN	court	shirt	court	shirt
7722	9623	NP	NN	NN	court	barefoot	court	barefoot
7723	9623	NP	NN	NN	court	tennis	court	tennis
7724	9623	NP	NN	n	court	blue shirt	court	blue shirt
7725	9623	NP	NN	n	court	tennis court	court	tennis court
7726	9623	NP	n	NN	blue shirt	woman	blue shirt	woman
7727	9623	NP	n	NN	blue shirt	barefoot	blue shirt	barefoot
7728	9623	NP	n	NN	blue shirt	tennis	blue shirt	tennis
7729	9623	NP	n	NN	blue shirt	court	blue shirt	court
7730	9623	NP	n	n	blue shirt	tennis court	blue shirt	tennis court
7731	9623	NP	n	NN	tennis court	woman	tennis court	woman
7732	9623	NP	n	NN	tennis court	shirt	tennis court	shirt
7733	9623	NP	n	NN	tennis court	barefoot	tennis court	barefoot
7734	9623	NP	n	NN	tennis court	tennis	tennis court	tennis
7735	9623	NP	n	NN	tennis court	court	tennis court	court
7736	9623	NP	n	n	tennis court	blue shirt	tennis court	blue shirt
7737	9669	NP	NN	NN	girl	edge	girl	edge
7738	9669	NP	NN	NN	girl	fountain	girl	fountain
7739	9669	NP	NN	n	girl	edge of a fountain	girl	edge of a fountain
7740	9669	NP	NN	n	girl	older woman	girl	older woman
7741	9669	NP	NN	NN	edge	girl	edge	girl
7742	9669	NP	NN	NN	edge	fountain	edge	fountain
7743	9669	NP	NN	NN	edge	woman	edge	woman
7744	9669	NP	NN	n	edge	young girl	edge	young girl
7745	9669	NP	NN	n	edge	edge of a fountain	edge	edge of a fountain
7746	9669	NP	NN	n	edge	older woman	edge	older woman
7747	9669	NP	NN	NN	fountain	girl	fountain	girl
7748	9669	NP	NN	NN	fountain	edge	fountain	edge
7749	9669	NP	NN	NN	fountain	woman	fountain	woman
7750	9669	NP	NN	n	fountain	young girl	fountain	young girl
7751	9669	NP	NN	n	fountain	edge of a fountain	fountain	edge of a fountain
7752	9669	NP	NN	n	fountain	older woman	fountain	older woman
7753	9669	NP	NN	NN	woman	edge	woman	edge
7754	9669	NP	NN	NN	woman	fountain	woman	fountain
7755	9669	NP	NN	n	woman	young girl	woman	young girl
7756	9669	NP	NN	n	woman	edge of a fountain	woman	edge of a fountain
7757	9669	NP	NN	n	woman	older woman	woman	older woman
7758	9669	VP	VBG	VBG	watching	playing	watch	play
7759	9669	NP	n	NN	young girl	edge	young girl	edge
7760	9669	NP	n	NN	young girl	fountain	young girl	fountain
7761	9669	NP	n	NN	young girl	woman	young girl	woman
7762	9669	NP	n	n	young girl	edge of a fountain	young girl	edge of a fountain
7763	9669	NP	n	n	young girl	older woman	young girl	older woman
7764	9669	NP	n	NN	edge of a fountain	girl	edge of a fountain	girl
7765	9669	NP	n	NN	edge of a fountain	edge	edge of a fountain	edge
7766	9669	NP	n	NN	edge of a fountain	fountain	edge of a fountain	fountain
7767	9669	NP	n	NN	edge of a fountain	woman	edge of a fountain	woman
7768	9669	NP	n	n	edge of a fountain	young girl	edge of a fountain	young girl
7769	9669	NP	n	n	edge of a fountain	older woman	edge of a fountain	older woman
7770	9669	NP	n	NN	older woman	girl	older woman	girl
7771	9669	NP	n	NN	older woman	edge	older woman	edge
7772	9669	NP	n	NN	older woman	fountain	older woman	fountain
7773	9669	NP	n	NN	older woman	woman	older woman	woman
7774	9669	NP	n	n	older woman	young girl	older woman	young girl
7775	9669	NP	n	n	older woman	edge of a fountain	older woman	edge of a fountain
7776	9677	NP	NN	NN	girl	city	girl	city
7777	9677	NP	NN	n	girl	woman wearing a yellow shirt	girl	woman wear a yellow shirt
7778	9677	NP	NN	n	girl	yellow shirt	girl	yellow shirt
7779	9677	NP	NN	n	girl	city fountain	girl	city fountain
7780	9677	VP	VBG	VBG	playing	getting	play	get
7781	9677	VP	VBG	VBN	playing	splashed	play	splash
7782	9677	NP	NN	NN	edge	shirt	edge	shirt
7783	9677	NP	NN	NN	edge	city	edge	city
7784	9677	NP	NN	n	edge	little girl	edge	little girl
7785	9677	NP	NN	n	edge	woman wearing a yellow shirt	edge	woman wear a yellow shirt
7786	9677	NP	NN	n	edge	yellow shirt	edge	yellow shirt
7787	9677	NP	NN	n	edge	city fountain	edge	city fountain
7788	9677	NP	NN	NN	fountain	city	fountain	city
7789	9677	NP	NN	n	fountain	little girl	fountain	little girl
7790	9677	NP	NN	n	fountain	woman wearing a yellow shirt	fountain	woman wear a yellow shirt
7791	9677	NP	NN	n	fountain	yellow shirt	fountain	yellow shirt
7792	9677	NP	NN	n	fountain	city fountain	fountain	city fountain
7793	9677	NP	NN	NN	woman	city	woman	city
7794	9677	NP	NN	n	woman	little girl	woman	little girl
7795	9677	NP	NN	n	woman	woman wearing a yellow shirt	woman	woman wear a yellow shirt
7796	9677	NP	NN	n	woman	yellow shirt	woman	yellow shirt
7797	9677	NP	NN	n	woman	city fountain	woman	city fountain
7798	9677	VP	VBG	VBG	watching	wearing	watch	wear
7799	9677	VP	VBG	VBG	watching	getting	watch	get
7800	9677	VP	VBG	VBN	watching	splashed	watch	splash
7801	9677	NP	n	NN	young girl	shirt	young girl	shirt
7802	9677	NP	n	NN	young girl	city	young girl	city
7803	9677	NP	n	n	young girl	woman wearing a yellow shirt	young girl	woman wear a yellow shirt
7804	9677	NP	n	n	young girl	yellow shirt	young girl	yellow shirt
7805	9677	NP	n	n	young girl	city fountain	young girl	city fountain
7806	9677	NP	n	NN	edge of a fountain	shirt	edge of a fountain	shirt
7807	9677	NP	n	NN	edge of a fountain	city	edge of a fountain	city
7808	9677	NP	n	n	edge of a fountain	little girl	edge of a fountain	little girl
7809	9677	NP	n	n	edge of a fountain	woman wearing a yellow shirt	edge of a fountain	woman wear a yellow shirt
7810	9677	NP	n	n	edge of a fountain	yellow shirt	edge of a fountain	yellow shirt
7811	9677	NP	n	n	edge of a fountain	city fountain	edge of a fountain	city fountain
7812	9677	NP	n	NN	older woman	shirt	older woman	shirt
7813	9677	NP	n	NN	older woman	city	older woman	city
7814	9677	NP	n	n	older woman	little girl	older woman	little girl
7815	9677	NP	n	n	older woman	woman wearing a yellow shirt	older woman	woman wear a yellow shirt
7816	9677	NP	n	n	older woman	yellow shirt	older woman	yellow shirt
7817	9677	NP	n	n	older woman	city fountain	older woman	city fountain
7818	9706	NP	NN	NN	dog	branch	dog	branch
7819	9706	NP	NN	n	dog	dog with a large branch	dog	dog with a large branch
7820	9706	NP	NN	n	dog	large branch	dog	large branch
7821	9706	phrasal_JJ	JJ	JJ	large	black	large	black
7822	9706	phrasal_JJ	JJ	JJ	large	white	large	white
7823	9706	NP	NN	NN	branch	dog	branch	dog
7824	9706	NP	NN	NN	branch	field	branch	field
7825	9706	NP	NN	n	branch	dog with a large branch	branch	dog with a large branch
7826	9706	NP	NN	n	branch	large branch	branch	large branch
7827	9706	VP	VBG	VBG	standing	running	stand	run
7828	9706	NP	NN	NN	field	branch	field	branch
7829	9706	NP	NN	n	field	dog with a large branch	field	dog with a large branch
7830	9706	NP	NN	n	field	large branch	field	large branch
7831	9706	NP	n	NN	dog with a large branch	dog	dog with a large branch	dog
7832	9706	NP	n	NN	dog with a large branch	branch	dog with a large branch	branch
7833	9706	NP	n	NN	dog with a large branch	field	dog with a large branch	field
7834	9706	NP	n	n	dog with a large branch	large branch	dog with a large branch	large branch
7835	9706	NP	n	NN	large branch	dog	large branch	dog
7836	9706	NP	n	NN	large branch	branch	large branch	branch
7837	9706	NP	n	NN	large branch	field	large branch	field
7838	9706	NP	n	n	large branch	dog with a large branch	large branch	dog with a large branch
7839	9713	phrasal_JJ	JJ	JJ	huge	black	huge	black
7840	9713	phrasal_JJ	JJ	JJ	huge	white	huge	white
7841	9713	phrasal_JJ	JJ	JJ	huge	large	huge	large
7842	9713	NP	NN	NN	stick	dog	stick	dog
7843	9713	NP	NN	NN	stick	branch	stick	branch
7844	9713	NP	NN	NN	stick	field	stick	field
7845	9713	NP	NN	n	stick	dog with a large branch	stick	dog with a large branch
7846	9713	NP	NN	n	stick	large branch	stick	large branch
7847	9713	NP	NN	NN	grass	branch	grass	branch
7848	9713	NP	NN	n	grass	dog with a large branch	grass	dog with a large branch
7849	9713	NP	NN	n	grass	large branch	grass	large branch
7850	9713	NP	n	NN	black and white dog	branch	black and white dog	branch
7851	9713	NP	n	NN	black and white dog	field	black and white dog	field
7852	9713	NP	n	n	black and white dog	dog with a large branch	black and white dog	dog with a large branch
7853	9713	NP	n	n	black and white dog	large branch	black and white dog	large branch
7854	9713	NP	n	NN	huge stick	dog	huge stick	dog
7855	9713	NP	n	NN	huge stick	branch	huge stick	branch
7856	9713	NP	n	NN	huge stick	field	huge stick	field
7857	9713	NP	n	n	huge stick	dog with a large branch	huge stick	dog with a large branch
7858	9713	NP	n	n	huge stick	large branch	huge stick	large branch
7859	9713	phrasal_IN	(s:ng\np)\(s:ng\np)	(s:dcl\np)\(s:dcl\np)	on the green grass	in the field	on the green grass	in the field
7860	9713	NP	n	NN	green grass	dog	green grass	dog
7861	9713	NP	n	NN	green grass	branch	green grass	branch
7862	9713	NP	n	NN	green grass	field	green grass	field
7863	9713	NP	n	n	green grass	dog with a large branch	green grass	dog with a large branch
7864	9713	NP	n	n	green grass	large branch	green grass	large branch
7865	9722	NP	NN	NN	boy	barefoot	boy	barefoot
7866	9722	NP	NN	NN	boy	sandy	boy	sandy
7867	9722	NP	NN	NN	boy	hill	boy	hill
7868	9722	NP	NN	n	boy	boy wearing a striped shirt	boy	boy wear a striped shirt
7869	9722	NP	NN	n	boy	sandy hill	boy	sandy hill
7870	9722	NP	NN	NN	sand	boy	sand	boy
7871	9722	NP	NN	NN	sand	shirt	sand	shirt
7872	9722	NP	NN	NN	sand	barefoot	sand	barefoot
7873	9722	NP	NN	NN	sand	sandy	sand	sandy
7874	9722	NP	NN	NN	sand	hill	sand	hill
7875	9722	NP	NN	n	sand	boy wearing a striped shirt	sand	boy wear a striped shirt
7876	9722	NP	NN	n	sand	striped shirt	sand	striped shirt
7877	9722	NP	NN	n	sand	sandy hill	sand	sandy hill
7878	9722	phrasal_IN	(s:dcl\np)\(s:dcl\np)	(s:dcl\np)\(s:dcl\np)	through the sand	on the sandy hill	through the sand	on the sandy hill
7879	9745	NP	NNS	NN	boys	tongue	boy	tongue
7880	9745	NP	NNS	NN	boys	camera	boy	camera
7881	9745	NP	NNS	n	boys	little boy	boy	little boy
7882	9745	VP	VBG	VBG	looking	sticking	look	stick
7883	9745	NP	NN	NN	camera	boy	camera	boy
7884	9745	NP	NN	NN	camera	tongue	camera	tongue
7885	9745	NP	NN	n	camera	little boy	camera	little boy
7886	9745	VP	VBG	VBG	sticking	looking	stick	look
7887	9745	NP	NN	NN	tongue	boy	tongue	boy
7888	9745	NP	NN	NN	tongue	camera	tongue	camera
7889	9745	NP	NN	n	tongue	little boy	tongue	little boy
7890	9745	NP	n	NN	Two young boys	boy	two young boy	boy
7891	9745	NP	n	NN	Two young boys	tongue	two young boy	tongue
7892	9745	NP	n	NN	Two young boys	camera	two young boy	camera
7893	9745	NP	n	n	Two young boys	little boy	two young boy	little boy
7894	9745	phrasal_IN	pp	pp	at the camera	for the camera	at the camera	for the camera
7895	9747	NP	NN	NNS	boy	kids	boy	kid
7896	9747	NP	NN	NN	boy	camera	boy	camera
7897	9747	NP	NN	NN	boy	tongue	boy	tongue
7898	9747	NP	NN	n	boy	Two kids	boy	two kid
7899	9747	NP	NN	NNS	tongue	kids	tongue	kid
7900	9747	NP	NN	n	tongue	Two kids	tongue	two kid
7901	9747	NP	NN	NNS	camera	kids	camera	kid
7902	9747	NP	NN	n	camera	Two kids	camera	two kid
7903	9747	NP	n	NNS	little boy	kids	little boy	kid
7904	9747	NP	n	NN	little boy	camera	little boy	camera
7905	9747	NP	n	NN	little boy	tongue	little boy	tongue
7906	9747	NP	n	n	little boy	Two kids	little boy	two kid
7907	9747	phrasal_IN	pp	pp	for the camera	at the camera	for the camera	at the camera
7908	9759	VP	VBG	VBG	laughing	jumping	laugh	jump
7909	9759	NP	NN	NN	child	person	child	person
7910	9759	NP	NN	NN	child	jacket	child	jacket
7911	9759	NP	NN	NN	child	cement	child	cement
7912	9759	NP	NN	NN	child	wall	child	wall
7913	9759	NP	NN	n	child	person in a blue jacket	child	person in a blue jacket
7914	9759	NP	NN	n	child	blue jacket	child	blue jacket
7915	9759	NP	NN	n	child	tall cement wall	child	tall cement wall
7916	9759	VP	VBG	VBG	holding	jumping	hold	jump
7917	9759	NP	NN	NN	water	jacket	water	jacket
7918	9759	NP	NN	NN	water	cement	water	cement
7919	9759	NP	NN	NN	water	wall	water	wall
7920	9759	NP	NN	n	water	person in a blue jacket	water	person in a blue jacket
7921	9759	NP	NN	n	water	blue jacket	water	blue jacket
7922	9759	NP	NN	n	water	tall cement wall	water	tall cement wall
7923	9759	NP	NN	NN	gun	person	gun	person
7924	9759	NP	NN	NN	gun	jacket	gun	jacket
7925	9759	NP	NN	NN	gun	cement	gun	cement
7926	9759	NP	NN	NN	gun	wall	gun	wall
7927	9759	NP	NN	n	gun	person in a blue jacket	gun	person in a blue jacket
7928	9759	NP	NN	n	gun	blue jacket	gun	blue jacket
7929	9759	NP	NN	n	gun	tall cement wall	gun	tall cement wall
7930	9759	VP	VBG	VBG	getting	jumping	get	jump
7931	9759	VP	VBN	VBG	sprayed	jumping	spray	jump
7932	9759	NP	n	NN	laughing child	person	laugh child	person
7933	9759	NP	n	NN	laughing child	jacket	laugh child	jacket
7934	9759	NP	n	NN	laughing child	cement	laugh child	cement
7935	9759	NP	n	NN	laughing child	wall	laugh child	wall
7936	9759	NP	n	n	laughing child	person in a blue jacket	laugh child	person in a blue jacket
7937	9759	NP	n	n	laughing child	blue jacket	laugh child	blue jacket
7938	9759	NP	n	n	laughing child	tall cement wall	laugh child	tall cement wall
7939	9759	NP	n	NN	water gun	person	water gun	person
7940	9759	NP	n	NN	water gun	jacket	water gun	jacket
7941	9759	NP	n	NN	water gun	cement	water gun	cement
7942	9759	NP	n	NN	water gun	wall	water gun	wall
7943	9759	NP	n	n	water gun	person in a blue jacket	water gun	person in a blue jacket
7944	9759	NP	n	n	water gun	blue jacket	water gun	blue jacket
7945	9759	NP	n	n	water gun	tall cement wall	water gun	tall cement wall
7946	9759	phrasal_IN	pp	pp	with water	onto a tall cement wall	with water	onto a tall cement wall
7947	9763	NP	NN	NN	person	elephant	person	elephant
7948	9763	VP	VBG	VBN	slicing	ridden	slice	ride
7949	9763	NP	NNS	NN	mushrooms	elephant	mushroom	elephant
7950	9763	NP	NNS	NN	mushrooms	woman	mushroom	woman
7951	9771	NP	NNS	NN	children	dog	child	dog
7952	9771	NP	NNS	NN	children	field	child	field
7953	9771	NP	NNS	NN	children	toy	child	toy
7954	9771	VP	VBG	VBG	playing	chasing	play	chase
7955	9771	NP	NN	NN	toy	field	toy	field
7956	9771	NP	NN	NN	car	dog	car	dog
7957	9771	NP	NN	NN	car	field	car	field
7958	9771	NP	NN	NN	street	field	street	field
7959	9771	NP	NN	NN	street	toy	street	toy
7960	9771	NP	n	NN	Two small children	dog	two small child	dog
7961	9771	NP	n	NN	Two small children	field	two small child	field
7962	9771	NP	n	NN	Two small children	toy	two small child	toy
7963	9771	phrasal_IN	(s:ng\np)\(s:ng\np)	(s:dcl\np)\(s:dcl\np)	with a toy car	through a field	with a toy car	through a field
7964	9771	NP	n	NN	toy car	dog	toy car	dog
7965	9771	NP	n	NN	toy car	field	toy car	field
7966	9771	phrasal_IN	(s:ng\np)\(s:ng\np)	(s:dcl\np)\(s:dcl\np)	in the street	through a field	in the street	through a field
7967	9788	NP	NN	NNS	man	drinks	man	drink
7968	9788	VP	VBG	VBG	playing	pointing	play	point
7969	9788	NP	NN	NN	guitar	group	guitar	group
7970	9788	NP	NN	NNS	guitar	people	guitar	people
7971	9788	NP	NN	NNS	guitar	drinks	guitar	drink
7972	9788	NP	NN	NN	guitar	camera	guitar	camera
7973	9788	NP	NN	n	guitar	group of people	guitar	group of people
7974	9788	NP	n	NN	electric guitar	group	electric guitar	group
7975	9788	NP	n	NNS	electric guitar	people	electric guitar	people
7976	9788	NP	n	NNS	electric guitar	drinks	electric guitar	drink
7977	9788	NP	n	NN	electric guitar	camera	electric guitar	camera
7978	9788	NP	n	n	electric guitar	group of people	electric guitar	group of people
7979	9789	NP	NN	NN	girl	brush	girl	brush
7980	9789	NP	NN	NN	girl	photo	girl	photo
7981	9789	NP	NN	NN	gold	man	gold	man
7982	9789	NP	NN	NN	gold	brush	gold	brush
7983	9789	NP	NN	NN	gold	photo	gold	photo
7984	9789	NP	NN	NN	purple	man	purple	man
7985	9789	NP	NN	NN	purple	brush	purple	brush
7986	9789	NP	NN	NN	purple	photo	purple	photo
7987	9789	VP	VBG	VBG	holding	squatting	hold	squat
7988	9789	VP	VBG	VBG	holding	taking	hold	take
7989	9789	NP	NN	NN	rainbow	man	rainbow	man
7990	9789	NP	NN	NN	rainbow	brush	rainbow	brush
7991	9789	NP	NN	NN	rainbow	photo	rainbow	photo
7992	9789	NP	NN	NN	afghan	man	afghan	man
7993	9789	NP	NN	NN	afghan	brush	afghan	brush
7994	9789	NP	NN	NN	afghan	photo	afghan	photo
7995	9789	NP	n	NN	girl in gold and purple	man	girl in gold and purple	man
7996	9789	NP	n	NN	girl in gold and purple	brush	girl in gold and purple	brush
7997	9789	NP	n	NN	girl in gold and purple	photo	girl in gold and purple	photo
7998	9789	NP	n	NN	girl in gold	man	girl in gold	man
7999	9789	NP	n	NN	girl in gold	brush	girl in gold	brush
8000	9789	NP	n	NN	girl in gold	photo	girl in gold	photo
8001	9789	NP	n	NN	rainbow afghan	man	rainbow afghan	man
8002	9789	NP	n	NN	rainbow afghan	brush	rainbow afghan	brush
8003	9789	NP	n	NN	rainbow afghan	photo	rainbow afghan	photo
8004	9822	NP	NNS	NN	people	practicing	people	practicing
8005	9822	NP	NNS	NN	people	jumper	people	jumper
8006	9822	NP	NNS	NN	people	person	people	person
8007	9822	NP	NNS	NN	people	snowboard	people	snowboard
8008	9822	NP	NNS	NN	people	air	people	air
8009	9822	NP	NNS	n	people	practicing jumper	people	practicing jumper
8010	9822	VP	VBG	VBG	riding	tossing	ride	toss
8011	9822	NP	NN	NN	bike	practicing	bike	practicing
8012	9822	NP	NN	NN	bike	jumper	bike	jumper
8013	9822	NP	NN	NN	bike	person	bike	person
8014	9822	NP	NN	NN	bike	snowboard	bike	snowboard
8015	9822	NP	NN	NN	bike	air	bike	air
8016	9822	NP	NN	n	bike	practicing jumper	bike	practicing jumper
8017	9822	NP	n	NN	Two people	practicing	two people	practicing
8018	9822	NP	n	NN	Two people	jumper	two people	jumper
8019	9822	NP	n	NN	Two people	person	two people	person
8020	9822	NP	n	NN	Two people	snowboard	two people	snowboard
8021	9822	NP	n	NN	Two people	air	two people	air
8022	9822	NP	n	n	Two people	practicing jumper	two people	practicing jumper
8023	9838	NP	NNS	NN	instruments	woman	instrument	woman
8024	9838	NP	NNS	NN	instruments	paint	instrument	paint
8025	9838	NP	NNS	n	instruments	young , topless woman	instrument	young , topless woman
8026	9838	VP	VBN	VBN	played	covered	play	cover
8027	9838	NP	NN	NN	band	woman	band	woman
8028	9838	NP	NN	NN	band	paint	band	paint
8029	9838	NP	NN	n	band	young , topless woman	band	young , topless woman
8030	9838	phrasal_IN	(s:dcl\np)\(s:dcl\np)	pp	by a band	in paint	by a band	in paint
8031	9843	NP	NN	NN	family	suit	family	suit
8032	9843	NP	NN	NN	family	microphone	family	microphone
8033	9843	NP	NN	NN	family	singing	family	singing
8034	9843	NP	NN	n	family	man in a suit	family	man in a suit
8035	9843	NP	NN	n	family	microphone and singing	family	microphone and singing
8036	9843	VP	VBG	VBG	buying	standing	buy	stand
8037	9843	NP	NN	NN	vending	suit	vending	suit
8038	9843	NP	NN	NN	vending	microphone	vending	microphone
8039	9843	NP	NN	NN	vending	singing	vending	singing
8040	9843	NP	NN	n	vending	man in a suit	vending	man in a suit
8041	9843	NP	NN	n	vending	microphone and singing	vending	microphone and singing
8042	9843	NP	NN	NN	machine	suit	machine	suit
8043	9843	NP	NN	NN	machine	microphone	machine	microphone
8044	9843	NP	NN	NN	machine	singing	machine	singing
8045	9843	NP	NN	n	machine	man in a suit	machine	man in a suit
8046	9843	NP	NN	n	machine	microphone and singing	machine	microphone and singing
8047	9843	NP	n	NN	something at the vending machine	man	something at the vending machine	man
8048	9843	NP	n	NN	something at the vending machine	suit	something at the vending machine	suit
8049	9843	NP	n	NN	something at the vending machine	microphone	something at the vending machine	microphone
8050	9843	NP	n	NN	something at the vending machine	singing	something at the vending machine	singing
8051	9843	NP	n	n	something at the vending machine	man in a suit	something at the vending machine	man in a suit
8052	9843	NP	n	n	something at the vending machine	microphone and singing	something at the vending machine	microphone and singing
8053	9843	NP	n	NN	vending machine	suit	vending machine	suit
8054	9843	NP	n	NN	vending machine	microphone	vending machine	microphone
8055	9843	NP	n	NN	vending machine	singing	vending machine	singing
8056	9843	NP	n	n	vending machine	man in a suit	vending machine	man in a suit
8057	9843	NP	n	n	vending machine	microphone and singing	vending machine	microphone and singing
8058	9869	NP	NN	NN	bike	hill	bike	hill
8059	9869	NP	NN	n	bike	bike down a dirt hill	bike	bike down a dirt hill
8060	9869	NP	NN	n	bike	dirt hill	bike	dirt hill
8061	9869	NP	NN	NN	monkey	person	monkey	person
8062	9869	NP	NN	NN	monkey	dirt	monkey	dirt
8063	9869	NP	NN	NN	monkey	bike	monkey	bike
8064	9869	NP	NN	NN	monkey	hill	monkey	hill
8065	9869	NP	NN	n	monkey	bike down a dirt hill	monkey	bike down a dirt hill
8066	9869	NP	NN	n	monkey	dirt hill	monkey	dirt hill
8067	9880	NP	NN	NN	biker	man	biker	man
8068	9880	NP	NN	NN	biker	road	biker	road
8069	9880	VP	VBG	VBG	riding	dancing	ride	dance
8070	9880	NP	NN	NN	fence	man	fence	man
8071	9880	NP	NN	NN	fence	road	fence	road
8072	9880	phrasal_IN	pp	pp	from a fence	on the road	from a fence	on the road
8073	9931	NP	NN	NN	woman	kid	woman	kid
8074	9931	NP	NN	NN	guitar	kid	guitar	kid
8075	9931	NP	n	NN	electric guitar	kid	electric guitar	kid
8076	9963	NP	NN	NN	animal	cop	animal	cop
8077	9963	NP	NN	NN	animal	police	animal	police
8078	9963	NP	NN	NN	animal	bike	animal	bike
8079	9963	NP	NN	n	animal	police bike	animal	police bike
8080	9963	VP	VBG	VBG	grazing	sitting	graze	sit
8081	9963	NP	NN	NN	grass	cop	grass	cop
8082	9963	NP	NN	NN	grass	police	grass	police
8083	9963	NP	NN	NN	grass	bike	grass	bike
8084	9963	NP	NN	n	grass	police bike	grass	police bike
8085	9963	phrasal_IN	pp	pp	on the grass	on a police bike	on the grass	on a police bike
8086	9975	NP	NN	NN	dog	girl	dog	girl
8087	9975	NP	NN	NN	dog	band	dog	band
8088	9975	NP	NN	NN	dog	instrument	dog	instrument
8089	9975	NP	NN	n	dog	girl in a band	dog	girl in a band
8090	9975	VP	VBG	VBG	snapping	playing	snap	play
8091	9975	NP	NNS	NN	droplets	girl	droplet	girl
8092	9975	NP	NNS	NN	droplets	band	droplet	band
8093	9975	NP	NNS	NN	droplets	instrument	droplet	instrument
8094	9975	NP	NNS	n	droplets	girl in a band	droplet	girl in a band
8095	9975	NP	NN	NN	water	girl	water	girl
8096	9975	NP	NN	NN	water	band	water	band
8097	9975	NP	NN	NN	water	instrument	water	instrument
8098	9975	NP	NN	n	water	girl in a band	water	girl in a band
8099	9975	NP	n	NN	droplets of water	girl	droplet of water	girl
8100	9975	NP	n	NN	droplets of water	band	droplet of water	band
8101	9975	NP	n	NN	droplets of water	instrument	droplet of water	instrument
8102	9975	NP	n	n	droplets of water	girl in a band	droplet of water	girl in a band
8103	9988	NP	NN	n	man	tennis ball	man	tennis ball
8104	9988	VP	VBG	VBG	pushing	swimming	push	swim
8105	9988	NP	NN	NN	motocross	dog	motocross	dog
8106	9988	NP	NN	NN	motocross	tennis	motocross	tennis
8107	9988	NP	NN	NN	motocross	ball	motocross	ball
8108	9988	NP	NN	n	motocross	tennis ball	motocross	tennis ball
8109	9988	NP	NN	NN	bike	dog	bike	dog
8110	9988	NP	NN	NN	bike	tennis	bike	tennis
8111	9988	NP	NN	NN	bike	ball	bike	ball
8112	9988	NP	NN	n	bike	tennis ball	bike	tennis ball
8113	9988	NP	NN	NN	dirt	tennis	dirt	tennis
8114	9988	NP	NN	n	dirt	tennis ball	dirt	tennis ball
8115	9988	NP	NN	NN	hill	dog	hill	dog
8116	9988	NP	NN	NN	hill	tennis	hill	tennis
8117	9988	NP	NN	NN	hill	ball	hill	ball
8118	9988	NP	NN	n	hill	tennis ball	hill	tennis ball
8119	9988	NP	n	NN	young man	dog	young man	dog
8120	9988	NP	n	NN	young man	tennis	young man	tennis
8121	9988	NP	n	NN	young man	ball	young man	ball
8122	9988	NP	n	n	young man	tennis ball	young man	tennis ball
8123	9988	NP	n	NN	bike down a dirt hill	dog	bike down a dirt hill	dog
8124	9988	NP	n	NN	bike down a dirt hill	tennis	bike down a dirt hill	tennis
8125	9988	NP	n	NN	bike down a dirt hill	ball	bike down a dirt hill	ball
8126	9988	NP	n	n	bike down a dirt hill	tennis ball	bike down a dirt hill	tennis ball
8127	9988	NP	n	NN	dirt hill	dog	dirt hill	dog
8128	9988	NP	n	NN	dirt hill	tennis	dirt hill	tennis
8129	9988	NP	n	NN	dirt hill	ball	dirt hill	ball
8130	9988	NP	n	n	dirt hill	tennis ball	dirt hill	tennis ball
