	W1	W2	pred
0	boys	boy	synonym
1	boys	outdoors	independent
2	boys	man	disjoint
3	boys	boy playing outdoors	independent
4	boys	man smiling	disjoint
5	playing	smiling	independent
6	outdoors	boy	independent
7	outdoors	man	independent
8	outdoors	boy playing outdoors	reverseentailment
9	outdoors	man smiling	independent
10	man	boy	disjoint
11	man	outdoors	independent
12	man	boy playing outdoors	disjoint
13	man	man smiling	independent
14	smiling	playing	independent
15	young boys	boy	independent
16	young boys	outdoors	independent
17	young boys	man	disjoint
18	young boys	boy playing outdoors	independent
19	young boys	man smiling	disjoint
20	person	bicycle	disjoint
21	person	wheel	disjoint
22	person	skilled person	independent
23	person	one wheel	disjoint
24	black	skilled	independent
25	jacket	person	disjoint
26	jacket	bicycle	disjoint
27	jacket	wheel	disjoint
28	jacket	skilled person	independent
29	jacket	one wheel	disjoint
30	doing	riding	reverseentailment
31	tricks	person	independent
32	tricks	bicycle	independent
33	tricks	wheel	disjoint
34	tricks	skilled person	independent
35	tricks	one wheel	independent
36	motorbike	person	disjoint
37	motorbike	bicycle	disjoint
38	motorbike	wheel	independent
39	motorbike	skilled person	independent
40	motorbike	one wheel	independent
41	person in a black jacket	person	independent
42	person in a black jacket	bicycle	independent
43	person in a black jacket	wheel	disjoint
44	person in a black jacket	skilled person	independent
45	person in a black jacket	one wheel	independent
46	black jacket	person	independent
47	black jacket	bicycle	disjoint
48	black jacket	wheel	disjoint
49	black jacket	skilled person	independent
50	black jacket	one wheel	disjoint
51	on a motorbike	on one wheel	independent
52	children	girls	reverseentailment
53	children	backbends	disjoint
54	children	outdoors	independent
55	children	Four girls	independent
56	doing	playing	reverseentailment
57	backbends	girls	independent
58	backbends	outdoors	disjoint
59	backbends	Four girls	independent
60	gym	girls	independent
61	gym	backbends	independent
62	gym	outdoors	disjoint
63	gym	Four girls	independent
64	Four children	girls	independent
65	Four children	backbends	disjoint
66	Four children	outdoors	independent
67	Four children	Four girls	independent
68	player	teams	independent
69	player	football	independent
70	player	match	independent
71	player	Two teams	independent
72	player	football match	independent
73	throwing	competing	independent
74	ball	teams	independent
75	ball	football	reverseentailment
76	ball	match	independent
77	ball	Two teams	independent
78	ball	football match	independent
79	children	hut	independent
80	children	Five children	independent
81	children	wooden hut	independent
82	front	children	independent
83	front	hut	independent
84	front	Five children	independent
85	front	wooden hut	independent
86	hut	children	independent
87	hut	Five children	independent
88	hut	wooden hut	reverseentailment
89	Five children	children	forwardentailment
90	Five children	hut	independent
91	Five children	wooden hut	independent
92	front of a wooden hut	children	independent
93	front of a wooden hut	hut	independent
94	front of a wooden hut	Five children	independent
95	front of a wooden hut	wooden hut	independent
96	wooden hut	children	independent
97	wooden hut	hut	forwardentailment
98	wooden hut	Five children	independent
99	Few	large	disjoint
100	Few	Asian	disjoint
101	people	group	forwardentailment
102	people	restaurant	independent
103	people	large group of Asian people	reverseentailment
104	people	group of Asian people	reverseentailment
105	people	Asian people	reverseentailment
106	red	large	independent
107	red	Asian	independent
108	tables	group	independent
109	tables	people	disjoint
110	tables	restaurant	independent
111	tables	large group of Asian people	independent
112	tables	group of Asian people	independent
113	tables	Asian people	independent
114	restaurant	group	independent
115	restaurant	people	independent
116	restaurant	large group of Asian people	independent
117	restaurant	group of Asian people	independent
118	restaurant	Asian people	independent
119	lights	group	independent
120	lights	people	disjoint
121	lights	restaurant	independent
122	lights	large group of Asian people	independent
123	lights	group of Asian people	independent
124	lights	Asian people	independent
125	Few people	group	independent
126	Few people	people	independent
127	Few people	restaurant	independent
128	Few people	large group of Asian people	disjoint
129	Few people	group of Asian people	independent
130	Few people	Asian people	independent
131	at red tables	at a restaurant	independent
132	red tables	group	independent
133	red tables	people	disjoint
134	red tables	restaurant	independent
135	red tables	large group of Asian people	independent
136	red tables	group of Asian people	independent
137	red tables	Asian people	independent
138	in a restaurant	at a restaurant	synonym
139	without lights	at a restaurant	independent
140	motorcycle	seat	independent
141	motorcycle	vehicle	forwardentailment
142	motorcycle	seat of the vehicle	forwardentailment
143	standing	riding	disjoint
144	seat	motorcycle	independent
145	seat	vehicle	independent
146	seat	seat of the vehicle	reverseentailment
147	black and white motorcycle	motorcycle	forwardentailment
148	black and white motorcycle	seat	independent
149	black and white motorcycle	vehicle	forwardentailment
150	black and white motorcycle	seat of the vehicle	independent
151	dogs	plant	disjoint
152	dogs	Two dogs	independent
153	tree	dogs	independent
154	tree	plant	forwardentailment
155	tree	Two dogs	disjoint
156	Two dogs	dogs	independent
157	Two dogs	plant	disjoint
158	by a tree	by a plant	forwardentailment
159	girl	clothes	independent
160	girl	white clothes	independent
161	dancing	wearing	independent
162	girl in white	girl	independent
163	girl in white	clothes	independent
164	girl in white	white clothes	independent
165	girl	girl in white	independent
166	dancing	girl	independent
167	dancing	girl in white	independent
168	girl in white dancing	girl	independent
169	girl in white dancing	girl in white	independent
170	white dancing	girl	independent
171	white dancing	girl in white	independent
172	equipment	girl	independent
173	equipment	girl in white	independent
174	front	girl	independent
175	front	girl in white	independent
176	blond	white	disjoint
177	sound	white	independent
178	blond dancing girl	girl	independent
179	blond dancing girl	girl in white	independent
180	girl	front	independent
181	girl	sound	independent
182	girl	equipment	independent
183	girl	blond girl	independent
184	girl	front of the sound equipment	independent
185	girl	sound equipment	disjoint
186	white	blond	disjoint
187	girl in white	front	independent
188	girl in white	sound	independent
189	girl in white	equipment	independent
190	girl in white	blond girl	independent
191	girl in white	front of the sound equipment	independent
192	girl in white	sound equipment	disjoint
193	children	man	disjoint
194	children	kids	synonym
195	children	Asian man	disjoint
196	children	three kids	reverseentailment
197	family	man	independent
198	family	kids	independent
199	family	Asian man	independent
200	family	three kids	independent
201	playing	dancing	disjoint
202	playing	looking	independent
203	waiting	dancing	disjoint
204	waiting	looking	independent
205	children of a family	man	independent
206	children of a family	kids	independent
207	children of a family	Asian man	disjoint
208	children of a family	three kids	independent
209	hiker	top	independent
210	hiker	mountain	independent
211	hiker	top of the mountain	independent
212	top	hiker	independent
213	top	mountain	independent
214	top	top of the mountain	reverseentailment
215	mountain	hiker	independent
216	mountain	top	independent
217	mountain	top of the mountain	independent
218	doing	dancing	reverseentailment
219	dance	hiker	disjoint
220	dance	top	independent
221	dance	mountain	disjoint
222	dance	top of the mountain	disjoint
223	top of the mountain	hiker	independent
224	top of the mountain	top	forwardentailment
225	top of the mountain	mountain	independent
226	joyful dance	hiker	disjoint
227	joyful dance	top	independent
228	joyful dance	mountain	disjoint
229	joyful dance	top of the mountain	disjoint
230	boy	ocean	disjoint
231	boy	blue ocean	independent
232	standing	wading	disjoint
233	water	boy	independent
234	water	ocean	reverseentailment
235	water	blue ocean	reverseentailment
236	outside the water	through the blue ocean	disjoint
237	bald	blonde	disjoint
238	bald	flyaway	disjoint
239	person	hair	independent
240	person	guitar	disjoint
241	person	blonde and flyaway hair	independent
242	guitar	person	disjoint
243	guitar	hair	independent
244	guitar	blonde and flyaway hair	disjoint
245	bald person	person	independent
246	bald person	hair	disjoint
247	bald person	guitar	disjoint
248	bald person	blonde and flyaway hair	disjoint
249	old	young	disjoint
250	old	topless	independent
251	topless	young	independent
252	woman	paint	independent
253	woman	young , topless woman	independent
254	paint	woman	independent
255	paint	young , topless woman	disjoint
256	old , topless woman	woman	independent
257	old , topless woman	paint	disjoint
258	old , topless woman	young , topless woman	disjoint
259	group	crowd	synonym
260	group	people	independent
261	group	water	independent
262	group	crowd of people	synonym
263	children	crowd	independent
264	children	people	forwardentailment
265	children	water	independent
266	children	crowd of people	independent
267	uniforms	crowd	independent
268	uniforms	people	independent
269	uniforms	water	independent
270	uniforms	crowd of people	independent
271	gate	crowd	independent
272	gate	people	disjoint
273	gate	water	disjoint
274	gate	crowd of people	independent
275	one	crowd	independent
276	one	people	independent
277	one	water	independent
278	one	crowd of people	independent
279	mother	crowd	independent
280	mother	people	forwardentailment
281	mother	water	independent
282	mother	crowd of people	independent
283	group of children in uniforms	crowd	independent
284	group of children in uniforms	people	forwardentailment
285	group of children in uniforms	water	independent
286	group of children in uniforms	crowd of people	independent
287	children in uniforms	crowd	independent
288	children in uniforms	people	forwardentailment
289	children in uniforms	water	independent
290	children in uniforms	crowd of people	independent
291	at a gate	near the water	independent
292	one kissing the mother	crowd	disjoint
293	one kissing the mother	people	independent
294	one kissing the mother	water	independent
295	one kissing the mother	crowd of people	disjoint
296	brown	white	disjoint
297	brown	wild	independent
298	white	brown	disjoint
299	white	wild	independent
300	dog	grass	independent
301	dog	brown and white dog	independent
302	dog	wild grass	independent
303	running	moving	forwardentailment
304	tall	brown	independent
305	tall	white	independent
306	tall	wild	independent
307	grass	dog	independent
308	grass	brown and white dog	independent
309	grass	wild grass	reverseentailment
310	brown and white dog	dog	independent
311	brown and white dog	grass	independent
312	brown and white dog	wild grass	independent
313	through the tall grass	through the wild grass	independent
314	tall grass	dog	independent
315	tall grass	grass	forwardentailment
316	tall grass	brown and white dog	independent
317	tall grass	wild grass	independent
318	white	tan	disjoint
319	tan	white	disjoint
320	dog	field	independent
321	dog	white and tan dog	independent
322	tall	tan	independent
323	green	white	disjoint
324	green	tan	disjoint
325	grass	field	independent
326	grass	white and tan dog	independent
327	white and tan dog	dog	independent
328	white and tan dog	field	independent
329	tall and green grass	dog	independent
330	tall and green grass	field	independent
331	tall and green grass	white and tan dog	independent
332	man	bike	independent
333	man	piece	independent
334	man	paper	independent
335	man	piece paper	independent
336	sitting	standing	disjoint
337	sitting	writing	independent
338	bike	man	independent
339	bike	piece	forwardentailment
340	bike	paper	disjoint
341	bike	piece paper	disjoint
342	writing	standing	disjoint
343	note	man	independent
344	note	bike	disjoint
345	note	piece	forwardentailment
346	note	paper	independent
347	note	piece paper	independent
348	near a bike	on a piece paper	independent
349	group	explorers	independent
350	group	grass	independent
351	group	group of explorers	independent
352	scouts	group	independent
353	scouts	explorers	forwardentailment
354	scouts	grass	independent
355	scouts	group of explorers	independent
356	hiking	walking	forwardentailment
357	grass	group	independent
358	grass	explorers	independent
359	grass	group of explorers	independent
360	group of scouts	group	forwardentailment
361	group of scouts	explorers	disjoint
362	group of scouts	grass	independent
363	group of scouts	group of explorers	disjoint
364	men	cars	independent
365	men	side	independent
366	men	road	independent
367	men	Two men with cars	independent
368	men	side of a snowy road	independent
369	men	snowy road	independent
370	break	men	independent
371	break	cars	independent
372	break	side	independent
373	break	road	independent
374	break	Two men with cars	independent
375	break	side of a snowy road	independent
376	break	snowy road	independent
377	trip	men	independent
378	trip	cars	independent
379	trip	side	disjoint
380	trip	road	independent
381	trip	Two men with cars	independent
382	trip	side of a snowy road	independent
383	trip	snowy road	independent
384	road	men	independent
385	road	cars	independent
386	road	side	independent
387	road	Two men with cars	independent
388	road	side of a snowy road	independent
389	road	snowy road	independent
390	Two men	men	independent
391	Two men	cars	independent
392	Two men	side	independent
393	Two men	road	independent
394	Two men	Two men with cars	independent
395	Two men	side of a snowy road	independent
396	Two men	snowy road	independent
397	snowy road	men	independent
398	snowy road	cars	independent
399	snowy road	side	independent
400	snowy road	road	independent
401	snowy road	Two men with cars	independent
402	snowy road	side of a snowy road	independent
403	lady	girl	reverseentailment
404	lady	waves	independent
405	lady	blond girl	independent
406	surfing	looking	independent
407	riding	looking	disjoint
408	wave	girl	independent
409	wave	waves	forwardentailment
410	wave	blond girl	independent
411	woman	Pink	independent
412	woman	bellbottoms	independent
413	woman	scarf	independent
414	woman	women	synonym
415	woman	pants	independent
416	woman	bike	disjoint
417	woman	riding	independent
418	woman	people	independent
419	woman	Pink bellbottoms	independent
420	woman	pink scarf	independent
421	woman	silver pants	independent
422	woman	bike riding people	independent
423	wearing	worn	forwardentailment
424	silver	Pink	disjoint
425	silver	bellbottoms	independent
426	silver	scarf	independent
427	silver	women	independent
428	silver	pants	independent
429	silver	bike	independent
430	silver	riding	independent
431	silver	people	independent
432	silver	Pink bellbottoms	disjoint
433	silver	pink scarf	disjoint
434	silver	silver pants	reverseentailment
435	silver	bike riding people	independent
436	pants	Pink	independent
437	pants	bellbottoms	reverseentailment
438	pants	scarf	disjoint
439	pants	women	independent
440	pants	bike	disjoint
441	pants	riding	independent
442	pants	people	disjoint
443	pants	Pink bellbottoms	reverseentailment
444	pants	pink scarf	independent
445	pants	silver pants	reverseentailment
446	pants	bike riding people	independent
447	pink	silver	disjoint
448	bellbottoms	Pink	disjoint
449	bellbottoms	scarf	disjoint
450	bellbottoms	women	independent
451	bellbottoms	pants	forwardentailment
452	bellbottoms	bike	disjoint
453	bellbottoms	riding	independent
454	bellbottoms	people	independent
455	bellbottoms	Pink bellbottoms	reverseentailment
456	bellbottoms	pink scarf	independent
457	bellbottoms	silver pants	independent
458	bellbottoms	bike riding people	independent
459	scarf	Pink	independent
460	scarf	bellbottoms	disjoint
461	scarf	women	independent
462	scarf	pants	disjoint
463	scarf	bike	disjoint
464	scarf	riding	independent
465	scarf	people	independent
466	scarf	Pink bellbottoms	disjoint
467	scarf	pink scarf	reverseentailment
468	scarf	silver pants	disjoint
469	scarf	bike riding people	independent
470	riding	worn	independent
471	bike	Pink	independent
472	bike	bellbottoms	disjoint
473	bike	scarf	disjoint
474	bike	women	independent
475	bike	pants	disjoint
476	bike	riding	independent
477	bike	people	disjoint
478	bike	Pink bellbottoms	disjoint
479	bike	pink scarf	disjoint
480	bike	silver pants	independent
481	bike	bike riding people	independent
482	silver pants	Pink	disjoint
483	silver pants	bellbottoms	independent
484	silver pants	scarf	independent
485	silver pants	women	independent
486	silver pants	pants	forwardentailment
487	silver pants	bike	disjoint
488	silver pants	riding	independent
489	silver pants	people	independent
490	silver pants	Pink bellbottoms	disjoint
491	silver pants	pink scarf	disjoint
492	silver pants	bike riding people	independent
493	pink bellbottoms	Pink	forwardentailment
494	pink bellbottoms	bellbottoms	forwardentailment
495	pink bellbottoms	scarf	disjoint
496	pink bellbottoms	women	independent
497	pink bellbottoms	pants	forwardentailment
498	pink bellbottoms	bike	disjoint
499	pink bellbottoms	riding	independent
500	pink bellbottoms	people	independent
501	pink bellbottoms	Pink bellbottoms	forwardentailment
502	pink bellbottoms	pink scarf	disjoint
503	pink bellbottoms	silver pants	disjoint
504	pink bellbottoms	bike riding people	independent
505	pink scarf	Pink	forwardentailment
506	pink scarf	bellbottoms	disjoint
507	pink scarf	scarf	forwardentailment
508	pink scarf	women	independent
509	pink scarf	pants	disjoint
510	pink scarf	bike	disjoint
511	pink scarf	riding	independent
512	pink scarf	people	independent
513	pink scarf	Pink bellbottoms	disjoint
514	pink scarf	silver pants	disjoint
515	pink scarf	bike riding people	independent
516	woman	bicycles	independent
517	woman	boa	independent
518	woman	riders	independent
519	woman	pedestrian woman	independent
520	woman	pink bicycles	independent
521	woman	boa wearing riders	independent
522	wearing	building	independent
523	silver	woman	independent
524	silver	bicycles	independent
525	silver	boa	independent
526	silver	riders	independent
527	silver	pedestrian woman	independent
528	silver	pink bicycles	disjoint
529	silver	boa wearing riders	independent
530	pants	woman	independent
531	pants	bicycles	disjoint
532	pants	boa	disjoint
533	pants	riders	independent
534	pants	pedestrian woman	independent
535	pants	pink bicycles	independent
536	pants	boa wearing riders	independent
537	pink	pedestrian	independent
538	bellbottoms	woman	independent
539	bellbottoms	bicycles	disjoint
540	bellbottoms	boa	disjoint
541	bellbottoms	riders	disjoint
542	bellbottoms	pedestrian woman	disjoint
543	bellbottoms	pink bicycles	independent
544	bellbottoms	boa wearing riders	disjoint
545	scarf	woman	independent
546	scarf	bicycles	disjoint
547	scarf	boa	disjoint
548	scarf	riders	independent
549	scarf	pedestrian woman	independent
550	scarf	pink bicycles	independent
551	scarf	boa wearing riders	disjoint
552	riding	building	disjoint
553	riding	wearing	forwardentailment
554	bike	woman	independent
555	bike	bicycles	forwardentailment
556	bike	boa	disjoint
557	bike	riders	independent
558	bike	pedestrian woman	disjoint
559	bike	pink bicycles	independent
560	bike	boa wearing riders	independent
561	silver pants	woman	independent
562	silver pants	bicycles	disjoint
563	silver pants	boa	disjoint
564	silver pants	riders	independent
565	silver pants	pedestrian woman	independent
566	silver pants	pink bicycles	disjoint
567	silver pants	boa wearing riders	independent
568	pink bellbottoms	woman	independent
569	pink bellbottoms	bicycles	disjoint
570	pink bellbottoms	boa	disjoint
571	pink bellbottoms	riders	independent
572	pink bellbottoms	pedestrian woman	independent
573	pink bellbottoms	pink bicycles	independent
574	pink bellbottoms	boa wearing riders	independent
575	pink scarf	woman	independent
576	pink scarf	bicycles	disjoint
577	pink scarf	boa	disjoint
578	pink scarf	riders	independent
579	pink scarf	pedestrian woman	independent
580	pink scarf	pink bicycles	disjoint
581	pink scarf	boa wearing riders	independent
582	biker	black	independent
583	biker	gears	disjoint
584	biker	biker wearing black	independent
585	wearing	breaking	disjoint
586	gear	biker	independent
587	gear	black	independent
588	gear	gears	forwardentailment
589	gear	biker wearing black	independent
590	gear which is black	biker	independent
591	gear which is black	black	independent
592	gear which is black	gears	forwardentailment
593	gear which is black	biker wearing black	independent
594	woman	cloak	independent
595	woman	dress	independent
596	woman	extravagant dress	independent
597	taking	putting	disjoint
598	taking	concealing	reverseentailment
599	cloak	woman	independent
600	cloak	dress	disjoint
601	cloak	extravagant dress	independent
602	large	extravagant	reverseentailment
603	revealing	putting	disjoint
604	revealing	concealing	disjoint
605	extravagant	woman	independent
606	extravagant	cloak	independent
607	extravagant	dress	independent
608	extravagant	extravagant dress	independent
609	dress	woman	independent
610	dress	cloak	disjoint
611	dress	extravagant dress	reverseentailment
612	extravagant dress	woman	independent
613	extravagant dress	cloak	disjoint
614	extravagant dress	dress	forwardentailment
615	boy	wall	disjoint
616	boy	little boy	reverseentailment
617	boy	climbing wall	independent
618	climbing	looks	independent
619	wall	boy	independent
620	wall	little boy	independent
621	wall	climbing wall	reverseentailment
622	built	looks	independent
623	built	climbing	independent
624	attached	looks	independent
625	attached	climbing	independent
626	rope	boy	independent
627	rope	wall	disjoint
628	rope	little boy	independent
629	rope	climbing wall	independent
630	wall artificially built for climbing	boy	independent
631	wall artificially built for climbing	wall	independent
632	wall artificially built for climbing	little boy	independent
633	wall artificially built for climbing	climbing wall	independent
634	for climbing	on a climbing wall	independent
635	man	kid	disjoint
636	man	swimming	independent
637	man	pool	independent
638	man	ocean	independent
639	man	kid into the swimming pool	disjoint
640	man	swimming pool	independent
641	kid	man	disjoint
642	kid	swimming	independent
643	kid	pool	independent
644	kid	ocean	disjoint
645	kid	kid into the swimming pool	independent
646	kid	swimming pool	independent
647	swimming	man	independent
648	swimming	kid	independent
649	swimming	pool	independent
650	swimming	ocean	independent
651	swimming	kid into the swimming pool	independent
652	swimming	swimming pool	independent
653	pool	man	independent
654	pool	kid	independent
655	pool	swimming	independent
656	pool	ocean	disjoint
657	pool	kid into the swimming pool	independent
658	pool	swimming pool	synonym
659	ocean	man	independent
660	ocean	kid	disjoint
661	ocean	swimming	independent
662	ocean	pool	disjoint
663	ocean	kid into the swimming pool	disjoint
664	ocean	swimming pool	disjoint
665	kid into the swimming pool	man	disjoint
666	kid into the swimming pool	kid	independent
667	kid into the swimming pool	swimming	independent
668	kid into the swimming pool	pool	forwardentailment
669	kid into the swimming pool	ocean	disjoint
670	kid into the swimming pool	swimming pool	forwardentailment
671	swimming pool	man	independent
672	swimming pool	kid	independent
673	swimming pool	swimming	independent
674	swimming pool	pool	forwardentailment
675	swimming pool	ocean	disjoint
676	swimming pool	kid into the swimming pool	reverseentailment
677	man	person	forwardentailment
678	man	pink	independent
679	man	gear	independent
680	man	rock	disjoint
681	man	person with pink climbing gear	independent
682	man	pink climbing gear	independent
683	climbing	roped	independent
684	cliff	person	disjoint
685	cliff	pink	independent
686	cliff	gear	disjoint
687	cliff	rock	forwardentailment
688	cliff	person with pink climbing gear	independent
689	cliff	pink climbing gear	independent
690	rope	person	disjoint
691	rope	pink	independent
692	rope	gear	forwardentailment
693	rope	rock	independent
694	rope	person with pink climbing gear	independent
695	rope	pink climbing gear	independent
696	One man	person	independent
697	One man	pink	independent
698	One man	gear	independent
699	One man	rock	disjoint
700	One man	person with pink climbing gear	independent
701	One man	pink climbing gear	independent
702	person	man	reverseentailment
703	person	cliff	disjoint
704	person	rope	disjoint
705	person	One man	independent
706	rock	man	disjoint
707	rock	cliff	independent
708	rock	rope	independent
709	rock	One man	independent
710	rope	man	independent
711	rope	cliff	independent
712	rope	One man	independent
713	white	different	independent
714	dog	dogs	forwardentailment
715	dog	breeds	independent
716	dog	other	independent
717	dog	street	independent
718	dog	Two dogs of different breeds	independent
719	dog	dogs of different breeds	independent
720	dog	different breeds	independent
721	dog	other across a street	independent
722	staring	looking	forwardentailment
723	black	different	independent
724	street	dogs	independent
725	street	breeds	independent
726	street	other	disjoint
727	street	Two dogs of different breeds	independent
728	street	dogs of different breeds	independent
729	street	different breeds	independent
730	street	other across a street	independent
731	One white dog	dogs	independent
732	One white dog	breeds	independent
733	One white dog	other	independent
734	One white dog	street	independent
735	One white dog	Two dogs of different breeds	disjoint
736	One white dog	dogs of different breeds	independent
737	One white dog	different breeds	independent
738	One white dog	other across a street	independent
739	black street	dogs	independent
740	black street	breeds	independent
741	black street	other	independent
742	black street	street	forwardentailment
743	black street	Two dogs of different breeds	independent
744	black street	dogs of different breeds	independent
745	black street	different breeds	disjoint
746	black street	other across a street	independent
747	dog	tree	disjoint
748	dog	pine	disjoint
749	dog	bucket	disjoint
750	yard	dog	independent
751	yard	tree	independent
752	yard	pine	independent
753	yard	bucket	independent
754	carrying	biting	independent
755	basket	dog	disjoint
756	basket	tree	disjoint
757	basket	pine	disjoint
758	basket	bucket	synonym
759	mouth	dog	independent
760	mouth	tree	independent
761	mouth	pine	independent
762	mouth	bucket	disjoint
763	back yard	dog	independent
764	back yard	tree	independent
765	back yard	pine	independent
766	back yard	bucket	independent
767	men	competition	independent
768	men	indoors	independent
769	men	few men in a competition	independent
770	men	men in a competition	independent
771	competition	men	independent
772	competition	indoors	independent
773	competition	few men in a competition	independent
774	competition	men in a competition	independent
775	few men in a competition	men	independent
776	few men in a competition	competition	independent
777	few men in a competition	indoors	disjoint
778	few men in a competition	men in a competition	forwardentailment
779	men in a competition	men	forwardentailment
780	men in a competition	competition	forwardentailment
781	men in a competition	indoors	independent
782	men in a competition	few men in a competition	reverseentailment
783	men	competitions	independent
784	men	few men	independent
785	competition	competitions	synonym
786	competition	few men	independent
787	few men in a competition	competitions	independent
788	few men in a competition	few men	independent
789	men in a competition	competitions	forwardentailment
790	men in a competition	few men	independent
791	kid	boy	independent
792	kid	hill	disjoint
793	kid	snow	disjoint
794	kid	jacket	independent
795	kid	hat	independent
796	kid	knees	independent
797	kid	hill covered in snow	disjoint
798	kid	red jacket	independent
799	kid	black hat	independent
800	sliding	covered	independent
801	sliding	wearing	independent
802	snow	boy	independent
803	snow	hill	independent
804	snow	jacket	independent
805	snow	hat	independent
806	snow	knees	independent
807	snow	hill covered in snow	independent
808	snow	red jacket	independent
809	snow	black hat	independent
810	in the snow	in snow	synonym
811	in the snow	on his knees	independent
812	woman	dog	disjoint
813	woman	tree	disjoint
814	woman	stump	disjoint
815	woman	tree stump	disjoint
816	dog	woman	disjoint
817	dog	stump	disjoint
818	dog	tree stump	disjoint
819	near a white dog	on a tree stump	independent
820	white dog	woman	disjoint
821	white dog	dog	independent
822	white dog	tree	independent
823	white dog	stump	disjoint
824	white dog	tree stump	disjoint
825	group	gear	independent
826	group	protection	independent
827	group	group of people	independent
828	group	gear used for protection	independent
829	people	gear	disjoint
830	people	protection	independent
831	people	group of people	synonym
832	people	gear used for protection	independent
833	equipped	used	disjoint
834	gear	group	independent
835	gear	people	disjoint
836	gear	protection	forwardentailment
837	gear	group of people	independent
838	gear	gear used for protection	independent
839	group of people	group	independent
840	group of people	people	synonym
841	group of people	gear	independent
842	group of people	protection	independent
843	group of people	gear used for protection	independent
844	with protective gear	with gear used for protection	forwardentailment
845	with protective gear	for protection	independent
846	protective gear	group	independent
847	protective gear	people	independent
848	protective gear	gear	forwardentailment
849	protective gear	protection	forwardentailment
850	protective gear	group of people	independent
851	protective gear	gear used for protection	synonym
852	white	black	disjoint
853	dog	coat	independent
854	dog	black coat	independent
855	dog	white dog	independent
856	black	white	disjoint
857	side	dog	independent
858	side	coat	independent
859	side	grass	independent
860	side	black coat	independent
861	side	white dog	independent
862	grass	coat	disjoint
863	grass	black coat	independent
864	grass	white dog	independent
865	One white dog	dog	independent
866	One white dog	coat	independent
867	One white dog	grass	independent
868	One white dog	black coat	disjoint
869	One white dog	white dog	forwardentailment
870	one black one	dog	independent
871	one black one	coat	independent
872	one black one	grass	independent
873	one black one	black coat	independent
874	one black one	white dog	disjoint
875	by side on the grass	on the grass	forwardentailment
876	side on the grass	dog	independent
877	side on the grass	coat	independent
878	side on the grass	grass	independent
879	side on the grass	black coat	independent
880	side on the grass	white dog	independent
881	lot	ice	independent
882	lot	rink	independent
883	lot	outdoors	independent
884	lot	people	independent
885	lot	ice skating rink placed outdoors	independent
886	lot	rink placed outdoors	independent
887	people	ice	disjoint
888	people	rink	independent
889	people	outdoors	independent
890	people	ice skating rink placed outdoors	disjoint
891	people	rink placed outdoors	independent
892	ice	rink	independent
893	ice	outdoors	disjoint
894	ice	people	disjoint
895	ice	ice skating rink placed outdoors	reverseentailment
896	ice	rink placed outdoors	independent
897	skating	ice	independent
898	skating	rink	independent
899	skating	outdoors	independent
900	skating	people	disjoint
901	skating	ice skating rink placed outdoors	independent
902	skating	rink placed outdoors	independent
903	park	ice	disjoint
904	park	rink	disjoint
905	park	outdoors	forwardentailment
906	park	people	independent
907	park	ice skating rink placed outdoors	independent
908	park	rink placed outdoors	independent
909	lot of people	ice	independent
910	lot of people	rink	independent
911	lot of people	outdoors	independent
912	lot of people	people	independent
913	lot of people	ice skating rink placed outdoors	independent
914	lot of people	rink placed outdoors	independent
915	in an ice skating park	of people	independent
916	ice skating park	ice	forwardentailment
917	ice skating park	rink	independent
918	ice skating park	outdoors	forwardentailment
919	ice skating park	people	disjoint
920	ice skating park	ice skating rink placed outdoors	independent
921	ice skating park	rink placed outdoors	independent
922	girl	man	independent
923	girl	uniform	independent
924	girl	blue and white uniform	independent
925	blue	white	disjoint
926	white	blue	disjoint
927	uniform	girl	independent
928	uniform	man	independent
929	uniform	blue and white uniform	reverseentailment
930	blue and white uniform	girl	independent
931	blue and white uniform	man	independent
932	blue and white uniform	uniform	forwardentailment
933	woman	man	disjoint
934	man	woman	disjoint
935	girl	bubble	independent
936	girl	young girl	independent
937	girl	bubble that is huge	independent
938	red	young	independent
939	red	huge	independent
940	shirt	girl	independent
941	shirt	bubble	disjoint
942	shirt	young girl	independent
943	shirt	bubble that is huge	disjoint
944	bubble	girl	independent
945	bubble	young girl	independent
946	bubble	bubble that is huge	independent
947	girl in the red shirt	girl	independent
948	girl in the red shirt	bubble	independent
949	girl in the red shirt	young girl	independent
950	girl in the red shirt	bubble that is huge	independent
951	red shirt	girl	independent
952	red shirt	bubble	independent
953	red shirt	young girl	independent
954	red shirt	bubble that is huge	disjoint
955	corndogs	toddlers	disjoint
956	corndogs	wagon	disjoint
957	corndogs	Two toddlers	disjoint
958	eaten	eating	synonym
959	toddlers	corndogs	disjoint
960	toddlers	wagon	independent
961	toddlers	Two toddlers	independent
962	wagon	toddlers	independent
963	wagon	corndogs	disjoint
964	wagon	Two toddlers	independent
965	man	horse	disjoint
966	man	cowboy	independent
967	man	pants	independent
968	man	color	independent
969	man	blue and red color	independent
970	getting	tossing	disjoint
971	getting	wearing	disjoint
972	horse	cowboy	independent
973	horse	pants	disjoint
974	horse	color	independent
975	horse	blue and red color	independent
976	track	horse	independent
977	track	cowboy	independent
978	track	pants	disjoint
979	track	color	independent
980	track	blue and red color	independent
981	laid	tossing	disjoint
982	laid	wearing	disjoint
983	wild	horse	independent
984	wild	cowboy	disjoint
985	wild	pants	independent
986	wild	color	independent
987	wild	blue and red color	independent
988	track laid in the wild	horse	independent
989	track laid in the wild	cowboy	disjoint
990	track laid in the wild	pants	independent
991	track laid in the wild	color	independent
992	track laid in the wild	blue and red color	independent
993	adult	amphitheater	independent
994	adult	boy	disjoint
995	adult	amphitheater talking to a boy	disjoint
996	amphitheater	adult	disjoint
997	amphitheater	boy	independent
998	amphitheater	amphitheater talking to a boy	independent
999	boy	adult	disjoint
1000	boy	amphitheater	independent
1001	boy	amphitheater talking to a boy	independent
1002	talk	adult	independent
1003	talk	amphitheater	disjoint
1004	talk	boy	independent
1005	given	talking	independent
1006	snowboarder	person	forwardentailment
1007	snowboarder	jumps	independent
1008	snowboarder	air	disjoint
1009	snowboarder	snowboarding jumps	independent
1010	leaping	practicing	independent
1011	leaping	snowboarding	independent
1012	snow	person	independent
1013	snow	jumps	independent
1014	snow	air	disjoint
1015	snow	snowboarding jumps	independent
1016	over white snow	into the air	independent
1017	white snow	person	independent
1018	white snow	jumps	independent
1019	white snow	air	independent
1020	white snow	snowboarding jumps	independent
1021	woman	package	independent
1022	woman	headphones	independent
1023	woman	small package that contains headphones	independent
1024	woman	package that contains headphones	independent
1025	riding	opening	disjoint
1026	riding	contains	disjoint
1027	horse	man	disjoint
1028	horse	package	disjoint
1029	horse	headphones	disjoint
1030	horse	small package that contains headphones	disjoint
1031	horse	package that contains headphones	disjoint
1032	fish	turtle	independent
1033	hunting	following	disjoint
1034	turtle	fish	disjoint
1035	sea	turtle	independent
1036	sea	fish	independent
1037	turtle in the sea	turtle	forwardentailment
1038	turtle in the sea	fish	disjoint
1039	potato	woman	independent
1040	potato	carrot	disjoint
1041	sliced	slicing	synonym
1042	woman	carrot	independent
1043	woman	hair	independent
1044	combing	arranging	forwardentailment
1045	hair	woman	independent
1046	woman	woman combing her hair	independent
1047	woman	her hair	independent
1048	hair	woman combing her hair	independent
1049	hair	her hair	reverseentailment
1050	man	woods	independent
1051	woman	woods	independent
1052	area	man	independent
1053	area	woman	independent
1054	area	woods	reverseentailment
1055	through a wooded area	through the woods	reverseentailment
1056	wooded area	man	independent
1057	wooded area	woman	independent
1058	wooded area	woods	synonym
1059	man	area	independent
1060	man	wooded area	independent
1061	woman	area	independent
1062	woman	wooded area	independent
1063	woods	man	independent
1064	woods	woman	independent
1065	woods	area	forwardentailment
1066	woods	wooded area	forwardentailment
1067	through the woods	through a wooded area	synonym
1068	man	tomato	independent
1069	bun	man	independent
1070	bun	tomato	disjoint
1071	woman	other women	independent
1072	dancing	singing	independent
1073	singing	dancing	disjoint
1074	women	woman	synonym
1075	women	rain	independent
1076	woman	rain	independent
1077	with other women	in the rain	independent
1078	other women	woman	independent
1079	other women	rain	independent
1080	band	onstage	independent
1081	stage	band	independent
1082	stage	onstage	independent
1083	man	game	independent
1084	man	ball	disjoint
1085	flute	man	independent
1086	flute	game	independent
1087	flute	ball	disjoint
1088	measuring	measured	synonym
1089	other woman	woman	independent
1090	person	onion	disjoint
1091	standing	chopping	independent
1092	motorcycle	person	disjoint
1093	motorcycle	onion	disjoint
1094	screaming	scared	independent
1095	crying	screaming	reverseentailment
1096	sad man	man	independent
1097	woman	butter	independent
1098	woman	container	independent
1099	woman	small container	independent
1100	cutting	chopping	synonym
1101	shrimps	man	independent
1102	shrimps	butter	independent
1103	shrimps	container	independent
1104	shrimps	small container	independent
1105	Men	wood	independent
1106	sawing	cutting	forwardentailment
1107	logs	Men	independent
1108	logs	wood	independent
1109	talking	spitting	disjoint
1110	radio	man	independent
1111	men	man	synonym
1112	men	vending	independent
1113	men	machine	independent
1114	men	vending machine	disjoint
1115	running	jumping	disjoint
1116	running	kicking	disjoint
1117	jumping	running	disjoint
1118	jumping	kicking	disjoint
1119	kicking	running	disjoint
1120	kicking	jumping	disjoint
1121	vending	man	independent
1122	vending	machine	independent
1123	vending	vending machine	reverseentailment
1124	machine	man	disjoint
1125	machine	vending	independent
1126	machine	vending machine	reverseentailment
1127	Three young men	man	disjoint
1128	Three young men	vending	independent
1129	Three young men	machine	independent
1130	Three young men	vending machine	disjoint
1131	vending machine	man	independent
1132	vending machine	vending	forwardentailment
1133	vending machine	machine	forwardentailment
1134	men	Three young men	independent
1135	wall	men	independent
1136	wall	vending	independent
1137	wall	machine	disjoint
1138	wall	Three young men	independent
1139	wall	vending machine	disjoint
1140	Three men	men	independent
1141	Three men	vending	independent
1142	Three men	machine	independent
1143	Three men	Three young men	reverseentailment
1144	Three men	vending machine	disjoint
1145	man	sauce	independent
1146	man	chicken	independent
1147	man	sauce for the chicken	independent
1148	sauce	man	independent
1149	sauce	chicken	independent
1150	sauce	sauce for the chicken	reverseentailment
1151	chicken	man	disjoint
1152	chicken	sauce	independent
1153	chicken	sauce for the chicken	independent
1154	sauce for the chicken	man	independent
1155	sauce for the chicken	sauce	forwardentailment
1156	sauce for the chicken	chicken	independent
1157	man	guitar	independent
1158	guitar	man	independent
1159	electric guitar	man	independent
1160	electric guitar	guitar	forwardentailment
1161	playing	strumming	reverseentailment
1162	boys	costumes	independent
1163	boys	Three boys in karate costumes	independent
1164	boys	boys in karate costumes	reverseentailment
1165	boys	karate costumes	independent
1166	costumes	boys	independent
1167	costumes	Three boys in karate costumes	independent
1168	costumes	boys in karate costumes	independent
1169	costumes	karate costumes	reverseentailment
1170	Three boys in karate costumes	boys	independent
1171	Three boys in karate costumes	costumes	independent
1172	Three boys in karate costumes	boys in karate costumes	forwardentailment
1173	Three boys in karate costumes	karate costumes	forwardentailment
1174	boys in karate costumes	boys	forwardentailment
1175	boys in karate costumes	costumes	forwardentailment
1176	boys in karate costumes	Three boys in karate costumes	reverseentailment
1177	boys in karate costumes	karate costumes	forwardentailment
1178	karate costumes	boys	independent
1179	karate costumes	costumes	forwardentailment
1180	karate costumes	Three boys in karate costumes	independent
1181	karate costumes	boys in karate costumes	reverseentailment
1182	men	boys	reverseentailment
1183	men	costumes	independent
1184	men	Three boys in karate costumes	independent
1185	men	boys in karate costumes	independent
1186	men	karate costumes	independent
1187	practicing	fighting	independent
1188	outdoors	boys	independent
1189	outdoors	costumes	independent
1190	outdoors	Three boys in karate costumes	independent
1191	outdoors	boys in karate costumes	independent
1192	outdoors	karate costumes	independent
1193	Three men	boys	disjoint
1194	Three men	costumes	independent
1195	Three men	Three boys in karate costumes	reverseentailment
1196	Three men	boys in karate costumes	disjoint
1197	Three men	karate costumes	independent
1198	karate outdoors	boys	independent
1199	karate outdoors	costumes	independent
1200	karate outdoors	Three boys in karate costumes	independent
1201	karate outdoors	boys in karate costumes	independent
1202	karate outdoors	karate costumes	independent
1203	woman	broccoli	independent
1204	planting	cutting	disjoint
1205	flowers	woman	independent
1206	flowers	broccoli	independent
1207	hole	badger	independent
1208	hole	earth	disjoint
1209	burrowed	digging	forwardentailment
1210	badger	earth	independent
1211	snake	mouse	disjoint
1212	snake	man	disjoint
1213	mouse	snake	disjoint
1214	mouse	man	disjoint
1215	man	snake	disjoint
1216	man	mouse	disjoint
1217	ingredients	bowl	independent
1218	ingredients	person	disjoint
1219	mixed	separated	disjoint
1220	bowl	ingredients	independent
1221	bowl	person	disjoint
1222	person	ingredients	disjoint
1223	person	bowl	disjoint
1224	in a bowl	by a person	independent
1225	by a person	in a bowl	independent
1226	boat	guitar	disjoint
1227	boat	man	independent
1228	sailing	played	independent
1229	water	guitar	disjoint
1230	water	man	independent
1231	over the water	by the man	independent
1232	milk	cat	independent
1233	drunk	drinking	forwardentailment
1234	cat	milk	independent
1235	man	container	disjoint
1236	man	plastic	independent
1237	man	container made of plastic	independent
1238	emptying	made	disjoint
1239	container	man	independent
1240	container	plastic	independent
1241	container	container made of plastic	independent
1242	made	emptying	disjoint
1243	plastic	man	independent
1244	plastic	container	independent
1245	plastic	container made of plastic	independent
1246	container made of plastic completely	man	independent
1247	container made of plastic completely	container	independent
1248	container made of plastic completely	plastic	independent
1249	container made of plastic completely	container made of plastic	forwardentailment
1250	man	frog	disjoint
1251	emptying	holding	disjoint
1252	container	frog	independent
1253	made	holding	independent
1254	plastic	frog	disjoint
1255	container made of plastic	man	independent
1256	container made of plastic	frog	disjoint
1257	flute	girl	independent
1258	way	flute	independent
1259	way	girl	independent
1260	girl	flute	independent
1261	in a lovely way	by a girl	independent
1262	lovely way	flute	independent
1263	lovely way	girl	independent
1264	adult	flute	independent
1265	adult	man	independent
1266	playing	played	synonym
1267	guitar	flute	disjoint
1268	man	flute	independent
1269	girl	hair	independent
1270	girl	pony	disjoint
1271	girl	tail	disjoint
1272	girl	pony tail	independent
1273	hair	girl	independent
1274	hair	pony	independent
1275	hair	tail	disjoint
1276	hair	pony tail	reverseentailment
1277	pony	girl	disjoint
1278	pony	hair	independent
1279	pony	tail	independent
1280	pony	pony tail	independent
1281	tail	girl	independent
1282	tail	hair	disjoint
1283	tail	pony	independent
1284	tail	pony tail	reverseentailment
1285	pony tail	girl	independent
1286	pony tail	hair	disjoint
1287	pony tail	pony	independent
1288	pony tail	tail	forwardentailment
1289	man	girl	disjoint
1290	man	hair	independent
1291	sitting	ruffling	independent
1292	chair	girl	independent
1293	chair	hair	independent
1294	One man	girl	independent
1295	One man	hair	independent
1296	microphone	parrot	disjoint
1297	front	parrot	independent
1298	front	microphone	independent
1299	parrot	microphone	disjoint
1300	muted	talking	disjoint
1301	front of the talking parrot	parrot	independent
1302	front of the talking parrot	microphone	independent
1303	talking parrot	parrot	forwardentailment
1304	talking parrot	microphone	disjoint
1305	kittens	food	disjoint
1306	kittens	trays	disjoint
1307	kittens	food on the trays	disjoint
1308	trays	food	independent
1309	trays	kittens	independent
1310	trays	food on the trays	independent
1311	food	trays	independent
1312	food	kittens	independent
1313	food	food on the trays	reverseentailment
1314	advertisement	food	disjoint
1315	advertisement	trays	independent
1316	advertisement	kittens	disjoint
1317	advertisement	food on the trays	disjoint
1318	kittens on the trays	food	disjoint
1319	kittens on the trays	trays	independent
1320	kittens on the trays	kittens	forwardentailment
1321	kittens on the trays	food on the trays	disjoint
1322	as food for an advertisement	by the kittens	independent
1323	food for an advertisement	food	independent
1324	food for an advertisement	trays	independent
1325	food for an advertisement	kittens	disjoint
1326	food for an advertisement	food on the trays	independent
1327	food	few kittens	independent
1328	trays	few kittens	disjoint
1329	kittens	few kittens	independent
1330	food on the trays	kittens	disjoint
1331	food on the trays	few kittens	independent
1332	person	singing	independent
1333	person	guitar and singing	independent
1334	guitar	singing	independent
1335	guitar	guitar and singing	independent
1336	singing	person	disjoint
1337	singing	guitar	independent
1338	singing	guitar and singing	independent
1339	One person	person	independent
1340	One person	guitar	independent
1341	One person	singing	independent
1342	One person	guitar and singing	independent
1343	guitar and singing	person	disjoint
1344	guitar and singing	guitar	independent
1345	guitar and singing	singing	independent
1346	ridden	riding	synonym
1347	man	men	forwardentailment
1348	man	knives	independent
1349	man	tree	disjoint
1350	man	dangerous men with knives	independent
1351	man	men with knives	independent
1352	knives	men	independent
1353	knives	bike	disjoint
1354	knives	tree	independent
1355	knives	dangerous men with knives	independent
1356	knives	men with knives	independent
1357	tree	men	independent
1358	tree	knives	independent
1359	tree	bike	disjoint
1360	tree	dangerous men with knives	disjoint
1361	tree	men with knives	independent
1362	at a tree	against a tree	reverseentailment
1363	lady	meat	disjoint
1364	lady	pieces	independent
1365	lady	woman	synonym
1366	lady	pieces by a woman	independent
1367	cutting	cut	synonym
1368	meat	pieces	independent
1369	meat	woman	independent
1370	meat	pieces by a woman	independent
1371	man	interview	independent
1372	denying	granting	disjoint
1373	interview	man	independent
1374	man	car	disjoint
1375	man	white car	independent
1376	granting	driven	disjoint
1377	interview	car	disjoint
1378	interview	white car	independent
1379	boy	dog	disjoint
1380	boy	small boy	independent
1381	scolding	playing	independent
1382	dog	boy	disjoint
1383	dog	small boy	disjoint
1384	small boy	boy	independent
1385	small boy	dog	disjoint
1386	picture	man	independent
1387	picture	pictures	forwardentailment
1388	picture	lake	independent
1389	camera	man	independent
1390	camera	pictures	independent
1391	camera	lake	independent
1392	set	taking	independent
1393	taken	taking	forwardentailment
1394	man	pictures	independent
1395	man	lake	independent
1396	beach	man	independent
1397	beach	pictures	independent
1398	beach	lake	disjoint
1399	sunset	man	independent
1400	sunset	pictures	independent
1401	sunset	lake	independent
1402	picture of a camera	man	independent
1403	picture of a camera	pictures	independent
1404	picture of a camera	lake	independent
1405	man on the beach	man	independent
1406	man on the beach	pictures	independent
1407	man on the beach	lake	disjoint
1408	at the sunset	of a lake	independent
1409	woman	machine	independent
1410	woman	machine made	independent
1411	sewing	using	independent
1412	sewing	made	forwardentailment
1413	machine	woman	independent
1414	machine	machine made	independent
1415	with a machine	for sewing	independent
1416	falling	knocked	independent
1417	woman	fingers	independent
1418	woman	table	independent
1419	tapping	resting	disjoint
1420	fingers	woman	independent
1421	fingers	table	independent
1422	table	woman	independent
1423	table	fingers	independent
1424	cat	watermelon	independent
1425	watermelon	cat	disjoint
1426	person	fire	disjoint
1427	person	cameras	independent
1428	person	tall person	independent
1429	person	fire to the cameras	disjoint
1430	burning	setting	disjoint
1431	cameras	person	independent
1432	cameras	fire	disjoint
1433	cameras	tall person	independent
1434	cameras	fire to the cameras	reverseentailment
1435	blow	person	disjoint
1436	blow	fire	independent
1437	blow	cameras	independent
1438	blow	tall person	independent
1439	blow	fire to the cameras	independent
1440	torch	person	disjoint
1441	torch	fire	independent
1442	torch	cameras	disjoint
1443	torch	tall person	independent
1444	torch	fire to the cameras	independent
1445	cameras with a blow	person	independent
1446	cameras with a blow	fire	independent
1447	cameras with a blow	cameras	forwardentailment
1448	cameras with a blow	tall person	independent
1449	cameras with a blow	fire to the cameras	disjoint
1450	burned	setting	disjoint
1451	person with a blow torch	person	independent
1452	person with a blow torch	fire	disjoint
1453	person with a blow torch	cameras	independent
1454	person with a blow torch	fire to the cameras	disjoint
1455	person with a blow	person	independent
1456	person with a blow	fire	disjoint
1457	person with a blow	cameras	independent
1458	person with a blow	fire to the cameras	disjoint
1459	blowing	setting	disjoint
1460	burning	person	disjoint
1461	burning	fire	synonym
1462	burning	cameras	independent
1463	burning	fire to the cameras	independent
1464	person by some cameras	person	independent
1465	person by some cameras	fire	disjoint
1466	person by some cameras	cameras	independent
1467	person by some cameras	fire to the cameras	disjoint
1468	burning torch	person	disjoint
1469	burning torch	fire	independent
1470	burning torch	cameras	disjoint
1471	burning torch	fire to the cameras	independent
1472	person	carrot	disjoint
1473	person	pieces	disjoint
1474	person	carrot into pieces	disjoint
1475	cutting	slicing	synonym
1476	onion	person	disjoint
1477	onion	carrot	disjoint
1478	onion	pieces	independent
1479	onion	carrot into pieces	disjoint
1480	pieces	person	independent
1481	pieces	carrot	independent
1482	pieces	carrot into pieces	independent
1483	onion into pieces	person	disjoint
1484	onion into pieces	carrot	disjoint
1485	onion into pieces	pieces	forwardentailment
1486	onion into pieces	carrot into pieces	disjoint
1487	man	potato	independent
1488	potato	man	independent
1489	cutting	holding	disjoint
1490	tomato	woman	independent
1491	tomato	whole tomato	reverseentailment
1492	lady	one	independent
1493	lady	tomato	independent
1494	lady	one cutting a tomato	independent
1495	slicing	cutting	synonym
1496	tomato	one	independent
1497	tomato	one cutting a tomato	independent
1498	man	onion	independent
1499	man	knife	independent
1500	preparing	sliced	independent
1501	dish	onion	independent
1502	dish	knife	independent
1503	dish	woman	independent
1504	road	man	independent
1505	One man	man	forwardentailment
1506	man	trumpet	independent
1507	guitar	trumpet	disjoint
1508	people	People	forwardentailment
1509	people	raft	independent
1510	floating	riding	disjoint
1511	floating	paddling	reverseentailment
1512	raft	People	independent
1513	few people	People	forwardentailment
1514	few people	raft	independent
1515	People	people	synonym
1516	People	raft	disjoint
1517	People	Four people	independent
1518	riding	floating	disjoint
1519	paddling	floating	forwardentailment
1520	raft	people	independent
1521	raft	Four people	independent
1522	cat	corn	disjoint
1523	corn	cat	disjoint
1524	cob	cat	disjoint
1525	cob	corn	independent
1526	person	tomato	independent
1527	vegetable	tomato	reverseentailment
1528	strumming	playing	forwardentailment
1529	women	few women	independent
1530	Three women	women	disjoint
1531	Three women	few women	independent
1532	bull	monkey	disjoint
1533	bull	dog	disjoint
1534	bull	bull dog	disjoint
1535	dog	monkey	disjoint
1536	dog	bull	disjoint
1537	dog	bull dog	reverseentailment
1538	brushed	brushing	synonym
1539	monkey	bull	disjoint
1540	monkey	dog	disjoint
1541	monkey	bull dog	disjoint
1542	bull dog	monkey	disjoint
1543	bull dog	bull	disjoint
1544	bull dog	dog	forwardentailment
1545	cracking	slicing	disjoint
1546	egg	lady	independent
1547	egg	meat	disjoint
1548	mixer	lady	independent
1549	mixer	meat	disjoint
1550	egg for the mixer	lady	independent
1551	egg for the mixer	meat	disjoint
1552	ferrets	Ferrets	forwardentailment
1553	ferrets	shelf	disjoint
1554	cage	Ferrets	independent
1555	cage	shelf	disjoint
1556	few ferrets	Ferrets	forwardentailment
1557	few ferrets	shelf	disjoint
1558	out of the cage	from a shelf	disjoint
1559	of the cage	from a shelf	disjoint
1560	car	man	independent
1561	garage	man	independent
1562	garage	car	independent
1563	in a garage	into a car	independent
1564	parking	getting	independent
1565	person	clove	independent
1566	person	garlic	independent
1567	person	clove of garlic into pieces	disjoint
1568	person	garlic into pieces	disjoint
1569	clove	person	disjoint
1570	clove	garlic	reverseentailment
1571	clove	pieces	independent
1572	clove	clove of garlic into pieces	independent
1573	clove	garlic into pieces	independent
1574	garlic	person	independent
1575	garlic	clove	forwardentailment
1576	garlic	pieces	independent
1577	garlic	clove of garlic into pieces	independent
1578	garlic	garlic into pieces	independent
1579	pieces	clove	reverseentailment
1580	pieces	garlic	independent
1581	pieces	clove of garlic into pieces	independent
1582	pieces	garlic into pieces	independent
1583	clove of garlic into pieces	person	disjoint
1584	clove of garlic into pieces	clove	independent
1585	clove of garlic into pieces	garlic	independent
1586	clove of garlic into pieces	pieces	independent
1587	clove of garlic into pieces	garlic into pieces	forwardentailment
1588	garlic into pieces	person	disjoint
1589	garlic into pieces	clove	independent
1590	garlic into pieces	garlic	independent
1591	garlic into pieces	pieces	forwardentailment
1592	garlic into pieces	clove of garlic into pieces	reverseentailment
1593	Noodles	woman	independent
1594	Noodles	noodles	forwardentailment
1595	Noodles	water	disjoint
1596	boiled	boiling	synonym
1597	water	woman	independent
1598	water	noodles	independent
1599	woman	noodles	independent
1600	woman	water	independent
1601	by a woman	in water	independent
1602	karate	protective	independent
1603	practitioner	man	independent
1604	practitioner	boxing	independent
1605	practitioner	gloves	independent
1606	practitioner	karate practitioner	reverseentailment
1607	practitioner	protective boxing gloves	independent
1608	kicking	wearing	independent
1609	man	practitioner	independent
1610	man	boxing	independent
1611	man	gloves	independent
1612	man	karate practitioner	independent
1613	man	protective boxing gloves	independent
1614	wearing	kicking	disjoint
1615	protective	karate	independent
1616	boxing	practitioner	independent
1617	boxing	man	independent
1618	boxing	gloves	independent
1619	boxing	karate practitioner	disjoint
1620	boxing	protective boxing gloves	independent
1621	gloves	practitioner	independent
1622	gloves	man	independent
1623	gloves	boxing	independent
1624	gloves	karate practitioner	independent
1625	gloves	protective boxing gloves	reverseentailment
1626	protective boxing gloves	practitioner	independent
1627	protective boxing gloves	man	independent
1628	protective boxing gloves	boxing	independent
1629	protective boxing gloves	gloves	forwardentailment
1630	protective boxing gloves	karate practitioner	disjoint
1631	kick	practitioner	independent
1632	kick	man	independent
1633	kick	boxing	disjoint
1634	kick	gloves	disjoint
1635	kick	protective boxing gloves	disjoint
1636	boxing	kicking	forwardentailment
1637	boxing	wearing	disjoint
1638	trainer	practitioner	forwardentailment
1639	trainer	man	independent
1640	trainer	boxing	independent
1641	trainer	gloves	disjoint
1642	trainer	protective boxing gloves	independent
1643	kick boxing with a trainer	practitioner	independent
1644	kick boxing with a trainer	man	disjoint
1645	kick boxing with a trainer	boxing	forwardentailment
1646	kick boxing with a trainer	gloves	independent
1647	kick boxing with a trainer	protective boxing gloves	independent
1648	kick	karate practitioner	independent
1649	trainer	karate practitioner	independent
1650	kick boxing with a trainer	karate practitioner	disjoint
1651	woman	song	independent
1652	woman	guitar	disjoint
1653	woman	seated woman	independent
1654	seated	singing	independent
1655	seated	playing	independent
1656	singing	seated	independent
1657	singing	playing	disjoint
1658	song	woman	independent
1659	song	guitar	independent
1660	song	seated woman	independent
1661	playing	seated	independent
1662	playing	singing	disjoint
1663	guitar	woman	independent
1664	guitar	song	independent
1665	guitar	seated woman	independent
1666	woman	blanket	independent
1667	woman	book	independent
1668	woman	blanket lying	independent
1669	woman	someone reading a book	independent
1670	rock	woman	independent
1671	rock	blanket	disjoint
1672	rock	book	disjoint
1673	rock	blanket lying	disjoint
1674	rock	someone reading a book	disjoint
1675	lying	rocking	disjoint
1676	lying	reading	disjoint
1677	blanket	woman	independent
1678	blanket	book	disjoint
1679	blanket	blanket lying	independent
1680	blanket	someone reading a book	disjoint
1681	reading	rocking	independent
1682	reading	lying	disjoint
1683	book	woman	independent
1684	book	blanket	disjoint
1685	book	blanket lying	disjoint
1686	book	someone reading a book	independent
1687	woman on a rock	woman	independent
1688	woman on a rock	blanket	independent
1689	woman on a rock	book	independent
1690	woman on a rock	blanket lying	disjoint
1691	woman on a rock	someone reading a book	independent
1692	on a blanket	over a blanket lying	independent
1693	on a blanket	on someone reading a book	independent
1694	woman	acoustic guitar	disjoint
1695	electric	acoustic	disjoint
1696	guitar	acoustic guitar	reverseentailment
1697	electric guitar	acoustic guitar	disjoint
1698	talking	eating	disjoint
1699	man and woman	man	independent
1700	man and woman	woman	independent
1701	person	oil	disjoint
1702	person	pot	disjoint
1703	person	cooking oil	independent
1704	oil	person	disjoint
1705	oil	pot	disjoint
1706	oil	cooking oil	reverseentailment
1707	cooking	person	independent
1708	cooking	oil	independent
1709	cooking	pot	independent
1710	cooking	cooking oil	independent
1711	pot	person	disjoint
1712	pot	oil	disjoint
1713	pot	cooking oil	independent
1714	for cooking into a pot	into a pot	independent
1715	cooking into a pot	person	disjoint
1716	cooking into a pot	oil	independent
1717	cooking into a pot	pot	independent
1718	cooking into a pot	cooking oil	independent
1719	guinea	pig	disjoint
1720	guinea	piece	forwardentailment
1721	guinea	carrot	disjoint
1722	guinea	floor	disjoint
1723	guinea	small guinea pig	reverseentailment
1724	guinea	piece of carrot	disjoint
1725	pig	guinea	disjoint
1726	pig	piece	independent
1727	pig	carrot	disjoint
1728	pig	floor	independent
1729	pig	small guinea pig	independent
1730	pig	piece of carrot	disjoint
1731	gnawing	eating	forwardentailment
1732	eating	gnawing	reverseentailment
1733	piece	guinea	independent
1734	piece	pig	independent
1735	piece	carrot	independent
1736	piece	floor	independent
1737	piece	small guinea pig	independent
1738	piece	piece of carrot	reverseentailment
1739	carrot	guinea	disjoint
1740	carrot	pig	disjoint
1741	carrot	piece	independent
1742	carrot	floor	disjoint
1743	carrot	small guinea pig	independent
1744	carrot	piece of carrot	reverseentailment
1745	floor	guinea	independent
1746	floor	pig	independent
1747	floor	piece	forwardentailment
1748	floor	carrot	independent
1749	floor	small guinea pig	independent
1750	floor	piece of carrot	independent
1751	guinea pig	guinea	forwardentailment
1752	guinea pig	pig	independent
1753	guinea pig	piece	independent
1754	guinea pig	carrot	disjoint
1755	guinea pig	floor	independent
1756	guinea pig	small guinea pig	reverseentailment
1757	guinea pig	piece of carrot	independent
1758	piece of carrot	guinea	disjoint
1759	piece of carrot	pig	disjoint
1760	piece of carrot	piece	forwardentailment
1761	piece of carrot	carrot	forwardentailment
1762	piece of carrot	floor	independent
1763	piece of carrot	small guinea pig	independent
1764	guinea	guinea pig	reverseentailment
1765	pig	guinea pig	reverseentailment
1766	gnawing	devouring	synonym
1767	eating	devouring	reverseentailment
1768	piece	guinea pig	independent
1769	carrot	guinea pig	disjoint
1770	floor	guinea pig	independent
1771	small guinea pig	guinea	forwardentailment
1772	small guinea pig	pig	independent
1773	small guinea pig	carrot	disjoint
1774	small guinea pig	guinea pig	forwardentailment
1775	piece of carrot	guinea pig	independent
1776	plane	airplane	forwardentailment
1777	plane	animated airplane	independent
1778	landing	taking	disjoint
1779	woman	egg	independent
1780	woman	skillet	independent
1781	taking	preparing	disjoint
1782	mixture	woman	independent
1783	mixture	egg	independent
1784	mixture	skillet	independent
1785	bowl	woman	independent
1786	bowl	egg	disjoint
1787	bowl	skillet	disjoint
1788	out of a bowl	in a skillet	disjoint
1789	of a bowl	in a skillet	disjoint
1790	lady	eyeshadow	independent
1791	eyeshadow	woman	independent
1792	girl	piano	disjoint
1793	playing	practicing	forwardentailment
1794	piano	girl	independent
1795	stage	girl	independent
1796	stage	piano	independent
1797	little girl	girl	independent
1798	little girl	piano	disjoint
1799	grand piano	girl	independent
1800	grand piano	piano	forwardentailment
1801	woman	flute	independent
1802	flute	woman	independent
1803	man	weights	independent
1804	barbells	man	independent
1805	barbells	weights	independent
1806	woman	makeup	independent
1807	woman	woman putting on makeup	independent
1808	makeup	woman	independent
1809	makeup	woman putting on makeup	independent
1810	woman	onion	independent
1811	cutting	sliced	synonym
1812	carrot	onion	disjoint
1813	carrot	woman	independent
1814	men	cattle	disjoint
1815	men	pen	independent
1816	men	Two men	independent
1817	men	cattle pen	disjoint
1818	cattle	men	disjoint
1819	cattle	pen	independent
1820	cattle	Two men	disjoint
1821	cattle	cattle pen	disjoint
1822	pen	men	independent
1823	pen	cattle	independent
1824	pen	Two men	independent
1825	pen	cattle pen	reverseentailment
1826	Two men	cattle	disjoint
1827	Two men	pen	independent
1828	Two men	cattle pen	disjoint
1829	in a cattle pen	outside a cattle pen	disjoint
1830	cattle pen	men	independent
1831	cattle pen	cattle	disjoint
1832	cattle pen	pen	forwardentailment
1833	cattle pen	Two men	disjoint
1834	big	green	independent
1835	green	big	independent
1836	ball	potato	disjoint
1837	ball	big green ball	reverseentailment
1838	missing	knocking	independent
1839	potato	ball	disjoint
1840	potato	big green ball	disjoint
1841	big green ball	ball	forwardentailment
1842	big green ball	potato	disjoint
1843	large	green	independent
1844	green	large	independent
1845	ball	large green colored ball	independent
1846	hitting	colored	independent
1847	potato	large green colored ball	disjoint
1848	large green ball	ball	forwardentailment
1849	large green ball	potato	disjoint
1850	large green ball	large green colored ball	forwardentailment
1851	ball	large green ball	reverseentailment
1852	missing	hitting	disjoint
1853	potato	large green ball	disjoint
1854	large	big	synonym
1855	hitting	missing	disjoint
1856	large green ball	big green ball	forwardentailment
1857	playing	laying	disjoint
1858	puppy	plastic	disjoint
1859	puppy	container	independent
1860	puppy	plastic container	disjoint
1861	plastic	puppy	disjoint
1862	plastic	plastic container	independent
1863	container	puppy	disjoint
1864	container	plastic container	reverseentailment
1865	plastic container	puppy	disjoint
1866	plastic container	plastic	independent
1867	plastic container	container	forwardentailment
1868	woman	car	independent
1869	woman	man seated beside her	independent
1870	driving	talking	disjoint
1871	driving	seated	disjoint
1872	car	woman	independent
1873	car	man seated beside her	independent
1874	talking	driving	disjoint
1875	talking	seated	independent
1876	man	man seated beside her	independent
1877	seated	driving	disjoint
1878	seated	talking	independent
1879	man	floor	independent
1880	man	room	independent
1881	flooring	sitting	disjoint
1882	flooring	strumming	independent
1883	sitting	strumming	independent
1884	guitar	floor	disjoint
1885	guitar	room	independent
1886	player	man	independent
1887	player	floor	independent
1888	player	room	independent
1889	player	guitar	independent
1890	sitting guitar player	man	independent
1891	sitting guitar player	floor	disjoint
1892	sitting guitar player	room	independent
1893	sitting guitar player	guitar	independent
1894	woman	cosmetics	independent
1895	woman	eyelid	independent
1896	using	applying	reverseentailment
1897	pencil	woman	independent
1898	pencil	cosmetics	forwardentailment
1899	pencil	eyelid	disjoint
1900	eyes	woman	independent
1901	eyes	cosmetics	disjoint
1902	eyes	eyelid	independent
1903	eye	woman	independent
1904	eye	cosmetics	independent
1905	eye	eyelid	independent
1906	liner	woman	independent
1907	liner	cosmetics	forwardentailment
1908	liner	eyelid	disjoint
1909	eyelid	woman	independent
1910	eyelid	cosmetics	independent
1911	eye liner	woman	independent
1912	eye liner	cosmetics	forwardentailment
1913	eye liner	eyelid	disjoint
1914	eye pencil	woman	independent
1915	eye pencil	cosmetics	independent
1916	eye pencil	eyelid	disjoint
1917	monkey	arts	independent
1918	monkey	martial arts	disjoint
1919	kicking	practicing	independent
1920	person	monkey	disjoint
1921	person	arts	independent
1922	person	martial arts	independent
1923	glove	monkey	disjoint
1924	glove	arts	disjoint
1925	glove	martial arts	independent
1926	kid	wind	disjoint
1927	kid	instrument	disjoint
1928	kid	young boy	independent
1929	kid	wind instrument	disjoint
1930	throwing	playing	independent
1931	instrument	boy	independent
1932	instrument	wind	disjoint
1933	instrument	young boy	independent
1934	instrument	wind instrument	reverseentailment
1935	trekking	hiking	synonym
1936	boy	bridge	independent
1937	bridge	boy	independent
1938	boy walking across a bridge	boy	independent
1939	boy walking across a bridge	bridge	independent
1940	woman	eggs	independent
1941	woman	pot	disjoint
1942	woman	two eggs	independent
1943	woman	pot of water	independent
1944	placing	putting	synonym
1945	eggs	woman	independent
1946	eggs	pot	independent
1947	eggs	water	independent
1948	eggs	two eggs	reverseentailment
1949	eggs	pot of water	disjoint
1950	pot	woman	independent
1951	pot	eggs	disjoint
1952	pot	water	independent
1953	pot	two eggs	disjoint
1954	pot	pot of water	reverseentailment
1955	water	eggs	independent
1956	water	pot	independent
1957	water	two eggs	disjoint
1958	water	pot of water	reverseentailment
1959	pot of water	woman	independent
1960	pot of water	eggs	independent
1961	pot of water	pot	forwardentailment
1962	pot of water	water	forwardentailment
1963	pot of water	two eggs	independent
1964	child	ocean	disjoint
1965	child	waves	independent
1966	child	ocean waves	disjoint
1967	waves	child	independent
1968	waves	ocean	independent
1969	waves	ocean waves	reverseentailment
1970	ocean	child	independent
1971	ocean	waves	independent
1972	ocean	ocean waves	independent
1973	waves of the ocean	child	disjoint
1974	waves of the ocean	ocean	forwardentailment
1975	waves of the ocean	waves	forwardentailment
1976	waves of the ocean	ocean waves	forwardentailment
1977	woman	pork	independent
1978	woman	chop	independent
1979	woman	pork chop	independent
1980	putting	coating	reverseentailment
1981	carrots	woman	independent
1982	carrots	pork	disjoint
1983	carrots	chop	disjoint
1984	carrots	pork chop	disjoint
1985	woman	cook	independent
1986	grating	coating	disjoint
1987	carrots	cook	independent
1988	woman	breaded pork chop	disjoint
1989	chopping	cooking	independent
1990	bread	woman	independent
1991	bread	pork	disjoint
1992	bread	chop	disjoint
1993	bread	breaded pork chop	independent
1994	fried	breaded	independent
1995	pork	woman	independent
1996	pork	chop	disjoint
1997	pork	breaded pork chop	reverseentailment
1998	bread and fried pork	woman	disjoint
1999	bread and fried pork	pork	independent
2000	bread and fried pork	chop	disjoint
2001	bread and fried pork	breaded pork chop	independent
2002	fried pork	woman	disjoint
2003	fried pork	pork	forwardentailment
2004	fried pork	chop	disjoint
2005	fried pork	breaded pork chop	reverseentailment
2006	man	roof	disjoint
2007	man	top	independent
2008	man	violin	independent
2009	man	roof top	disjoint
2010	standing	playing	independent
2011	roof	man	independent
2012	roof	top	forwardentailment
2013	roof	violin	disjoint
2014	roof	roof top	synonym
2015	top	man	independent
2016	top	roof	reverseentailment
2017	top	violin	independent
2018	top	roof top	reverseentailment
2019	playing	standing	disjoint
2020	violin	man	independent
2021	violin	roof	disjoint
2022	violin	top	independent
2023	violin	roof top	disjoint
2024	roof top	man	independent
2025	roof top	roof	synonym
2026	roof top	top	forwardentailment
2027	roof top	violin	disjoint
2028	woman	shrimp	independent
2029	shrimp	woman	disjoint
2030	woman	scooter	independent
2031	woman	scooter for water	disjoint
2032	water	scooter	disjoint
2033	water	scooter for water	independent
2034	scooter	woman	independent
2035	scooter	water	disjoint
2036	scooter	scooter for water	reverseentailment
2037	water scooter	woman	independent
2038	water scooter	scooter	forwardentailment
2039	water scooter	water	independent
2040	water scooter	scooter for water	reverseentailment
2041	panda	bamboo	disjoint
2042	panda	bear	forwardentailment
2043	panda	panda bear	forwardentailment
2044	bear	bamboo	disjoint
2045	bear	panda	reverseentailment
2046	bear	panda bear	reverseentailment
2047	eating	eaten	synonym
2048	bamboo	panda	independent
2049	bamboo	bear	disjoint
2050	bamboo	panda bear	independent
2051	panda bear	bamboo	disjoint
2052	panda bear	panda	forwardentailment
2053	panda bear	bear	forwardentailment
2054	beating	stirring	forwardentailment
2055	egg	woman	independent
2056	egg	eggs	forwardentailment
2057	egg	bowl	independent
2058	woman	fish	disjoint
2059	woman	big fish	disjoint
2060	deboning	catching	disjoint
2061	fish	man	disjoint
2062	fish	big fish	independent
2063	tray	person	disjoint
2064	buttered	buttering	synonym
2065	person	tray	disjoint
2066	man	log	independent
2067	man	axe	independent
2068	man	log with an axe	independent
2069	tree	man	independent
2070	tree	log	independent
2071	tree	axe	independent
2072	tree	log with an axe	independent
2073	trunk	man	independent
2074	trunk	log	independent
2075	trunk	axe	disjoint
2076	trunk	log with an axe	independent
2077	axe	man	independent
2078	axe	log	independent
2079	axe	log with an axe	independent
2080	tree trunk with an axe	man	independent
2081	tree trunk with an axe	log	independent
2082	tree trunk with an axe	axe	independent
2083	tree trunk with an axe	log with an axe	independent
2084	trunk with an axe	man	independent
2085	trunk with an axe	log	independent
2086	trunk with an axe	axe	independent
2087	trunk with an axe	log with an axe	independent
2088	cat	table	disjoint
2089	cat	window	disjoint
2090	cat	cat perched on the table	independent
2091	looking	perched	independent
2092	window	cat	independent
2093	window	table	independent
2094	window	cat perched on the table	independent
2095	table	cat	disjoint
2096	table	window	independent
2097	table	cat perched on the table	independent
2098	perch	cat	disjoint
2099	perch	table	disjoint
2100	perch	window	disjoint
2101	perch	cat perched on the table	independent
2102	table on the perch	cat	disjoint
2103	table on the perch	table	independent
2104	table on the perch	window	independent
2105	table on the perch	cat perched on the table	disjoint
2106	dog	baby	disjoint
2107	baby	dog	disjoint
2108	woman	garlic	independent
2109	putting	chopping	disjoint
2110	garlic	woman	independent
2111	okra	Okra	forwardentailment
2112	okra	pan	disjoint
2113	pan	Okra	disjoint
2114	cooking okra	Okra	independent
2115	cooking okra	pan	independent
2116	playing	drum	independent
2117	drum	practicing	independent
2118	man	exercises	independent
2119	floor	man	independent
2120	floor	exercises	independent
2121	exercises	man	independent
2122	One man	exercises	independent
2123	floor exercises	man	independent
2124	floor exercises	exercises	forwardentailment
2125	woman	meat	independent
2126	woman	pan	disjoint
2127	meat	pan	independent
2128	pan	woman	independent
2129	pan	meat	independent
2130	dropping	dropped	forwardentailment
2131	meat into a pan	meat	forwardentailment
2132	meat into a pan	pan	independent
2133	boy	pitcher	independent
2134	boy	water	independent
2135	filling	filled	forwardentailment
2136	pitcher	water	independent
2137	pitcher	boy	independent
2138	water	pitcher	independent
2139	pitcher with water	pitcher	independent
2140	pitcher with water	water	independent
2141	pitcher with water	boy	independent
2142	woman	boy	independent
2143	woman	pitcher	independent
2144	woman	pitcher with water	independent
2145	collecting	filling	disjoint
2146	water	pitcher with water	independent
2147	tap	filling	disjoint
2148	mug	boy	independent
2149	mug	pitcher	disjoint
2150	mug	water	independent
2151	mug	pitcher with water	disjoint
2152	tap in a mug	boy	independent
2153	tap in a mug	pitcher	disjoint
2154	tap in a mug	water	disjoint
2155	tap in a mug	pitcher with water	disjoint
2156	raining	walking	disjoint
2157	walking	man	independent
2158	walking	rain	independent
2159	man	rain	independent
2160	on a walking man	in the rain	independent
2161	walking man	man	independent
2162	walking man	rain	disjoint
2163	Racers	racers	forwardentailment
2164	Racers	track	independent
2165	Racers	racers running down a track	independent
2166	track	racers	independent
2167	track	racers running down a track	independent
2168	toy	train	independent
2169	toy	car	disjoint
2170	toy	toy train	reverseentailment
2171	toy	toy car	reverseentailment
2172	train	toy	independent
2173	train	car	disjoint
2174	train	toy train	independent
2175	train	toy car	disjoint
2176	striking	missing	disjoint
2177	car	toy	disjoint
2178	car	train	disjoint
2179	car	toy train	disjoint
2180	car	toy car	independent
2181	toy train	toy	forwardentailment
2182	toy train	train	forwardentailment
2183	toy train	car	disjoint
2184	toy train	toy car	disjoint
2185	toy car	toy	forwardentailment
2186	toy car	train	disjoint
2187	toy car	car	disjoint
2188	toy car	toy train	disjoint
2189	person	Onions	disjoint
2190	slicing	sliced	forwardentailment
2191	onions	Onions	forwardentailment
2192	onions	person	independent
2193	Swimmers	racers	independent
2194	Swimmers	lake	independent
2195	racing	swimming	independent
2196	lake	racers	independent
2197	talented man	woman	disjoint
2198	talented man	guitar	independent
2199	person	zucchini	disjoint
2200	zucchini	person	disjoint
2201	woman	pepper	independent
2202	woman	green pepper	independent
2203	pepper	woman	independent
2204	pepper	green pepper	reverseentailment
2205	pepper which is green	woman	independent
2206	pepper which is green	pepper	independent
2207	pepper which is green	green pepper	forwardentailment
2208	man	road	independent
2209	stopping	walking	disjoint
2210	middle	man	independent
2211	middle	road	independent
2212	middle of a road	man	independent
2213	middle of a road	road	independent
2214	wilderness	man	independent
2215	wilderness	road	disjoint
2216	walking	road	independent
2217	path	man	independent
2218	path	road	reverseentailment
2219	man from the wilderness	man	independent
2220	man from the wilderness	road	disjoint
2221	walking path	man	independent
2222	walking path	road	independent
2223	man	ceiling	disjoint
2224	ceiling	man	independent
2225	room	man	independent
2226	room	ceiling	independent
2227	ceiling of a room	man	independent
2228	ceiling of a room	ceiling	forwardentailment
2229	man exercising	man	independent
2230	singing	played	disjoint
2231	packing	singing	disjoint
2232	packing	playing	disjoint
2233	Boys	front	independent
2234	Boys	people	forwardentailment
2235	Boys	front of some people	independent
2236	front	Boys	independent
2237	front	people	disjoint
2238	front	front of some people	independent
2239	people	Boys	reverseentailment
2240	people	front	independent
2241	people	front of some people	independent
2242	front of some people	Boys	independent
2243	front of some people	front	independent
2244	front of some people	people	independent
2245	boy	calendar	disjoint
2246	boy	boy checking a calendar	independent
2247	looking	checking	reverseentailment
2248	calendar	boy	independent
2249	calendar	boy checking a calendar	independent
2250	woman	potato	independent
2251	peeling	refrigerating	disjoint
2252	man	piano	disjoint
2253	guitar	boy	independent
2254	guitar	piano	disjoint
2255	man	rope	independent
2256	lady	kangaroo	disjoint
2257	kangaroo	woman	disjoint
2258	man	boards	independent
2259	man	hand	independent
2260	man	wooden boards with his hand	independent
2261	man	boards with his hand	independent
2262	tiles	man	independent
2263	tiles	boards	disjoint
2264	tiles	hand	independent
2265	tiles	wooden boards with his hand	disjoint
2266	tiles	boards with his hand	independent
2267	hands	man	independent
2268	hands	boards	independent
2269	hands	hand	synonym
2270	hands	wooden boards with his hand	reverseentailment
2271	hands	boards with his hand	reverseentailment
2272	dog	road	disjoint
2273	road	dog	independent
2274	man	dog	disjoint
2275	hurling	throwing	synonym
2276	knives	man	independent
2277	removing	throwing	disjoint
2278	from a tree	at a tree	forwardentailment
2279	One man	horse	disjoint
2280	man	picture	independent
2281	man drawing a picture	man	independent
2282	man drawing a picture	picture	independent
2283	man	pizza	independent
2284	food	man	independent
2285	food	pizza	reverseentailment
2286	man eating food	man	independent
2287	man eating food	pizza	independent
2288	dog	trampoline	disjoint
2289	bouncing	jumping	synonym
2290	trampoline	dog	independent
2291	boys	trampoline	independent
2292	boys	man is doing back	independent
2293	jumping	doing	forwardentailment
2294	jumping	flips	reverseentailment
2295	trampoline	man	independent
2296	trampoline	man is doing back	independent
2297	Several boys	man	disjoint
2298	Several boys	trampoline	independent
2299	Several boys	man is doing back	independent
2300	man	man playing a wooden flute	independent
2301	man	wooden flute	independent
2302	flute	man playing a wooden flute	independent
2303	flute	wooden flute	reverseentailment
2304	wooden flute	man	independent
2305	wooden flute	flute	forwardentailment
2306	wooden flute	man playing a wooden flute	reverseentailment
2307	piano	man	independent
2308	man playing the piano	man	independent
2309	man playing the piano	piano	independent
2310	man	drawing	independent
2311	man	board	independent
2312	man	drawing on the board	independent
2313	drawing	woman	independent
2314	drawing	board	independent
2315	drawing	drawing on the board	reverseentailment
2316	board	woman	independent
2317	board	drawing	independent
2318	board	drawing on the board	independent
2319	drawing on the board	woman	independent
2320	drawing on the board	drawing	forwardentailment
2321	drawing on the board	board	independent
2322	dog	doll	disjoint
2323	playing	eating	disjoint
2324	toy	dog	disjoint
2325	toy	doll	reverseentailment
2326	dog playing with a toy	dog	independent
2327	dog playing with a toy	doll	independent
2328	dog	toy	independent
2329	eating	playing	disjoint
2330	doll	dog	disjoint
2331	doll	toy	forwardentailment
2332	dancing	praying	disjoint
2333	woman	octopus	disjoint
2334	slicing	chopping	synonym
2335	cooked	chopping	disjoint
2336	octopus	woman	disjoint
2337	man	man drawing	independent
2338	man	fruit	independent
2339	banana	man	independent
2340	banana	fruit	forwardentailment
2341	man	one	independent
2342	man	one playing a piano	independent
2343	guitar	one	independent
2344	guitar	one playing a piano	disjoint
2345	men	tire	disjoint
2346	men	rolling	independent
2347	men	race	independent
2348	men	tire rolling race	independent
2349	race	men	independent
2350	race	tire	independent
2351	race	rolling	independent
2352	race	Two men	independent
2353	race	tire rolling race	reverseentailment
2354	flipping	competing	independent
2355	tires	men	independent
2356	tires	tire	forwardentailment
2357	tires	rolling	independent
2358	tires	race	independent
2359	tires	Two men	independent
2360	tires	tire rolling race	independent
2361	tractor	men	independent
2362	tractor	tire	independent
2363	tractor	rolling	independent
2364	tractor	race	independent
2365	tractor	Two men	independent
2366	tractor	tire rolling race	disjoint
2367	Two men in a race	men	independent
2368	Two men in a race	tire	disjoint
2369	Two men in a race	rolling	independent
2370	Two men in a race	race	independent
2371	Two men in a race	Two men	forwardentailment
2372	Two men in a race	tire rolling race	independent
2373	men in a race	men	forwardentailment
2374	men in a race	tire	disjoint
2375	men in a race	rolling	independent
2376	men in a race	race	independent
2377	men in a race	Two men	independent
2378	men in a race	tire rolling race	independent
2379	tires of a tractor	men	independent
2380	tires of a tractor	tire	independent
2381	tires of a tractor	rolling	independent
2382	tires of a tractor	race	independent
2383	tires of a tractor	Two men	independent
2384	tires of a tractor	tire rolling race	independent
2385	men	women	disjoint
2386	men	old women	disjoint
2387	man	content	independent
2388	man	bowl	independent
2389	man	content of a bowl	independent
2390	punching	mixing	disjoint
2391	soccer	man	independent
2392	soccer	content	independent
2393	soccer	bowl	disjoint
2394	soccer	content of a bowl	disjoint
2395	ball	man	independent
2396	ball	content	independent
2397	ball	bowl	disjoint
2398	ball	content of a bowl	independent
2399	soccer ball	man	independent
2400	soccer ball	content	independent
2401	soccer ball	bowl	disjoint
2402	soccer ball	content of a bowl	disjoint
2403	doctors	doctor	synonym
2404	doctors	patient	disjoint
2405	healing	helping	forwardentailment
2406	man	doctor	independent
2407	man	patient	independent
2408	man playing a guitar	man	independent
2409	man playing a guitar	guitar	independent
2410	man driving a car	man	independent
2411	man driving a car	car	independent
2412	keyboard	man	independent
2413	keyboard	harp	disjoint
2414	played	playing	synonym
2415	man	harp	independent
2416	man	sword	independent
2417	rope	sword	disjoint
2418	sword	man	independent
2419	sword	rope	disjoint
2420	thick rope	man	independent
2421	thick rope	rope	forwardentailment
2422	thick rope	sword	disjoint
2423	group	boys	independent
2424	group	soccer	independent
2425	group	beach	independent
2426	group	group of boys	independent
2427	group	soccer on the beach	independent
2428	men	group	independent
2429	men	soccer	independent
2430	men	beach	independent
2431	men	group of boys	disjoint
2432	men	soccer on the beach	independent
2433	soccer	group	independent
2434	soccer	boys	independent
2435	soccer	beach	disjoint
2436	soccer	group of boys	independent
2437	soccer	soccer on the beach	reverseentailment
2438	beach	group	independent
2439	beach	boys	independent
2440	beach	soccer	disjoint
2441	beach	group of boys	independent
2442	beach	soccer on the beach	reverseentailment
2443	group of men	group	independent
2444	group of men	boys	independent
2445	group of men	soccer	independent
2446	group of men	beach	independent
2447	group of men	group of boys	reverseentailment
2448	group of men	soccer on the beach	independent
2449	soccer on the beach	group	independent
2450	soccer on the beach	boys	independent
2451	soccer on the beach	soccer	forwardentailment
2452	soccer on the beach	beach	forwardentailment
2453	soccer on the beach	group of boys	independent
2454	man	silencer	independent
2455	man	gun	independent
2456	fitting	applying	reverseentailment
2457	silencer	man	independent
2458	silencer	gun	independent
2459	pistol	man	independent
2460	pistol	silencer	independent
2461	pistol	gun	forwardentailment
2462	silencer to a pistol	man	independent
2463	silencer to a pistol	silencer	independent
2464	silencer to a pistol	gun	forwardentailment
2465	girl	violin	independent
2466	girl	beach	independent
2467	girl	violin on a beach	disjoint
2468	sitting	playing	disjoint
2469	couch	girl	independent
2470	couch	violin	disjoint
2471	couch	beach	disjoint
2472	couch	violin on a beach	disjoint
2473	crocheting	playing	disjoint
2474	man	man cooking a snake	independent
2475	snake	man cooking a snake	independent
2476	boy	guitar	independent
2477	boy playing guitar	boy	independent
2478	boy playing guitar	guitar	independent
2479	monkey	zoo	independent
2480	dog	zoo	disjoint
2481	zoo	monkey	independent
2482	zoo	dog	disjoint
2483	pulling	teasing	synonym
2484	tail	monkey	independent
2485	tail	dog	independent
2486	tail	zoo	independent
2487	person	ginger	independent
2488	ginger	person	disjoint
2489	person cutting some ginger	person	independent
2490	person cutting some ginger	ginger	independent
2491	ginger	onion	disjoint
2492	pieces	man	independent
2493	pieces	potato	independent
2494	potato into pieces	man	disjoint
2495	potato into pieces	potato	independent
2496	man	box	disjoint
2497	box	man	independent
2498	box	knife	independent
2499	knife	man	independent
2500	knife	box	independent
2501	instruments	band	independent
2502	band	instruments	independent
2503	person	woman	reverseentailment
2504	dancing	exercising	forwardentailment
2505	man	gym	independent
2506	pull-ups	man	independent
2507	pull-ups	exercises	forwardentailment
2508	pull-ups	gym	independent
2509	man	instrument	independent
2510	man	musical instrument	disjoint
2511	guitar	instrument	forwardentailment
2512	guitar	musical instrument	forwardentailment
2513	Recruits	officer	disjoint
2514	Recruits	recruits	forwardentailment
2515	officer	recruits	disjoint
2516	Garlic	woman	independent
2517	chopped	chopping	synonym
2518	woman	woman slicing a fish	independent
2519	fish	woman	disjoint
2520	fish	woman slicing a fish	independent
2521	woman	horse	disjoint
2522	riding	ridden	synonym
2523	horse	woman	disjoint
2524	cat	drawer	disjoint
2525	opening	jumping	disjoint
2526	plastic	cat	independent
2527	plastic	drawer	disjoint
2528	drawer	cat	disjoint
2529	paws	cat	independent
2530	paws	drawer	disjoint
2531	jumping	opening	disjoint
2532	big cat	cat	forwardentailment
2533	big cat	drawer	disjoint
2534	plastic drawer with its paws	cat	independent
2535	plastic drawer with its paws	drawer	forwardentailment
2536	drawer with its paws	cat	independent
2537	drawer with its paws	drawer	disjoint
2538	man	telephone	independent
2539	talking	speaking	synonym
2540	telephone	man	independent
2541	onions	woman	independent
2542	onions	onion	forwardentailment
2543	man	door	disjoint
2544	man	man opening a door	independent
2545	door	man	independent
2546	door	man opening a door	independent
2547	door	onion	disjoint
2548	opened	cutting	reverseentailment
2549	woman	piano	disjoint
2550	woman	man playing the piano	disjoint
2551	violin	piano	disjoint
2552	violin	man playing the piano	disjoint
2553	chef	meal	disjoint
2554	food	chef	independent
2555	food	meal	synonym
2556	sumo	wrestlers	independent
2557	sumo	Two sumo wrestlers	independent
2558	ringers	sumo	disjoint
2559	ringers	wrestlers	disjoint
2560	ringers	Two sumo wrestlers	disjoint
2561	Two sumo ringers	sumo	independent
2562	Two sumo ringers	wrestlers	independent
2563	Two sumo ringers	Two sumo wrestlers	forwardentailment
2564	sumo	man	independent
2565	sumo	water	disjoint
2566	sumo	toy	independent
2567	sumo	water toy in the water	disjoint
2568	ringers	man	disjoint
2569	ringers	water	independent
2570	ringers	toy	independent
2571	ringers	water toy in the water	independent
2572	fighting	riding	independent
2573	Two sumo ringers	man	disjoint
2574	Two sumo ringers	water	independent
2575	Two sumo ringers	toy	disjoint
2576	Two sumo ringers	water toy in the water	disjoint
2577	man	bread	independent
2578	man	piece of bread	independent
2579	piece	woman	independent
2580	piece	bread	independent
2581	piece	piece of bread	independent
2582	bread	piece	independent
2583	bread	piece of bread	synonym
2584	piece of bread	woman	independent
2585	piece of bread	piece	independent
2586	piece of bread	bread	forwardentailment
2587	woman	Pasta	independent
2588	woman	dish	independent
2589	putting	put	synonym
2590	pasta	Pasta	forwardentailment
2591	pasta	dish	forwardentailment
2592	pasta	woman	independent
2593	dish	Pasta	reverseentailment
2594	into a dish	by a woman	independent
2595	woman	pasta	independent
2596	pulling	putting	disjoint
2597	goo	woman	independent
2598	goo	pasta	disjoint
2599	goo	dish	disjoint
2600	bowl	pasta	independent
2601	bowl	dish	forwardentailment
2602	sticky goo	woman	independent
2603	sticky goo	pasta	independent
2604	sticky goo	dish	independent
2605	out of a bowl	into a dish	disjoint
2606	of a bowl	into a dish	independent
2607	girl playing a flute	girl	independent
2608	girl playing a flute	flute	independent
2609	large flute	man	independent
2610	large flute	flute	forwardentailment
2611	man	man playing a flute	independent
2612	flute	man playing a flute	independent
2613	large flute	man playing a flute	independent
2614	woman	fruit	independent
2615	lemon	woman	independent
2616	lemon	fruit	forwardentailment
2617	dancing	marching	disjoint
2618	show	group	independent
2619	show	people	independent
2620	show	group of people	independent
2621	cupcake	girl	independent
2622	girl	cupcake	independent
2623	person	bed	disjoint
2624	eating	making	disjoint
2625	restaurant	person	independent
2626	restaurant	bed	disjoint
2627	cook	man	independent
2628	cook	cheese	disjoint
2629	cook	pizza	independent
2630	cook	cheese on the pizza	independent
2631	cheese	man	independent
2632	cheese	pizza	independent
2633	cheese	cheese on the pizza	reverseentailment
2634	pizza	man	independent
2635	pizza	cheese	independent
2636	pizza	cheese on the pizza	independent
2637	cheese on the pizza	man	independent
2638	cheese on the pizza	cheese	forwardentailment
2639	cheese on the pizza	pizza	independent
2640	man	shotgun	independent
2641	reloading	firing	forwardentailment
2642	shotgun	man	independent
2643	tiger	baby	disjoint
2644	tiger	doll	disjoint
2645	cub	baby	disjoint
2646	cub	doll	disjoint
2647	ball	baby	disjoint
2648	ball	doll	disjoint
2649	tiger cub	baby	disjoint
2650	tiger cub	doll	disjoint
2651	with a ball	with a doll	disjoint
2652	baby	tiger	disjoint
2653	baby	ball	disjoint
2654	baby	baby tiger	independent
2655	toy	baby	independent
2656	toy	tiger	disjoint
2657	toy	ball	independent
2658	toy	baby tiger	independent
2659	with a toy	with a ball	reverseentailment
2660	person	potato	disjoint
2661	peeling	peeled	forwardentailment
2662	potato	person	disjoint
2663	man	boat	independent
2664	canoe	man	independent
2665	canoe	boat	forwardentailment
2666	man	vehicle	independent
2667	man	road in an open-air vehicle	independent
2668	man	open-air vehicle	independent
2669	woman	road	independent
2670	woman	vehicle	independent
2671	woman	road in an open-air vehicle	independent
2672	woman	open-air vehicle	independent
2673	street	man	independent
2674	street	woman	independent
2675	street	road	synonym
2676	street	vehicle	independent
2677	street	road in an open-air vehicle	independent
2678	street	open-air vehicle	disjoint
2679	jeep	man	independent
2680	jeep	woman	independent
2681	jeep	road	independent
2682	jeep	vehicle	forwardentailment
2683	jeep	road in an open-air vehicle	independent
2684	jeep	open-air vehicle	forwardentailment
2685	woman	chef	independent
2686	woman	oil	independent
2687	pouring	seasoning	independent
2688	ingredients	chef	independent
2689	ingredients	oil	reverseentailment
2690	bowl	chef	independent
2691	bowl	oil	independent
2692	horse	person	disjoint
2693	person	horse	disjoint
2694	horse	potatoes	disjoint
2695	ridden	slicing	independent
2696	person	potatoes	independent
2697	man	Two men	disjoint
2698	doing	fighting	reverseentailment
2699	exercises	men	independent
2700	exercises	Two men	independent
2701	Vegetables	ingredients	independent
2702	Vegetables	pot	disjoint
2703	put	pouring	reverseentailment
2704	pot	ingredients	independent
2705	man	ingredients	independent
2706	man	pot	disjoint
2707	by a man	into a pot	independent
2708	dog	ball	disjoint
2709	dog	dirt	independent
2710	leaving	chasing	disjoint
2711	ball	dog	disjoint
2712	ball	dirt	independent
2713	dirt	dog	independent
2714	dirt	ball	independent
2715	in the dirt	through dirt	synonym
2716	brown	golden	disjoint
2717	dog	fur	independent
2718	dog	water	independent
2719	dog	dog with golden fur	independent
2720	dog	golden fur	independent
2721	standing	dog	independent
2722	standing	fur	independent
2723	standing	water	independent
2724	standing	dog with golden fur	independent
2725	standing	golden fur	independent
2726	water	dog	independent
2727	water	fur	disjoint
2728	water	dog with golden fur	independent
2729	water	golden fur	independent
2730	dog standing in the water	dog	independent
2731	dog standing in the water	fur	independent
2732	dog standing in the water	water	independent
2733	dog standing in the water	dog with golden fur	independent
2734	dog standing in the water	golden fur	independent
2735	standing in the water	dog	independent
2736	standing in the water	fur	independent
2737	standing in the water	water	independent
2738	standing in the water	dog with golden fur	independent
2739	standing in the water	golden fur	independent
2740	young	pink	independent
2741	young	blue	independent
2742	girl	sign	independent
2743	girl	shirt	independent
2744	girl	sidewalk	independent
2745	girl	girl by a pink sign	independent
2746	girl	pink sign	independent
2747	girl	blue shirt	independent
2748	blue	young	independent
2749	blue	pink	disjoint
2750	shirt	sign	disjoint
2751	shirt	sidewalk	independent
2752	shirt	girl by a pink sign	independent
2753	shirt	pink sign	independent
2754	shirt	blue shirt	reverseentailment
2755	walking	holding	independent
2756	sidewalk	girl	independent
2757	sidewalk	sign	independent
2758	sidewalk	shirt	independent
2759	sidewalk	girl by a pink sign	independent
2760	sidewalk	pink sign	independent
2761	sidewalk	blue shirt	independent
2762	holding	walking	disjoint
2763	pink	young	independent
2764	pink	blue	disjoint
2765	sign	girl	independent
2766	sign	shirt	independent
2767	sign	sidewalk	independent
2768	sign	girl by a pink sign	independent
2769	sign	pink sign	reverseentailment
2770	sign	blue shirt	independent
2771	girl in a blue shirt	girl	independent
2772	girl in a blue shirt	sign	independent
2773	girl in a blue shirt	shirt	independent
2774	girl in a blue shirt	sidewalk	independent
2775	girl in a blue shirt	girl by a pink sign	independent
2776	girl in a blue shirt	pink sign	independent
2777	girl in a blue shirt	blue shirt	independent
2778	blue shirt	girl	independent
2779	blue shirt	sign	independent
2780	blue shirt	shirt	forwardentailment
2781	blue shirt	sidewalk	independent
2782	blue shirt	girl by a pink sign	independent
2783	blue shirt	pink sign	disjoint
2784	pink sign	girl	independent
2785	pink sign	sign	forwardentailment
2786	pink sign	shirt	independent
2787	pink sign	sidewalk	independent
2788	pink sign	girl by a pink sign	independent
2789	pink sign	blue shirt	disjoint
2790	small	young	independent
2791	child	water	independent
2792	child	young child	reverseentailment
2793	walking	splashing	disjoint
2794	water	child	independent
2795	water	young child	independent
2796	guided	splashing	independent
2797	person	child	reverseentailment
2798	person	water	independent
2799	person	young child	reverseentailment
2800	small child	child	forwardentailment
2801	small child	water	independent
2802	small child	young child	forwardentailment
2803	through the water	in the water	reverseentailment
2804	by another person	in the water	independent
2805	man	beige	independent
2806	man	shirts	independent
2807	man	monitor	independent
2808	man	background	independent
2809	man	beige room	independent
2810	man	dark colored shirts	independent
2811	woman	beige	independent
2812	woman	room	independent
2813	woman	shirts	independent
2814	woman	monitor	independent
2815	woman	background	independent
2816	woman	beige room	independent
2817	woman	dark colored shirts	independent
2818	room	woman	independent
2819	room	beige	independent
2820	room	shirts	independent
2821	room	monitor	independent
2822	room	background	independent
2823	room	beige room	reverseentailment
2824	room	dark colored shirts	independent
2825	painted	wearing	independent
2826	beige	man	independent
2827	beige	woman	independent
2828	beige	room	independent
2829	beige	shirts	independent
2830	beige	monitor	independent
2831	beige	background	independent
2832	beige	beige room	independent
2833	beige	dark colored shirts	disjoint
2834	dark	colored	forwardentailment
2835	colored	dark	reverseentailment
2836	shirts	man	independent
2837	shirts	woman	independent
2838	shirts	beige	independent
2839	shirts	room	independent
2840	shirts	monitor	disjoint
2841	shirts	background	independent
2842	shirts	beige room	independent
2843	shirts	dark colored shirts	reverseentailment
2844	monitor	man	independent
2845	monitor	woman	independent
2846	monitor	beige	independent
2847	monitor	room	independent
2848	monitor	shirts	disjoint
2849	monitor	background	independent
2850	monitor	beige room	independent
2851	monitor	dark colored shirts	independent
2852	background	man	independent
2853	background	woman	independent
2854	background	beige	independent
2855	background	room	independent
2856	background	shirts	independent
2857	background	monitor	independent
2858	background	beige room	independent
2859	background	dark colored shirts	independent
2860	in a room painted beige	in a beige room	independent
2861	in a room painted beige	in the background	independent
2862	room painted beige	man	independent
2863	room painted beige	woman	independent
2864	room painted beige	beige	independent
2865	room painted beige	room	independent
2866	room painted beige	shirts	independent
2867	room painted beige	monitor	independent
2868	room painted beige	background	independent
2869	room painted beige	beige room	synonym
2870	room painted beige	dark colored shirts	independent
2871	dark colored shirts	man	independent
2872	dark colored shirts	woman	independent
2873	dark colored shirts	beige	disjoint
2874	dark colored shirts	room	independent
2875	dark colored shirts	shirts	forwardentailment
2876	dark colored shirts	monitor	disjoint
2877	dark colored shirts	background	independent
2878	dark colored shirts	beige room	disjoint
2879	in the background	in a beige room	independent
2880	person	jeans	independent
2881	person	saddle	disjoint
2882	person	woman in jeans	independent
2883	person	saddle of a horse	disjoint
2884	wearing	sitting	independent
2885	jeans	woman	independent
2886	jeans	saddle	disjoint
2887	jeans	horse	disjoint
2888	jeans	woman in jeans	independent
2889	jeans	saddle of a horse	disjoint
2890	top	woman	independent
2891	top	jeans	disjoint
2892	top	saddle	disjoint
2893	top	horse	disjoint
2894	top	woman in jeans	independent
2895	top	saddle of a horse	disjoint
2896	horse	jeans	disjoint
2897	horse	saddle	disjoint
2898	horse	woman in jeans	disjoint
2899	horse	saddle of a horse	independent
2900	saddle	woman	independent
2901	saddle	jeans	disjoint
2902	saddle	horse	independent
2903	saddle	woman in jeans	independent
2904	saddle	saddle of a horse	reverseentailment
2905	person wearing jeans	woman	independent
2906	person wearing jeans	jeans	independent
2907	person wearing jeans	saddle	disjoint
2908	person wearing jeans	horse	disjoint
2909	person wearing jeans	woman in jeans	reverseentailment
2910	person wearing jeans	saddle of a horse	disjoint
2911	top of a horse saddle	woman	disjoint
2912	top of a horse saddle	jeans	disjoint
2913	top of a horse saddle	saddle	independent
2914	top of a horse saddle	horse	independent
2915	top of a horse saddle	woman in jeans	disjoint
2916	top of a horse saddle	saddle of a horse	forwardentailment
2917	horse saddle	woman	disjoint
2918	horse saddle	jeans	disjoint
2919	horse saddle	saddle	forwardentailment
2920	horse saddle	horse	independent
2921	horse saddle	woman in jeans	disjoint
2922	horse saddle	saddle of a horse	forwardentailment
2923	brown	black	reverseentailment
2924	dog	baseball	disjoint
2925	dog	mouth	independent
2926	dog	black and white dog	independent
2927	dog	baseball from its mouth	disjoint
2928	holding	dropping	disjoint
2929	baseball	dog	disjoint
2930	baseball	mouth	disjoint
2931	baseball	black and white dog	disjoint
2932	baseball	baseball from its mouth	independent
2933	mouth	baseball	disjoint
2934	mouth	black and white dog	independent
2935	mouth	baseball from its mouth	reverseentailment
2936	brown and white dog	baseball	disjoint
2937	brown and white dog	mouth	independent
2938	brown and white dog	black and white dog	disjoint
2939	brown and white dog	baseball from its mouth	independent
2940	young	red	independent
2941	boy	shorts	independent
2942	boy	paddling	independent
2943	boy	pool	independent
2944	boy	boy wearing red shorts	independent
2945	boy	red shorts	independent
2946	boy	paddling pool	independent
2947	wearing	jumping	independent
2948	swimsuit	boy	independent
2949	swimsuit	shorts	independent
2950	swimsuit	paddling	disjoint
2951	swimsuit	pool	independent
2952	swimsuit	boy wearing red shorts	independent
2953	swimsuit	red shorts	independent
2954	swimsuit	paddling pool	independent
2955	jumping	wearing	independent
2956	blue	red	disjoint
2957	kiddies	boy	independent
2958	kiddies	shorts	independent
2959	kiddies	paddling	independent
2960	kiddies	pool	independent
2961	kiddies	boy wearing red shorts	independent
2962	kiddies	red shorts	independent
2963	kiddies	paddling pool	independent
2964	pool	boy	independent
2965	pool	shorts	independent
2966	pool	paddling	independent
2967	pool	boy wearing red shorts	independent
2968	pool	red shorts	independent
2969	pool	paddling pool	reverseentailment
2970	boy wearing a red swimsuit	boy	independent
2971	boy wearing a red swimsuit	shorts	independent
2972	boy wearing a red swimsuit	paddling	independent
2973	boy wearing a red swimsuit	pool	independent
2974	boy wearing a red swimsuit	boy wearing red shorts	independent
2975	boy wearing a red swimsuit	red shorts	independent
2976	boy wearing a red swimsuit	paddling pool	independent
2977	red swimsuit	boy	independent
2978	red swimsuit	shorts	independent
2979	red swimsuit	paddling	independent
2980	red swimsuit	pool	independent
2981	red swimsuit	boy wearing red shorts	independent
2982	red swimsuit	red shorts	independent
2983	red swimsuit	paddling pool	independent
2984	into a blue kiddies pool	into a paddling pool	independent
2985	blue kiddies pool	boy	independent
2986	blue kiddies pool	shorts	independent
2987	blue kiddies pool	paddling	independent
2988	blue kiddies pool	pool	forwardentailment
2989	blue kiddies pool	boy wearing red shorts	independent
2990	blue kiddies pool	red shorts	independent
2991	blue kiddies pool	paddling pool	independent
2992	people	ocean	disjoint
2993	people	sunset	independent
2994	standing	watching	independent
2995	ocean	sunset	independent
2996	watching	standing	independent
2997	sunset	ocean	independent
2998	Two people	ocean	disjoint
2999	Two people	sunset	disjoint
3000	race	car	independent
3001	race	driver	independent
3002	race	race car driver	independent
3003	car	race	independent
3004	car	driver	independent
3005	car	race car driver	independent
3006	driver	race	independent
3007	driver	car	independent
3008	driver	race car driver	reverseentailment
3009	standing	sitting	disjoint
3010	pointing	sitting	disjoint
3011	hand	race	independent
3012	hand	car	disjoint
3013	hand	driver	independent
3014	hand	race car driver	independent
3015	sky	race	independent
3016	sky	car	disjoint
3017	sky	driver	disjoint
3018	sky	race car driver	disjoint
3019	race car driver	race	independent
3020	race car driver	car	independent
3021	race car driver	driver	forwardentailment
3022	race	person	independent
3023	race	jacket	independent
3024	race	helmet	independent
3025	race	person in the blue jacket	independent
3026	race	blue jacket	independent
3027	race	colorful helmet	independent
3028	car	person	disjoint
3029	car	jacket	disjoint
3030	car	helmet	disjoint
3031	car	person in the blue jacket	independent
3032	car	blue jacket	disjoint
3033	car	colorful helmet	disjoint
3034	driver	person	forwardentailment
3035	driver	jacket	independent
3036	driver	helmet	independent
3037	driver	person in the blue jacket	independent
3038	driver	blue jacket	independent
3039	driver	colorful helmet	independent
3040	standing	wearing	disjoint
3041	pointing	wearing	disjoint
3042	hand	person	disjoint
3043	hand	jacket	independent
3044	hand	helmet	independent
3045	hand	person in the blue jacket	independent
3046	hand	blue jacket	independent
3047	hand	colorful helmet	independent
3048	sky	person	disjoint
3049	sky	jacket	disjoint
3050	sky	helmet	disjoint
3051	sky	person in the blue jacket	disjoint
3052	sky	blue jacket	disjoint
3053	sky	colorful helmet	disjoint
3054	race car driver	person	forwardentailment
3055	race car driver	jacket	independent
3056	race car driver	helmet	independent
3057	race car driver	person in the blue jacket	independent
3058	race car driver	blue jacket	independent
3059	race car driver	colorful helmet	independent
3060	bicyclist	cyclist	synonym
3061	bicyclist	heads	independent
3062	bicyclist	group	independent
3063	bicyclist	people	forwardentailment
3064	bicyclist	bike	independent
3065	bicyclist	people with the bike	forwardentailment
3066	holding	held	forwardentailment
3067	bike	cyclist	independent
3068	bike	heads	disjoint
3069	bike	group	disjoint
3070	bike	people with the bike	independent
3071	head	cyclist	independent
3072	head	heads	forwardentailment
3073	head	group	independent
3074	head	people	independent
3075	head	bike	disjoint
3076	head	people with the bike	independent
3077	group	cyclist	independent
3078	group	heads	independent
3079	group	bike	disjoint
3080	group	people with the bike	independent
3081	people	cyclist	reverseentailment
3082	people	heads	disjoint
3083	people	bike	disjoint
3084	people	people with the bike	reverseentailment
3085	group of people	cyclist	independent
3086	group of people	heads	independent
3087	group of people	bike	independent
3088	group of people	people with the bike	independent
3089	man	front	independent
3090	man	sunset	disjoint
3091	man	flag	independent
3092	man	sunset near a flag	independent
3093	boat	front	independent
3094	boat	sunset	independent
3095	boat	flag	independent
3096	boat	sunset near a flag	independent
3097	font	man	independent
3098	font	boat	disjoint
3099	font	front	disjoint
3100	font	sunset	independent
3101	font	flag	disjoint
3102	font	sunset near a flag	independent
3103	sunset	boat	independent
3104	sunset	front	independent
3105	sunset	flag	independent
3106	sunset	sunset near a flag	independent
3107	flag	man	independent
3108	flag	boat	independent
3109	flag	front	independent
3110	flag	sunset	independent
3111	flag	sunset near a flag	independent
3112	font of the sunset	man	independent
3113	font of the sunset	boat	independent
3114	font of the sunset	front	disjoint
3115	font of the sunset	sunset	forwardentailment
3116	font of the sunset	flag	independent
3117	font of the sunset	sunset near a flag	independent
3118	man	front of the sunset	independent
3119	boat	front of the sunset	independent
3120	front	man	independent
3121	front	boat	independent
3122	front	sunset	independent
3123	front	front of the sunset	reverseentailment
3124	sunset	front of the sunset	independent
3125	flag	front of the sunset	independent
3126	sunset near a flag	man	independent
3127	sunset near a flag	boat	independent
3128	sunset near a flag	front	independent
3129	sunset near a flag	sunset	independent
3130	sunset near a flag	front of the sunset	independent
3131	People	crowd	reverseentailment
3132	People	racing	independent
3133	People	cars	disjoint
3134	People	line	independent
3135	People	starting line	disjoint
3136	drag	crowd	independent
3137	drag	racing	independent
3138	drag	cars	independent
3139	drag	line	forwardentailment
3140	drag	starting line	disjoint
3141	race	crowd	independent
3142	race	racing	synonym
3143	race	cars	independent
3144	race	line	disjoint
3145	race	starting line	independent
3146	running	watching	disjoint
3147	running	leaving	disjoint
3148	running	starting	disjoint
3149	flames	crowd	disjoint
3150	flames	racing	independent
3151	flames	cars	independent
3152	flames	line	independent
3153	flames	starting line	disjoint
3154	coming	watching	independent
3155	coming	leaving	disjoint
3156	coming	starting	reverseentailment
3157	cars	crowd	independent
3158	cars	racing	independent
3159	cars	line	independent
3160	cars	starting line	disjoint
3161	People at a drag race	crowd	independent
3162	People at a drag race	racing	independent
3163	People at a drag race	cars	independent
3164	People at a drag race	line	independent
3165	People at a drag race	starting line	independent
3166	drag race	crowd	independent
3167	drag race	racing	forwardentailment
3168	drag race	cars	independent
3169	drag race	line	independent
3170	drag race	starting line	independent
3171	dogs	grass	independent
3172	playing	resting	disjoint
3173	grass	dogs	independent
3174	grass	Two dogs	independent
3175	Two dogs	grass	independent
3176	on the grass	in the grass	synonym
3177	dog	black dog	reverseentailment
3178	grass	black dog	independent
3179	tongue	dog	independent
3180	tongue	grass	disjoint
3181	tongue	black dog	independent
3182	hanging	running	disjoint
3183	black dog	dog	forwardentailment
3184	black dog	grass	independent
3185	yellow	white	disjoint
3186	yellow	sunny	independent
3187	dog	snow	disjoint
3188	dog	day	independent
3189	dog	yellow dog	reverseentailment
3190	dog	white snow	independent
3191	dog	sunny day	independent
3192	white	yellow	disjoint
3193	white	sunny	independent
3194	snow	dog	independent
3195	snow	day	disjoint
3196	snow	yellow dog	independent
3197	snow	white snow	synonym
3198	snow	sunny day	disjoint
3199	sunny	yellow	independent
3200	sunny	white	independent
3201	day	dog	independent
3202	day	snow	independent
3203	day	yellow dog	independent
3204	day	white snow	disjoint
3205	day	sunny day	reverseentailment
3206	yellow dog	dog	forwardentailment
3207	yellow dog	snow	independent
3208	yellow dog	day	independent
3209	yellow dog	white snow	disjoint
3210	yellow dog	sunny day	independent
3211	on white snow	on a sunny day	disjoint
3212	white snow	dog	independent
3213	white snow	snow	forwardentailment
3214	white snow	day	disjoint
3215	white snow	yellow dog	independent
3216	white snow	sunny day	disjoint
3217	on a very sunny day	on white snow	disjoint
3218	on a very sunny day	on a sunny day	forwardentailment
3219	very sunny day	dog	independent
3220	very sunny day	snow	disjoint
3221	very sunny day	day	independent
3222	very sunny day	yellow dog	independent
3223	very sunny day	white snow	disjoint
3224	very sunny day	sunny day	forwardentailment
3225	girl	boy	disjoint
3226	girl	tree	disjoint
3227	girl	desert	disjoint
3228	girl	boy in a pink shirt	disjoint
3229	girl	pink shirt	independent
3230	wearing	running	independent
3231	jeans	boy	independent
3232	jeans	shirt	disjoint
3233	jeans	tree	disjoint
3234	jeans	desert	disjoint
3235	jeans	boy in a pink shirt	independent
3236	jeans	pink shirt	independent
3237	pink	little	independent
3238	shirt	boy	independent
3239	shirt	tree	disjoint
3240	shirt	desert	disjoint
3241	shirt	boy in a pink shirt	independent
3242	shirt	pink shirt	reverseentailment
3243	pink shirt	boy	independent
3244	pink shirt	shirt	forwardentailment
3245	pink shirt	tree	disjoint
3246	pink shirt	desert	disjoint
3247	pink shirt	boy in a pink shirt	independent
3248	dog	reindeer	disjoint
3249	dog	ears	independent
3250	dog	white reindeer wearing dog ears	disjoint
3251	dog	reindeer wearing dog ears	disjoint
3252	dog	dog ears	independent
3253	dog	brown reindeer	disjoint
3254	Christmas	reindeer	independent
3255	Christmas	dog	disjoint
3256	Christmas	ears	disjoint
3257	Christmas	white reindeer wearing dog ears	independent
3258	Christmas	reindeer wearing dog ears	disjoint
3259	Christmas	dog ears	disjoint
3260	Christmas	brown reindeer	independent
3261	reindeer	dog	disjoint
3262	reindeer	ears	independent
3263	reindeer	white reindeer wearing dog ears	independent
3264	reindeer	reindeer wearing dog ears	independent
3265	reindeer	dog ears	disjoint
3266	reindeer	brown reindeer	reverseentailment
3267	headband	reindeer	disjoint
3268	headband	dog	disjoint
3269	headband	ears	disjoint
3270	headband	white reindeer wearing dog ears	disjoint
3271	headband	reindeer wearing dog ears	disjoint
3272	headband	dog ears	disjoint
3273	headband	brown reindeer	disjoint
3274	playing	wearing	independent
3275	grass	reindeer	disjoint
3276	grass	ears	disjoint
3277	grass	white reindeer wearing dog ears	disjoint
3278	grass	reindeer wearing dog ears	disjoint
3279	grass	dog ears	independent
3280	grass	brown reindeer	independent
3281	white dog	reindeer	disjoint
3282	white dog	ears	independent
3283	white dog	white reindeer wearing dog ears	disjoint
3284	white dog	reindeer wearing dog ears	disjoint
3285	white dog	dog ears	independent
3286	white dog	brown reindeer	disjoint
3287	Christmas reindeer headband	reindeer	independent
3288	Christmas reindeer headband	dog	disjoint
3289	Christmas reindeer headband	ears	independent
3290	Christmas reindeer headband	white reindeer wearing dog ears	disjoint
3291	Christmas reindeer headband	reindeer wearing dog ears	disjoint
3292	Christmas reindeer headband	dog ears	disjoint
3293	Christmas reindeer headband	brown reindeer	independent
3294	with a brown dog	near a brown reindeer	disjoint
3295	brown dog	reindeer	disjoint
3296	brown dog	dog	forwardentailment
3297	brown dog	ears	independent
3298	brown dog	white reindeer wearing dog ears	disjoint
3299	brown dog	reindeer wearing dog ears	disjoint
3300	brown dog	dog ears	independent
3301	brown dog	brown reindeer	disjoint
3302	in the grass	near a brown reindeer	independent
3303	woman	costume	independent
3304	woman	brick	disjoint
3305	woman	wall	disjoint
3306	woman	instrument	independent
3307	woman	woman in a red costume	independent
3308	woman	red costume	independent
3309	woman	brick wall	disjoint
3310	costume	woman	independent
3311	costume	brick	disjoint
3312	costume	wall	disjoint
3313	costume	instrument	disjoint
3314	costume	woman in a red costume	independent
3315	costume	red costume	reverseentailment
3316	costume	brick wall	disjoint
3317	leaning	playing	independent
3318	brick	woman	independent
3319	brick	costume	independent
3320	brick	wall	independent
3321	brick	instrument	disjoint
3322	brick	woman in a red costume	independent
3323	brick	red costume	independent
3324	brick	brick wall	independent
3325	wall	woman	independent
3326	wall	costume	independent
3327	wall	brick	independent
3328	wall	instrument	independent
3329	wall	woman in a red costume	independent
3330	wall	red costume	independent
3331	wall	brick wall	reverseentailment
3332	playing	leaning	independent
3333	instrument	woman	independent
3334	instrument	costume	disjoint
3335	instrument	brick	disjoint
3336	instrument	wall	disjoint
3337	instrument	woman in a red costume	independent
3338	instrument	red costume	disjoint
3339	instrument	brick wall	disjoint
3340	woman in a red costume	woman	independent
3341	woman in a red costume	costume	independent
3342	woman in a red costume	brick	disjoint
3343	woman in a red costume	wall	disjoint
3344	woman in a red costume	instrument	independent
3345	woman in a red costume	red costume	forwardentailment
3346	woman in a red costume	brick wall	independent
3347	red costume	woman	independent
3348	red costume	costume	forwardentailment
3349	red costume	brick	disjoint
3350	red costume	wall	disjoint
3351	red costume	instrument	independent
3352	red costume	woman in a red costume	reverseentailment
3353	red costume	brick wall	disjoint
3354	brick wall	woman	independent
3355	brick wall	costume	disjoint
3356	brick wall	brick	independent
3357	brick wall	wall	forwardentailment
3358	brick wall	instrument	disjoint
3359	brick wall	woman in a red costume	independent
3360	brick wall	red costume	independent
3361	waterfall	people	independent
3362	waterfall	road	disjoint
3363	waterfall	road beside a beautiful waterfall	independent
3364	waterfall	beautiful waterfall	reverseentailment
3365	flowing	walking	disjoint
3366	shallow	people	independent
3367	shallow	road	independent
3368	shallow	waterfall	independent
3369	shallow	road beside a beautiful waterfall	independent
3370	shallow	beautiful waterfall	independent
3371	pool	people	independent
3372	pool	road	disjoint
3373	pool	waterfall	disjoint
3374	pool	road beside a beautiful waterfall	disjoint
3375	pool	beautiful waterfall	disjoint
3376	shallow pool	people	independent
3377	shallow pool	road	disjoint
3378	shallow pool	waterfall	disjoint
3379	shallow pool	road beside a beautiful waterfall	disjoint
3380	shallow pool	beautiful waterfall	independent
3381	dog	pack	independent
3382	dog	sheep	disjoint
3383	dog	farm	independent
3384	dog	sheep on a dusty farm	disjoint
3385	dog	dusty farm	independent
3386	scattering	herding	reverseentailment
3387	pack	dog	independent
3388	pack	sheep	independent
3389	pack	farm	independent
3390	pack	sheep on a dusty farm	independent
3391	pack	dusty farm	independent
3392	white	dusty	disjoint
3393	sheep	dog	disjoint
3394	sheep	pack	disjoint
3395	sheep	farm	independent
3396	sheep	sheep on a dusty farm	independent
3397	sheep	dusty farm	independent
3398	dusty	white	independent
3399	farm	dog	independent
3400	farm	pack	independent
3401	farm	sheep	independent
3402	farm	sheep on a dusty farm	independent
3403	farm	dusty farm	independent
3404	sheep on a dusty farm	dog	disjoint
3405	sheep on a dusty farm	pack	disjoint
3406	sheep on a dusty farm	sheep	independent
3407	sheep on a dusty farm	farm	independent
3408	sheep on a dusty farm	dusty farm	forwardentailment
3409	dusty farm	dog	independent
3410	dusty farm	pack	independent
3411	dusty farm	sheep	independent
3412	dusty farm	farm	independent
3413	dusty farm	sheep on a dusty farm	reverseentailment
3414	little	yellow	independent
3415	boy	tank	disjoint
3416	boy	top	independent
3417	boy	laughing boy	independent
3418	boy	yellow tank	independent
3419	wearing	laughing	independent
3420	tank	boy	disjoint
3421	tank	top	disjoint
3422	tank	laughing boy	disjoint
3423	tank	yellow tank	reverseentailment
3424	top	boy	independent
3425	top	tank	disjoint
3426	top	laughing boy	independent
3427	top	yellow tank	independent
3428	laughing	wearing	independent
3429	little boy	boy	forwardentailment
3430	little boy	tank	disjoint
3431	little boy	top	independent
3432	little boy	laughing boy	independent
3433	little boy	yellow tank	independent
3434	yellow tank top	boy	independent
3435	yellow tank top	tank	independent
3436	yellow tank top	top	forwardentailment
3437	yellow tank top	laughing boy	independent
3438	yellow tank top	yellow tank	independent
3439	person	field	disjoint
3440	person	ice	disjoint
3441	person	vast field of glacial ice	disjoint
3442	person	field of glacial ice	disjoint
3443	person	glacial ice	disjoint
3444	white	vast	independent
3445	white	glacial	independent
3446	ice	person	disjoint
3447	ice	field	disjoint
3448	ice	vast field of glacial ice	independent
3449	ice	field of glacial ice	reverseentailment
3450	ice	glacial ice	reverseentailment
3451	white ice	person	disjoint
3452	white ice	field	disjoint
3453	white ice	ice	forwardentailment
3454	white ice	vast field of glacial ice	independent
3455	white ice	field of glacial ice	independent
3456	white ice	glacial ice	independent
3457	ice	hockey	independent
3458	ice	player	independent
3459	ice	jersey	independent
3460	ice	goal	disjoint
3461	ice	hockey player	independent
3462	ice	yellow jersey guarding the goal	independent
3463	ice	jersey guarding the goal	independent
3464	hockey	player	independent
3465	hockey	jersey	independent
3466	hockey	goal	independent
3467	hockey	hockey player	independent
3468	hockey	yellow jersey guarding the goal	independent
3469	hockey	jersey guarding the goal	independent
3470	goalkeeper	hockey	independent
3471	goalkeeper	player	forwardentailment
3472	goalkeeper	jersey	independent
3473	goalkeeper	goal	disjoint
3474	goalkeeper	hockey player	independent
3475	goalkeeper	yellow jersey guarding the goal	independent
3476	goalkeeper	jersey guarding the goal	independent
3477	wearing	guarding	disjoint
3478	jersey	hockey	independent
3479	jersey	player	independent
3480	jersey	goal	disjoint
3481	jersey	hockey player	independent
3482	jersey	yellow jersey guarding the goal	reverseentailment
3483	jersey	jersey guarding the goal	independent
3484	defending	guarding	reverseentailment
3485	goal	hockey	independent
3486	goal	player	independent
3487	goal	jersey	disjoint
3488	goal	hockey player	independent
3489	goal	yellow jersey guarding the goal	independent
3490	goal	jersey guarding the goal	independent
3491	ice hockey goalkeeper	hockey	independent
3492	ice hockey goalkeeper	player	forwardentailment
3493	ice hockey goalkeeper	jersey	independent
3494	ice hockey goalkeeper	goal	disjoint
3495	ice hockey goalkeeper	hockey player	forwardentailment
3496	ice hockey goalkeeper	yellow jersey guarding the goal	independent
3497	ice hockey goalkeeper	jersey guarding the goal	independent
3498	yellow jersey	hockey	independent
3499	yellow jersey	player	independent
3500	yellow jersey	jersey	forwardentailment
3501	yellow jersey	goal	independent
3502	yellow jersey	hockey player	independent
3503	yellow jersey	yellow jersey guarding the goal	reverseentailment
3504	yellow jersey	jersey guarding the goal	independent
3505	woman	bicycle	independent
3506	woman	lots	independent
3507	woman	helmets	independent
3508	woman	blue bicycle	independent
3509	woman	lots of riding helmets	independent
3510	woman	riding helmets	independent
3511	wearing	parking	independent
3512	helmet	woman	independent
3513	helmet	bicycle	independent
3514	helmet	lots	independent
3515	helmet	riding	independent
3516	helmet	helmets	forwardentailment
3517	helmet	blue bicycle	independent
3518	helmet	lots of riding helmets	independent
3519	helmet	riding helmets	reverseentailment
3520	riding	parking	disjoint
3521	bicycle	woman	independent
3522	bicycle	lots	independent
3523	bicycle	riding	independent
3524	bicycle	helmets	independent
3525	bicycle	blue bicycle	reverseentailment
3526	bicycle	lots of riding helmets	independent
3527	bicycle	riding helmets	independent
3528	parking	woman	independent
3529	parking	bicycle	independent
3530	parking	lots	independent
3531	parking	riding	disjoint
3532	parking	helmets	independent
3533	parking	blue bicycle	independent
3534	parking	lots of riding helmets	independent
3535	parking	riding helmets	disjoint
3536	lot	woman	independent
3537	lot	bicycle	independent
3538	lot	lots	forwardentailment
3539	lot	riding	independent
3540	lot	helmets	independent
3541	lot	blue bicycle	independent
3542	lot	lots of riding helmets	independent
3543	lot	riding helmets	independent
3544	blue helmet	woman	independent
3545	blue helmet	bicycle	independent
3546	blue helmet	lots	independent
3547	blue helmet	riding	independent
3548	blue helmet	helmets	forwardentailment
3549	blue helmet	blue bicycle	independent
3550	blue helmet	lots of riding helmets	independent
3551	blue helmet	riding helmets	independent
3552	parking lot	woman	independent
3553	parking lot	bicycle	independent
3554	parking lot	lots	independent
3555	parking lot	riding	disjoint
3556	parking lot	helmets	independent
3557	parking lot	blue bicycle	independent
3558	parking lot	lots of riding helmets	independent
3559	parking lot	riding helmets	independent
3560	girl	female	forwardentailment
3561	girl	young female	independent
3562	standing	dancing	independent
3563	leg	female	independent
3564	leg	young female	independent
3565	young girl	female	forwardentailment
3566	young girl	young female	forwardentailment
3567	one leg	female	independent
3568	one leg	young female	independent
3569	leg	girl	independent
3570	leg	young girl	independent
3571	young girl	girl	independent
3572	one leg	girl	independent
3573	one leg	young girl	independent
3574	bee	landing	independent
3575	bee	bunch	independent
3576	bee	flowers	independent
3577	bee	bunch of yellow flowers	independent
3578	bee	yellow flowers	independent
3579	yellow	small	independent
3580	flower	bee	independent
3581	flower	landing	independent
3582	flower	bunch	independent
3583	flower	flowers	forwardentailment
3584	flower	bunch of yellow flowers	independent
3585	flower	yellow flowers	independent
3586	yellow flower	bee	independent
3587	yellow flower	landing	independent
3588	yellow flower	bunch	independent
3589	yellow flower	flowers	forwardentailment
3590	yellow flower	bunch of yellow flowers	independent
3591	yellow flower	yellow flowers	forwardentailment
3592	dog	brush	disjoint
3593	dog	tan dog	reverseentailment
3594	beige	tan	disjoint
3595	spots	dog	independent
3596	spots	brush	independent
3597	spots	tan dog	independent
3598	field	dog	independent
3599	field	brush	independent
3600	field	tan dog	independent
3601	spots running through a field	dog	independent
3602	spots running through a field	brush	independent
3603	spots running through a field	tan dog	independent
3604	through a field	through the brush	disjoint
3605	hurdle	horse	disjoint
3606	hurdle	rider	independent
3607	hurdle	barrier	forwardentailment
3608	leapt	leaping	synonym
3609	horse	rider	independent
3610	horse	barrier	independent
3611	rider	horse	disjoint
3612	rider	barrier	independent
3613	back	horse	independent
3614	back	rider	independent
3615	back	barrier	disjoint
3616	rider on its back	horse	independent
3617	rider on its back	rider	disjoint
3618	rider on its back	barrier	disjoint
3619	teenage	fancy	independent
3620	girls	teens	independent
3621	girls	dresses	independent
3622	girls	event	independent
3623	girls	Two girls in their teens	independent
3624	girls	fancy dresses	independent
3625	dresses	girls	independent
3626	dresses	teens	independent
3627	dresses	event	independent
3628	dresses	Two girls in their teens	independent
3629	dresses	fancy dresses	reverseentailment
3630	event	girls	independent
3631	event	teens	independent
3632	event	dresses	independent
3633	event	Two girls in their teens	independent
3634	event	fancy dresses	independent
3635	Two teenage girls	girls	independent
3636	Two teenage girls	teens	independent
3637	Two teenage girls	dresses	independent
3638	Two teenage girls	event	independent
3639	Two teenage girls	Two girls in their teens	reverseentailment
3640	Two teenage girls	fancy dresses	independent
3641	fancy dresses	girls	independent
3642	fancy dresses	teens	independent
3643	fancy dresses	dresses	forwardentailment
3644	fancy dresses	event	independent
3645	fancy dresses	Two girls in their teens	independent
3646	classroom	group	independent
3647	classroom	students	independent
3648	classroom	uniforms	independent
3649	classroom	front	independent
3650	classroom	class	synonym
3651	classroom	group of students in uniforms	independent
3652	classroom	students in uniforms	independent
3653	classroom	front of the class	independent
3654	students	group	independent
3655	students	uniforms	independent
3656	students	front	independent
3657	students	class	independent
3658	students	group of students in uniforms	independent
3659	students	students in uniforms	independent
3660	students	front of the class	independent
3661	looking	listening	disjoint
3662	direction	group	independent
3663	direction	students	independent
3664	direction	uniforms	independent
3665	direction	front	independent
3666	direction	class	independent
3667	direction	group of students in uniforms	independent
3668	direction	students in uniforms	independent
3669	direction	front of the class	independent
3670	bamboo	group	independent
3671	bamboo	students	independent
3672	bamboo	uniforms	independent
3673	bamboo	front	independent
3674	bamboo	class	independent
3675	bamboo	group of students in uniforms	independent
3676	bamboo	students in uniforms	independent
3677	bamboo	front of the class	disjoint
3678	structure	group	reverseentailment
3679	structure	students	independent
3680	structure	uniforms	disjoint
3681	structure	front	independent
3682	structure	class	reverseentailment
3683	structure	group of students in uniforms	independent
3684	structure	students in uniforms	independent
3685	structure	front of the class	independent
3686	classroom full of students	group	independent
3687	classroom full of students	students	independent
3688	classroom full of students	uniforms	independent
3689	classroom full of students	front	independent
3690	classroom full of students	class	independent
3691	classroom full of students	group of students in uniforms	independent
3692	classroom full of students	students in uniforms	independent
3693	classroom full of students	front of the class	independent
3694	direction inside a bamboo structure	group	independent
3695	direction inside a bamboo structure	students	independent
3696	direction inside a bamboo structure	uniforms	independent
3697	direction inside a bamboo structure	front	independent
3698	direction inside a bamboo structure	class	independent
3699	direction inside a bamboo structure	group of students in uniforms	independent
3700	direction inside a bamboo structure	students in uniforms	independent
3701	direction inside a bamboo structure	front of the class	independent
3702	bamboo structure	group	independent
3703	bamboo structure	students	independent
3704	bamboo structure	uniforms	independent
3705	bamboo structure	front	independent
3706	bamboo structure	class	independent
3707	bamboo structure	group of students in uniforms	disjoint
3708	bamboo structure	students in uniforms	disjoint
3709	bamboo structure	front of the class	disjoint
3710	child	outdoors	independent
3711	child	steps	independent
3712	child	area	independent
3713	child	small child	reverseentailment
3714	child	grassy area	independent
3715	small	grassy	independent
3716	outdoors	child	independent
3717	outdoors	steps	independent
3718	outdoors	area	forwardentailment
3719	outdoors	small child	independent
3720	outdoors	grassy area	reverseentailment
3721	steps	child	independent
3722	steps	outdoors	disjoint
3723	steps	area	forwardentailment
3724	steps	small child	independent
3725	steps	grassy area	independent
3726	area	child	independent
3727	area	outdoors	reverseentailment
3728	area	steps	independent
3729	area	small child	independent
3730	area	grassy area	reverseentailment
3731	full	small	disjoint
3732	full	grassy	independent
3733	grass	child	independent
3734	grass	outdoors	independent
3735	grass	steps	disjoint
3736	grass	area	forwardentailment
3737	grass	small child	independent
3738	grass	grassy area	independent
3739	area full of grass	child	independent
3740	area full of grass	outdoors	independent
3741	area full of grass	steps	independent
3742	area full of grass	area	forwardentailment
3743	area full of grass	small child	independent
3744	area full of grass	grassy area	synonym
3745	of grass	in a grassy area	independent
3746	little	small	synonym
3747	little	grassy	independent
3748	pink	small	independent
3749	pink	grassy	independent
3750	sweater	child	independent
3751	sweater	outdoors	independent
3752	sweater	steps	independent
3753	sweater	area	independent
3754	sweater	small child	independent
3755	sweater	grassy area	disjoint
3756	concrete	child	independent
3757	concrete	outdoors	independent
3758	concrete	steps	independent
3759	concrete	area	independent
3760	concrete	small child	independent
3761	concrete	grassy area	disjoint
3762	staircase	child	independent
3763	staircase	outdoors	independent
3764	staircase	steps	synonym
3765	staircase	area	forwardentailment
3766	staircase	small child	independent
3767	staircase	grassy area	disjoint
3768	little child	child	forwardentailment
3769	little child	outdoors	independent
3770	little child	steps	independent
3771	little child	area	independent
3772	little child	small child	reverseentailment
3773	little child	grassy area	independent
3774	pink sweater	child	independent
3775	pink sweater	outdoors	independent
3776	pink sweater	steps	independent
3777	pink sweater	area	independent
3778	pink sweater	small child	independent
3779	pink sweater	grassy area	independent
3780	concrete staircase	child	independent
3781	concrete staircase	outdoors	independent
3782	concrete staircase	steps	forwardentailment
3783	concrete staircase	area	independent
3784	concrete staircase	small child	independent
3785	concrete staircase	grassy area	disjoint
3786	kid	ball	independent
3787	kid	child	synonym
3788	kid	snow ball	disjoint
3789	orange	snow	disjoint
3790	orange	ball	disjoint
3791	orange	child	independent
3792	orange	snow ball	disjoint
3793	playing	made	independent
3794	snowball	snow	forwardentailment
3795	snowball	ball	forwardentailment
3796	snowball	child	independent
3797	snowball	snow ball	forwardentailment
3798	kid in orange	snow	disjoint
3799	kid in orange	ball	independent
3800	kid in orange	child	independent
3801	kid in orange	snow ball	disjoint
3802	outside with a snowball	by a child	independent
3803	with a snowball	by a child	independent
3804	people	bench	disjoint
3805	people	palm	independent
3806	people	trees	disjoint
3807	people	Three people	independent
3808	people	palm trees	disjoint
3809	bench	people	disjoint
3810	bench	palm	disjoint
3811	bench	trees	disjoint
3812	bench	Three people	disjoint
3813	bench	palm trees	disjoint
3814	front	bench	independent
3815	front	palm	independent
3816	front	trees	independent
3817	front	Three people	independent
3818	front	palm trees	independent
3819	restaurant	bench	disjoint
3820	restaurant	palm	disjoint
3821	restaurant	trees	disjoint
3822	restaurant	Three people	independent
3823	restaurant	palm trees	disjoint
3824	front of a restaurant	people	independent
3825	front of a restaurant	bench	independent
3826	front of a restaurant	palm	disjoint
3827	front of a restaurant	trees	disjoint
3828	front of a restaurant	Three people	independent
3829	front of a restaurant	palm trees	independent
3830	large	brown	independent
3831	large	small	disjoint
3832	large	rocky	independent
3833	brown	big	independent
3834	brown	small	independent
3835	brown	rocky	independent
3836	dog	grey	independent
3837	dog	surface	independent
3838	dog	big brown dog	independent
3839	dog	small grey dog	independent
3840	dog	rocky surface	independent
3841	small	big	disjoint
3842	small	brown	independent
3843	small	rocky	independent
3844	grey	dog	independent
3845	grey	surface	independent
3846	grey	big brown dog	disjoint
3847	grey	small grey dog	independent
3848	grey	rocky surface	independent
3849	rocky	big	independent
3850	rocky	brown	independent
3851	rocky	small	independent
3852	surface	dog	independent
3853	surface	grey	independent
3854	surface	big brown dog	independent
3855	surface	small grey dog	independent
3856	surface	rocky surface	reverseentailment
3857	large brown dog	dog	independent
3858	large brown dog	grey	independent
3859	large brown dog	surface	independent
3860	large brown dog	big brown dog	forwardentailment
3861	large brown dog	small grey dog	disjoint
3862	large brown dog	rocky surface	disjoint
3863	small grey dog	dog	forwardentailment
3864	small grey dog	grey	independent
3865	small grey dog	surface	independent
3866	small grey dog	big brown dog	disjoint
3867	small grey dog	rocky surface	independent
3868	rocky surface	dog	independent
3869	rocky surface	grey	independent
3870	rocky surface	surface	forwardentailment
3871	rocky surface	big brown dog	disjoint
3872	rocky surface	small grey dog	independent
3873	boys	rocks	independent
3874	boys	river	independent
3875	boys	Three boys	independent
3876	boys	rocks along a river	independent
3877	resting	walking	disjoint
3878	rocks	boys	independent
3879	rocks	river	independent
3880	rocks	Three boys	independent
3881	rocks	rocks along a river	reverseentailment
3882	river	boys	independent
3883	river	rocks	independent
3884	river	Three boys	independent
3885	river	rocks along a river	independent
3886	Three boys	boys	independent
3887	Three boys	rocks	independent
3888	Three boys	river	independent
3889	Three boys	rocks along a river	independent
3890	rocks along a river	boys	independent
3891	rocks along a river	rocks	forwardentailment
3892	rocks along a river	river	independent
3893	rocks along a river	Three boys	independent
3894	man	mask	independent
3895	man	man dressed in black	independent
3896	man	elaborate black mask	independent
3897	dressed	wearing	synonym
3898	black	elaborate	independent
3899	wearing	dressed	synonym
3900	elaborate	black	independent
3901	mask	man	independent
3902	mask	man dressed in black	independent
3903	mask	elaborate black mask	reverseentailment
3904	elaborate black mask	man	independent
3905	elaborate black mask	mask	forwardentailment
3906	elaborate black mask	man dressed in black	independent
3907	children	father	disjoint
3908	children	daughter	reverseentailment
3909	children	go-kart	independent
3910	children	girl	independent
3911	playing	pushing	independent
3912	playing	watching	disjoint
3913	toy	father	disjoint
3914	toy	daughter	independent
3915	toy	go-kart	independent
3916	toy	girl	independent
3917	car	father	disjoint
3918	car	daughter	independent
3919	car	go-kart	disjoint
3920	car	girl	independent
3921	street	father	independent
3922	street	daughter	independent
3923	street	go-kart	independent
3924	street	girl	independent
3925	Two children	father	disjoint
3926	Two children	daughter	independent
3927	Two children	go-kart	disjoint
3928	Two children	girl	independent
3929	with a toy car	on a go-kart	independent
3930	toy car	father	independent
3931	toy car	daughter	independent
3932	toy car	go-kart	independent
3933	toy car	girl	independent
3934	in the street	on a go-kart	independent
3935	golden	brown	disjoint
3936	golden	tall	independent
3937	golden	green	disjoint
3938	dog	brown dog	reverseentailment
3939	dog	tall green grass	independent
3940	field	grass	independent
3941	field	brown dog	independent
3942	field	tall green grass	independent
3943	tall	green	independent
3944	grass	brown dog	independent
3945	grass	tall green grass	reverseentailment
3946	golden dog	dog	forwardentailment
3947	golden dog	grass	independent
3948	golden dog	brown dog	disjoint
3949	golden dog	tall green grass	independent
3950	field of tall grass	dog	independent
3951	field of tall grass	grass	independent
3952	field of tall grass	brown dog	independent
3953	field of tall grass	tall green grass	independent
3954	tall grass	brown dog	independent
3955	tall grass	tall green grass	reverseentailment
3956	woman	shirt	independent
3957	woman	vest	independent
3958	woman	cap	independent
3959	woman	shirt with a white vest	independent
3960	woman	white vest	independent
3961	woman	white cap	independent
3962	wearing	talking	independent
3963	wearing	marching	independent
3964	uniform	woman	independent
3965	uniform	shirt	independent
3966	uniform	vest	independent
3967	uniform	cap	independent
3968	uniform	shirt with a white vest	independent
3969	uniform	white vest	independent
3970	uniform	white cap	independent
3971	hat	woman	independent
3972	hat	shirt	disjoint
3973	hat	vest	disjoint
3974	hat	cap	reverseentailment
3975	hat	shirt with a white vest	independent
3976	hat	white vest	independent
3977	hat	white cap	reverseentailment
3978	keeping	wearing	reverseentailment
3979	keeping	talking	independent
3980	keeping	marching	disjoint
3981	mouth	woman	independent
3982	mouth	shirt	disjoint
3983	mouth	vest	disjoint
3984	mouth	cap	disjoint
3985	mouth	shirt with a white vest	independent
3986	mouth	white vest	independent
3987	mouth	white cap	independent
3988	open	blue	independent
3989	open	white	independent
3990	others	woman	independent
3991	others	shirt	independent
3992	others	vest	independent
3993	others	cap	independent
3994	others	shirt with a white vest	independent
3995	others	white vest	independent
3996	others	white cap	independent
3997	dressed	talking	independent
3998	dressed	marching	independent
3999	same	blue	independent
4000	same	white	independent
4001	fashion	woman	independent
4002	fashion	shirt	independent
4003	fashion	vest	independent
4004	fashion	cap	independent
4005	fashion	shirt with a white vest	independent
4006	fashion	white vest	independent
4007	fashion	white cap	independent
4008	white and blue hat	woman	independent
4009	white and blue hat	shirt	independent
4010	white and blue hat	vest	independent
4011	white and blue hat	cap	independent
4012	white and blue hat	shirt with a white vest	independent
4013	white and blue hat	white vest	independent
4014	white and blue hat	white cap	independent
4015	same fashion	woman	independent
4016	same fashion	shirt	independent
4017	same fashion	vest	independent
4018	same fashion	cap	independent
4019	same fashion	shirt with a white vest	independent
4020	same fashion	white vest	independent
4021	same fashion	white cap	independent
4022	snowboarder	board	independent
4023	doing	jumping	reverseentailment
4024	flip	air	disjoint
4025	flip	board	independent
4026	mound	air	disjoint
4027	mound	board	independent
4028	snow	board	independent
4029	over a mound of snow	in the air	independent
4030	over a mound of snow	on a board	independent
4031	mound of snow	air	disjoint
4032	mound of snow	board	independent
4033	blonde	little	independent
4034	blonde	blond	forwardentailment
4035	boy	girl	disjoint
4036	boy	hair	independent
4037	boy	swing	independent
4038	boy	little girl	disjoint
4039	green	girl	independent
4040	green	hair	independent
4041	green	swing	independent
4042	green	little girl	independent
4043	sitting	smiling	independent
4044	swing	girl	independent
4045	swing	hair	independent
4046	swing	little girl	independent
4047	blonde boy in green	girl	disjoint
4048	blonde boy in green	hair	independent
4049	blonde boy in green	swing	independent
4050	blonde boy in green	little girl	disjoint
4051	boy in green	girl	disjoint
4052	boy in green	hair	independent
4053	boy in green	swing	independent
4054	boy in green	little girl	disjoint
4055	man	hat	independent
4056	man	stage	independent
4057	man	man in a white hat	independent
4058	man	white hat	independent
4059	staging	playing	forwardentailment
4060	hat	man	independent
4061	hat	guitar	disjoint
4062	hat	stage	independent
4063	hat	man in a white hat	independent
4064	hat	white hat	reverseentailment
4065	playing	man	independent
4066	playing	hat	independent
4067	playing	guitar	independent
4068	playing	stage	independent
4069	playing	man in a white hat	independent
4070	playing	white hat	independent
4071	guitar	hat	disjoint
4072	guitar	stage	independent
4073	guitar	man in a white hat	independent
4074	guitar	white hat	independent
4075	white man	man	independent
4076	white man	hat	independent
4077	white man	guitar	independent
4078	white man	stage	independent
4079	white man	man in a white hat	independent
4080	white man	white hat	independent
4081	playing guitar	man	independent
4082	playing guitar	hat	disjoint
4083	playing guitar	guitar	independent
4084	playing guitar	stage	independent
4085	playing guitar	man in a white hat	independent
4086	playing guitar	white hat	independent
4087	man	uniform	independent
4088	man	jump	independent
4089	man	dirt	independent
4090	man	race	independent
4091	man	man in a red uniform	independent
4092	man	red uniform	independent
4093	man	dirt bike race	independent
4094	uniform	jump	independent
4095	uniform	dirt	independent
4096	uniform	bike	disjoint
4097	uniform	race	independent
4098	uniform	man in a red uniform	independent
4099	uniform	red uniform	reverseentailment
4100	uniform	dirt bike race	independent
4101	jump	man	independent
4102	jump	uniform	independent
4103	jump	dirt	independent
4104	jump	bike	independent
4105	jump	race	independent
4106	jump	man in a red uniform	independent
4107	jump	red uniform	independent
4108	jump	dirt bike race	independent
4109	dirt	man	independent
4110	dirt	uniform	independent
4111	dirt	jump	independent
4112	dirt	bike	disjoint
4113	dirt	race	independent
4114	dirt	man in a red uniform	independent
4115	dirt	red uniform	independent
4116	dirt	dirt bike race	independent
4117	bike	uniform	independent
4118	bike	jump	disjoint
4119	bike	dirt	disjoint
4120	bike	race	independent
4121	bike	man in a red uniform	independent
4122	bike	red uniform	independent
4123	bike	dirt bike race	independent
4124	race	man	independent
4125	race	uniform	independent
4126	race	jump	disjoint
4127	race	dirt	independent
4128	race	bike	independent
4129	race	man in a red uniform	independent
4130	race	red uniform	independent
4131	race	dirt bike race	reverseentailment
4132	man in a red uniform	man	independent
4133	man in a red uniform	uniform	independent
4134	man in a red uniform	jump	independent
4135	man in a red uniform	dirt	independent
4136	man in a red uniform	bike	independent
4137	man in a red uniform	race	independent
4138	man in a red uniform	red uniform	independent
4139	man in a red uniform	dirt bike race	independent
4140	red uniform	man	independent
4141	red uniform	uniform	forwardentailment
4142	red uniform	jump	independent
4143	red uniform	dirt	independent
4144	red uniform	bike	disjoint
4145	red uniform	race	independent
4146	red uniform	man in a red uniform	independent
4147	red uniform	dirt bike race	independent
4148	dirt bike race	man	independent
4149	dirt bike race	uniform	independent
4150	dirt bike race	jump	independent
4151	dirt bike race	dirt	independent
4152	dirt bike race	bike	independent
4153	dirt bike race	race	forwardentailment
4154	dirt bike race	man in a red uniform	independent
4155	dirt bike race	red uniform	independent
4156	Rugby	soccer	disjoint
4157	Rugby	player	independent
4158	Rugby	opponent	independent
4159	Rugby	soccer player	disjoint
4160	players	soccer	independent
4161	players	player	synonym
4162	players	opponent	reverseentailment
4163	players	soccer player	reverseentailment
4164	tackling	tackled	synonym
4165	other	soccer	independent
4166	other	player	disjoint
4167	other	opponent	reverseentailment
4168	other	soccer player	independent
4169	Rugby players	soccer	disjoint
4170	Rugby players	player	forwardentailment
4171	Rugby players	opponent	independent
4172	Rugby players	soccer player	disjoint
4173	white	fallen	independent
4174	dog	leaves	independent
4175	dog	fallen leaves	independent
4176	standing	lying	disjoint
4177	fallen	white	independent
4178	leaves	dog	disjoint
4179	leaves	white dog	independent
4180	leaves	fallen leaves	reverseentailment
4181	white dog	leaves	independent
4182	white dog	fallen leaves	disjoint
4183	fallen leaves	dog	independent
4184	fallen leaves	leaves	forwardentailment
4185	fallen leaves	white dog	independent
4186	child	clothing	independent
4187	child	arms	independent
4188	child	outward	independent
4189	child	child in light colored clothing	independent
4190	child	light colored clothing	independent
4191	child	arms extended outward	independent
4192	clothing	child	independent
4193	clothing	arms	disjoint
4194	clothing	outward	independent
4195	clothing	child in light colored clothing	independent
4196	clothing	light colored clothing	reverseentailment
4197	clothing	arms extended outward	disjoint
4198	colored	standing	independent
4199	colored	extended	independent
4200	standing	colored	independent
4201	standing	extended	disjoint
4202	arms	child	independent
4203	arms	clothing	disjoint
4204	arms	outward	disjoint
4205	arms	child in light colored clothing	independent
4206	arms	light colored clothing	independent
4207	arms	arms extended outward	reverseentailment
4208	extended	colored	independent
4209	extended	standing	disjoint
4210	outward	child	independent
4211	outward	clothing	independent
4212	outward	arms	independent
4213	outward	child in light colored clothing	independent
4214	outward	light colored clothing	independent
4215	outward	arms extended outward	independent
4216	child in clothing	child	independent
4217	child in clothing	clothing	independent
4218	child in clothing	arms	independent
4219	child in clothing	outward	independent
4220	child in clothing	child in light colored clothing	reverseentailment
4221	child in clothing	light colored clothing	independent
4222	child in clothing	arms extended outward	independent
4223	arms extended outward	child	independent
4224	arms extended outward	clothing	disjoint
4225	arms extended outward	arms	forwardentailment
4226	arms extended outward	outward	forwardentailment
4227	arms extended outward	child in light colored clothing	independent
4228	arms extended outward	light colored clothing	independent
4229	boy	outdoor	independent
4230	boy	gym	independent
4231	boy	boy and girl	independent
4232	boy	outdoor gym	independent
4233	girl	outdoor	independent
4234	girl	gym	independent
4235	girl	boy and girl	independent
4236	girl	outdoor gym	independent
4237	playground	boy	independent
4238	playground	girl	independent
4239	playground	outdoor	forwardentailment
4240	playground	gym	disjoint
4241	playground	boy and girl	independent
4242	playground	outdoor gym	disjoint
4243	boy and girl	boy	independent
4244	boy and girl	girl	independent
4245	boy and girl	outdoor	independent
4246	boy and girl	gym	independent
4247	boy and girl	outdoor gym	independent
4248	on a playground	on the outdoor gym	disjoint
4249	motocross	biker	independent
4250	motocross	jacket	disjoint
4251	motocross	pants	disjoint
4252	motocross	helmet	independent
4253	motocross	dirt	independent
4254	motocross	people	disjoint
4255	motocross	blue jacket	independent
4256	motocross	black pants	independent
4257	motocross	white helmet	independent
4258	rider	biker	synonym
4259	rider	jacket	independent
4260	rider	pants	independent
4261	rider	helmet	independent
4262	rider	dirt	independent
4263	rider	people	forwardentailment
4264	rider	blue jacket	independent
4265	rider	black pants	independent
4266	rider	white helmet	independent
4267	standing	driving	disjoint
4268	naked	blue	independent
4269	naked	black	independent
4270	naked	white	independent
4271	motocross rider	biker	forwardentailment
4272	motocross rider	jacket	independent
4273	motocross rider	pants	independent
4274	motocross rider	helmet	independent
4275	motocross rider	dirt	disjoint
4276	motocross rider	people	independent
4277	motocross rider	blue jacket	independent
4278	motocross rider	black pants	independent
4279	motocross rider	white helmet	independent
4280	blue	black	disjoint
4281	black	blue	disjoint
4282	bike	biker	independent
4283	bike	jacket	disjoint
4284	bike	helmet	independent
4285	bike	blue jacket	independent
4286	bike	black pants	independent
4287	bike	white helmet	independent
4288	wearing	driving	independent
4289	wearing	watching	disjoint
4290	pants	biker	independent
4291	pants	jacket	disjoint
4292	pants	helmet	disjoint
4293	pants	dirt	independent
4294	pants	blue jacket	independent
4295	pants	black pants	reverseentailment
4296	pants	white helmet	independent
4297	blue and black motocross bike	biker	independent
4298	blue and black motocross bike	jacket	disjoint
4299	blue and black motocross bike	pants	disjoint
4300	blue and black motocross bike	helmet	independent
4301	blue and black motocross bike	dirt	independent
4302	blue and black motocross bike	people	disjoint
4303	blue and black motocross bike	blue jacket	independent
4304	blue and black motocross bike	black pants	independent
4305	blue and black motocross bike	white helmet	independent
4306	motocross bike	biker	independent
4307	motocross bike	jacket	disjoint
4308	motocross bike	pants	disjoint
4309	motocross bike	helmet	independent
4310	motocross bike	dirt	independent
4311	motocross bike	people	disjoint
4312	motocross bike	blue jacket	disjoint
4313	motocross bike	black pants	disjoint
4314	motocross bike	white helmet	independent
4315	trick	rollerblader	independent
4316	trick	ramp	disjoint
4317	trick	trick on a ramp	reverseentailment
4318	performed	performing	synonym
4319	rollerblader	trick	independent
4320	rollerblader	ramp	disjoint
4321	rollerblader	trick on a ramp	independent
4322	ramp	rollerblader	independent
4323	ramp	trick	independent
4324	ramp	trick on a ramp	independent
4325	group	football	independent
4326	group	game	independent
4327	group	football game	independent
4328	football	crowd	independent
4329	football	game	independent
4330	football	football game	independent
4331	players	crowd	disjoint
4332	players	football	independent
4333	players	game	independent
4334	players	football game	independent
4335	field	crowd	disjoint
4336	field	football	independent
4337	field	game	independent
4338	field	football game	independent
4339	group of football players	crowd	disjoint
4340	group of football players	football	independent
4341	group of football players	game	independent
4342	group of football players	football game	independent
4343	football players	crowd	disjoint
4344	football players	football	independent
4345	football players	game	independent
4346	football players	football game	independent
4347	group	camera	independent
4348	people	camera	disjoint
4349	standing	looking	independent
4350	looking	standing	independent
4351	camera	group	independent
4352	camera	people	disjoint
4353	camera	group of people	independent
4354	group of people	camera	independent
4355	dog	yard	independent
4356	dog	toy in its mouth	independent
4357	yard	toy	disjoint
4358	yard	mouth	independent
4359	yard	brown dog	independent
4360	yard	toy in its mouth	disjoint
4361	toy	yard	disjoint
4362	toy	mouth	independent
4363	toy	brown dog	disjoint
4364	toy	toy in its mouth	independent
4365	mouth	yard	independent
4366	mouth	toy	disjoint
4367	mouth	brown dog	independent
4368	mouth	toy in its mouth	reverseentailment
4369	brown dog	yard	independent
4370	brown dog	toy	disjoint
4371	brown dog	mouth	independent
4372	brown dog	toy in its mouth	independent
4373	with a toy	across the yard	independent
4374	in its mouth	across the yard	disjoint
4375	young	green	independent
4376	young	high	independent
4377	boy	person	forwardentailment
4378	boy	shirt	independent
4379	boy	grass	independent
4380	boy	person with a green shirt	independent
4381	boy	green shirt	independent
4382	air	person	independent
4383	air	shirt	independent
4384	air	grass	independent
4385	air	person with a green shirt	independent
4386	air	green shirt	independent
4387	knees	person	independent
4388	knees	shirt	disjoint
4389	knees	grass	disjoint
4390	knees	person with a green shirt	independent
4391	knees	green shirt	independent
4392	bent	green	independent
4393	bent	high	independent
4394	arms	person	independent
4395	arms	shirt	disjoint
4396	arms	grass	independent
4397	arms	person with a green shirt	independent
4398	arms	green shirt	independent
4399	spread	person	independent
4400	spread	shirt	independent
4401	spread	grass	independent
4402	spread	person with a green shirt	independent
4403	spread	green shirt	independent
4404	in the air	over the grass	independent
4405	cigarette	man	independent
4406	cigarette	straw	disjoint
4407	cigarette	hat	disjoint
4408	cigarette	smoking	independent
4409	cigarette	straw hat	independent
4410	cigarette	smoking a cigarette	independent
4411	smoked	wearing	disjoint
4412	man	straw	independent
4413	man	smoking	independent
4414	man	cigarette	independent
4415	man	straw hat	independent
4416	man	smoking a cigarette	independent
4417	straw	man	independent
4418	straw	hat	independent
4419	straw	smoking	independent
4420	straw	cigarette	disjoint
4421	straw	straw hat	independent
4422	straw	smoking a cigarette	disjoint
4423	hat	straw	independent
4424	hat	smoking	independent
4425	hat	cigarette	disjoint
4426	hat	straw hat	reverseentailment
4427	hat	smoking a cigarette	disjoint
4428	straw hat	man	independent
4429	straw hat	straw	independent
4430	straw hat	hat	forwardentailment
4431	straw hat	smoking	independent
4432	straw hat	cigarette	independent
4433	straw hat	smoking a cigarette	independent
4434	man	shirt	independent
4435	man	unicycle	disjoint
4436	man	street	independent
4437	man	blue checkered shirt	independent
4438	man	unicycle in the street	independent
4439	wearing	riding	reverseentailment
4440	blue	checkered	disjoint
4441	shirt	man	independent
4442	shirt	unicycle	independent
4443	shirt	street	independent
4444	shirt	blue checkered shirt	reverseentailment
4445	shirt	unicycle in the street	independent
4446	long	blue	independent
4447	long	checkered	independent
4448	sleeves	man	independent
4449	sleeves	shirt	independent
4450	sleeves	unicycle	independent
4451	sleeves	street	independent
4452	sleeves	blue checkered shirt	independent
4453	sleeves	unicycle in the street	independent
4454	jeans	man	independent
4455	jeans	unicycle	disjoint
4456	jeans	street	independent
4457	jeans	blue checkered shirt	independent
4458	jeans	unicycle in the street	disjoint
4459	unicycle	man	independent
4460	unicycle	shirt	independent
4461	unicycle	street	independent
4462	unicycle	blue checkered shirt	independent
4463	unicycle	unicycle in the street	independent
4464	street	shirt	disjoint
4465	street	unicycle	independent
4466	street	blue checkered shirt	independent
4467	street	unicycle in the street	independent
4468	long sleeves and jeans	man	independent
4469	long sleeves and jeans	shirt	independent
4470	long sleeves and jeans	unicycle	disjoint
4471	long sleeves and jeans	street	independent
4472	long sleeves and jeans	blue checkered shirt	independent
4473	long sleeves and jeans	unicycle in the street	independent
4474	unicycle down a street	man	independent
4475	unicycle down a street	shirt	independent
4476	unicycle down a street	unicycle	independent
4477	unicycle down a street	street	forwardentailment
4478	unicycle down a street	blue checkered shirt	independent
4479	unicycle down a street	unicycle in the street	forwardentailment
4480	children	statue	disjoint
4481	children	Two children	independent
4482	climbing	playing	independent
4483	statue	children	independent
4484	statue	Two children	disjoint
4485	park	children	independent
4486	park	statue	independent
4487	park	Two children	independent
4488	Small children	children	forwardentailment
4489	Small children	statue	disjoint
4490	Small children	Two children	independent
4491	in a park	on a statue	independent
4492	tower	woman	disjoint
4493	tower	view	independent
4494	tower	city	independent
4495	tower	view of a city	independent
4496	looked	looking	synonym
4497	lady	view	independent
4498	lady	city	independent
4499	lady	view of a city	independent
4500	blonde lady	woman	independent
4501	blonde lady	view	independent
4502	blonde lady	city	independent
4503	blonde lady	view of a city	independent
4504	man	mountain	disjoint
4505	man	mountain top	disjoint
4506	top	mountain top	reverseentailment
4507	rocks	mountain	independent
4508	rocks	top	independent
4509	rocks	mountain top	independent
4510	clouds	mountain	disjoint
4511	clouds	top	independent
4512	clouds	mountain top	disjoint
4513	top of the rocks	mountain	independent
4514	top of the rocks	top	forwardentailment
4515	top of the rocks	mountain top	independent
4516	with clouds behind them	on a mountain top	independent
4517	clouds behind them	mountain	disjoint
4518	clouds behind them	top	disjoint
4519	clouds behind them	mountain top	disjoint
4520	child	underwater	disjoint
4521	child	pool	independent
4522	smiling	swimming	independent
4523	camera	child	independent
4524	camera	underwater	independent
4525	camera	pool	independent
4526	swimming	child	independent
4527	swimming	underwater	independent
4528	underwater	child	independent
4529	underwater	pool	independent
4530	camera and swimming underwater	child	disjoint
4531	camera and swimming underwater	underwater	disjoint
4532	camera and swimming underwater	pool	independent
4533	American	black	independent
4534	footballer	football	independent
4535	footballer	player	forwardentailment
4536	footballer	armbands	independent
4537	footballer	football player	reverseentailment
4538	footballer	black armbands	independent
4539	red	black	disjoint
4540	strip	football	disjoint
4541	strip	player	independent
4542	strip	armbands	disjoint
4543	strip	football player	independent
4544	strip	black armbands	independent
4545	American footballer	football	independent
4546	American footballer	player	forwardentailment
4547	American footballer	armbands	independent
4548	American footballer	football player	forwardentailment
4549	American footballer	black armbands	independent
4550	red and white strip	football	independent
4551	red and white strip	player	independent
4552	red and white strip	armbands	independent
4553	red and white strip	football player	independent
4554	red and white strip	black armbands	disjoint
4555	girl	woman	forwardentailment
4556	swinging	standing	disjoint
4557	woman	girl	disjoint
4558	standing	swinging	disjoint
4559	little girl	woman	disjoint
4560	child	girl	independent
4561	child	woman	disjoint
4562	showing	swinging	independent
4563	showing	standing	independent
4564	excitement	girl	independent
4565	excitement	woman	independent
4566	swing	woman	independent
4567	set	swinging	independent
4568	set	standing	independent
4569	park	girl	independent
4570	park	woman	independent
4571	small child	girl	independent
4572	small child	woman	disjoint
4573	swing set at the park	girl	independent
4574	swing set at the park	woman	independent
4575	surfer	man	independent
4576	surfer	surfboard	independent
4577	surfer	water	independent
4578	riding	falling	disjoint
4579	wave	man	independent
4580	wave	surfboard	independent
4581	wave	water	forwardentailment
4582	group	room	independent
4583	group	dim	independent
4584	group	room which is dim	independent
4585	people	room	independent
4586	people	dim	independent
4587	people	room which is dim	independent
4588	dim	group	independent
4589	dim	people	independent
4590	dim	room	independent
4591	dim	group of people	independent
4592	dim	room which is dim	independent
4593	room	group	independent
4594	room	people	independent
4595	room	dim	independent
4596	room	group of people	independent
4597	room	room which is dim	independent
4598	group of people	room	independent
4599	group of people	dim	independent
4600	group of people	room which is dim	independent
4601	dim room	group	independent
4602	dim room	people	independent
4603	dim room	room	forwardentailment
4604	dim room	dim	independent
4605	dim room	group of people	independent
4606	dim room	room which is dim	reverseentailment
4607	man	group	independent
4608	man	people	forwardentailment
4609	man	dim	independent
4610	man	group of people	disjoint
4611	man	dim room	independent
4612	women	group	independent
4613	women	people	forwardentailment
4614	women	dim	independent
4615	women	room	independent
4616	women	group of people	independent
4617	women	dim room	independent
4618	room	dim room	reverseentailment
4619	table	group	independent
4620	table	people	disjoint
4621	table	dim	independent
4622	table	room	independent
4623	table	group of people	independent
4624	table	dim room	independent
4625	candles	group	independent
4626	candles	people	disjoint
4627	candles	dim	independent
4628	candles	room	independent
4629	candles	group of people	independent
4630	candles	dim room	independent
4631	women in a dark room	group	independent
4632	women in a dark room	people	independent
4633	women in a dark room	dim	independent
4634	women in a dark room	room	independent
4635	women in a dark room	group of people	disjoint
4636	women in a dark room	dim room	independent
4637	dark room	group	independent
4638	dark room	people	independent
4639	dark room	dim	independent
4640	dark room	room	forwardentailment
4641	dark room	group of people	independent
4642	dark room	dim room	synonym
4643	at a table	in a dim room	independent
4644	with candles	in a dim room	independent
4645	man	group of dim people	independent
4646	man	dim people	independent
4647	women	group of dim people	independent
4648	women	dim people	independent
4649	room	group of dim people	independent
4650	room	dim people	independent
4651	table	group of dim people	independent
4652	table	dim people	independent
4653	candles	group of dim people	independent
4654	candles	dim people	independent
4655	women in a darkened room	group	independent
4656	women in a darkened room	dim	independent
4657	women in a darkened room	people	independent
4658	women in a darkened room	room	independent
4659	women in a darkened room	group of dim people	independent
4660	women in a darkened room	dim people	independent
4661	darkened room	group	independent
4662	darkened room	dim	independent
4663	darkened room	people	independent
4664	darkened room	room	forwardentailment
4665	darkened room	group of dim people	independent
4666	darkened room	dim people	independent
4667	at a table	in a room	independent
4668	with candles	in a room	independent
4669	man	sunglasses	independent
4670	man	table	independent
4671	man	beer	independent
4672	man	bottles	independent
4673	man	white shirt	independent
4674	man	black shirt	independent
4675	man	four beer bottles	independent
4676	shirt	sunglasses	disjoint
4677	shirt	table	disjoint
4678	shirt	beer	independent
4679	shirt	bottles	independent
4680	shirt	white shirt	reverseentailment
4681	shirt	black shirt	reverseentailment
4682	shirt	four beer bottles	disjoint
4683	sunglasses	man	independent
4684	sunglasses	shirt	disjoint
4685	sunglasses	table	disjoint
4686	sunglasses	beer	disjoint
4687	sunglasses	bottles	disjoint
4688	sunglasses	white shirt	independent
4689	sunglasses	black shirt	independent
4690	sunglasses	four beer bottles	disjoint
4691	table	man	independent
4692	table	shirt	disjoint
4693	table	sunglasses	disjoint
4694	table	beer	independent
4695	table	bottles	independent
4696	table	white shirt	independent
4697	table	black shirt	independent
4698	table	four beer bottles	independent
4699	bottles	man	independent
4700	bottles	shirt	disjoint
4701	bottles	sunglasses	disjoint
4702	bottles	table	independent
4703	bottles	beer	independent
4704	bottles	white shirt	independent
4705	bottles	black shirt	independent
4706	bottles	four beer bottles	reverseentailment
4707	beer	man	independent
4708	beer	shirt	independent
4709	beer	sunglasses	disjoint
4710	beer	table	independent
4711	beer	bottles	independent
4712	beer	white shirt	independent
4713	beer	black shirt	independent
4714	beer	four beer bottles	independent
4715	white shirt	man	independent
4716	white shirt	shirt	forwardentailment
4717	white shirt	sunglasses	independent
4718	white shirt	table	disjoint
4719	white shirt	beer	independent
4720	white shirt	bottles	independent
4721	white shirt	black shirt	disjoint
4722	white shirt	four beer bottles	independent
4723	black shirt	man	independent
4724	black shirt	shirt	forwardentailment
4725	black shirt	sunglasses	independent
4726	black shirt	table	disjoint
4727	black shirt	beer	independent
4728	black shirt	bottles	independent
4729	black shirt	white shirt	disjoint
4730	black shirt	four beer bottles	independent
4731	at a table	with four beer bottles	independent
4732	with four bottles of beer	at a table	independent
4733	with four bottles of beer	with four beer bottles	forwardentailment
4734	four bottles of beer	man	independent
4735	four bottles of beer	shirt	disjoint
4736	four bottles of beer	sunglasses	disjoint
4737	four bottles of beer	table	independent
4738	four bottles of beer	beer	independent
4739	four bottles of beer	bottles	independent
4740	four bottles of beer	white shirt	independent
4741	four bottles of beer	black shirt	independent
4742	four bottles of beer	four beer bottles	forwardentailment
4743	bottles of beer	man	independent
4744	bottles of beer	shirt	disjoint
4745	bottles of beer	sunglasses	disjoint
4746	bottles of beer	table	independent
4747	bottles of beer	beer	independent
4748	bottles of beer	bottles	forwardentailment
4749	bottles of beer	white shirt	independent
4750	bottles of beer	black shirt	independent
4751	bottles of beer	four beer bottles	independent
4752	woman	person	forwardentailment
4753	woman	jacket	independent
4754	woman	beer	independent
4755	woman	red jacket	independent
4756	wearing	holding	reverseentailment
4757	jacket	beer	independent
4758	jacket	red jacket	reverseentailment
4759	holding	wearing	forwardentailment
4760	glass	person	disjoint
4761	glass	jacket	independent
4762	glass	beer	independent
4763	glass	red jacket	independent
4764	front	person	disjoint
4765	front	jacket	independent
4766	front	beer	independent
4767	front	red jacket	independent
4768	man	jacket	independent
4769	man	red jacket	independent
4770	white	red	disjoint
4771	t-shirt	person	disjoint
4772	t-shirt	jacket	disjoint
4773	t-shirt	beer	independent
4774	t-shirt	red jacket	disjoint
4775	red jacket	person	independent
4776	red jacket	jacket	forwardentailment
4777	red jacket	beer	independent
4778	front of the man	person	independent
4779	front of the man	jacket	independent
4780	front of the man	beer	independent
4781	front of the man	red jacket	independent
4782	white t-shirt	person	independent
4783	white t-shirt	jacket	disjoint
4784	white t-shirt	beer	independent
4785	white t-shirt	red jacket	disjoint
4786	child	boy	independent
4787	child	hose	disjoint
4788	child	man	disjoint
4789	child	hose next to a man	disjoint
4790	watching	holding	independent
4791	playing	holding	independent
4792	outdoors	hose	independent
4793	outdoors	hose next to a man	independent
4794	spouting	holding	disjoint
4795	spouting	watching	disjoint
4796	water	hose	independent
4797	water	hose next to a man	independent
4798	rest	boy	independent
4799	rest	hose	disjoint
4800	rest	man	independent
4801	rest	hose next to a man	independent
4802	family	boy	independent
4803	family	hose	disjoint
4804	family	hose next to a man	independent
4805	rest of his family	boy	independent
4806	rest of his family	hose	disjoint
4807	rest of his family	man	independent
4808	rest of his family	hose next to a man	disjoint
4809	football	player	independent
4810	football	official	disjoint
4811	football	football player	disjoint
4812	football	official carrying a football	reverseentailment
4813	player	official	disjoint
4814	player	football player	reverseentailment
4815	player	official carrying a football	disjoint
4816	jersey	football	disjoint
4817	jersey	official	independent
4818	jersey	football player	independent
4819	jersey	official carrying a football	independent
4820	running	carrying	disjoint
4821	ball	player	independent
4822	ball	official	independent
4823	ball	football player	independent
4824	ball	official carrying a football	independent
4825	touchdown	football	independent
4826	touchdown	player	independent
4827	touchdown	official	disjoint
4828	touchdown	football player	disjoint
4829	touchdown	official carrying a football	disjoint
4830	ball for a touchdown	football	independent
4831	ball for a touchdown	player	independent
4832	ball for a touchdown	official	independent
4833	ball for a touchdown	football player	independent
4834	ball for a touchdown	official carrying a football	independent
4835	football	jersey	independent
4836	football	ball	forwardentailment
4837	football	touchdown	independent
4838	football	player in a purple jersey	independent
4839	football	purple jersey	independent
4840	football	ball for a touchdown	independent
4841	player	jersey	independent
4842	player	ball	independent
4843	player	touchdown	independent
4844	player	player in a purple jersey	independent
4845	player	purple jersey	independent
4846	player	ball for a touchdown	independent
4847	carrying	running	independent
4848	official	purple	independent
4849	past	football	independent
4850	past	player	independent
4851	past	jersey	independent
4852	past	ball	independent
4853	past	touchdown	independent
4854	past	player in a purple jersey	independent
4855	past	purple jersey	independent
4856	past	ball for a touchdown	independent
4857	rolling	football	independent
4858	rolling	player	independent
4859	rolling	jersey	independent
4860	rolling	ball	independent
4861	rolling	touchdown	disjoint
4862	rolling	player in a purple jersey	independent
4863	rolling	purple jersey	independent
4864	rolling	ball for a touchdown	independent
4865	football player	football	independent
4866	football player	player	forwardentailment
4867	football player	jersey	independent
4868	football player	ball	disjoint
4869	football player	touchdown	independent
4870	football player	player in a purple jersey	independent
4871	football player	purple jersey	independent
4872	football player	ball for a touchdown	independent
4873	official past a rolling football	football	independent
4874	official past a rolling football	player	disjoint
4875	official past a rolling football	jersey	independent
4876	official past a rolling football	ball	independent
4877	official past a rolling football	touchdown	independent
4878	official past a rolling football	player in a purple jersey	independent
4879	official past a rolling football	purple jersey	independent
4880	official past a rolling football	ball for a touchdown	independent
4881	rolling football	football	forwardentailment
4882	rolling football	player	independent
4883	rolling football	jersey	independent
4884	rolling football	ball	forwardentailment
4885	rolling football	touchdown	independent
4886	rolling football	player in a purple jersey	independent
4887	rolling football	purple jersey	independent
4888	rolling football	ball for a touchdown	independent
4889	girl	leotard	independent
4890	girl	blue	independent
4891	girl	air	independent
4892	girl	leotard colored in blue	independent
4893	leotard	girl	independent
4894	leotard	blue	independent
4895	leotard	air	independent
4896	leotard	leotard colored in blue	independent
4897	jumping	colored	independent
4898	air	girl	independent
4899	air	leotard	independent
4900	air	blue	independent
4901	air	leotard colored in blue	independent
4902	girl in a blue leotard	girl	independent
4903	girl in a blue leotard	leotard	independent
4904	girl in a blue leotard	blue	independent
4905	girl in a blue leotard	air	independent
4906	girl in a blue leotard	leotard colored in blue	forwardentailment
4907	blue leotard	girl	independent
4908	blue leotard	leotard	forwardentailment
4909	blue leotard	blue	forwardentailment
4910	blue leotard	air	independent
4911	blue leotard	leotard colored in blue	forwardentailment
4912	in the air	in blue	independent
4913	girl	young girl in blue	independent
4914	girl	girl in blue	independent
4915	blue	girl	independent
4916	blue	air	independent
4917	blue	young girl in blue	independent
4918	blue	girl in blue	independent
4919	air	young girl in blue	independent
4920	air	girl in blue	independent
4921	young girl in blue	girl	independent
4922	young girl in blue	blue	independent
4923	young girl in blue	air	independent
4924	young girl in blue	girl in blue	forwardentailment
4925	girl in blue	girl	independent
4926	girl in blue	blue	independent
4927	girl in blue	air	independent
4928	girl in blue	young girl in blue	reverseentailment
4929	bunch	men	independent
4930	bunch	rugby	independent
4931	men	rugby	independent
4932	rugby	men	independent
4933	field	men	independent
4934	field	rugby	independent
4935	mud	men	independent
4936	mud	rugby	disjoint
4937	bunch of men	men	independent
4938	bunch of men	rugby	independent
4939	rugby on a field	men	independent
4940	rugby on a field	rugby	independent
4941	person	bike	disjoint
4942	person	rider	reverseentailment
4943	person	accident	independent
4944	person	bike rider	reverseentailment
4945	person	accident of another bike rider	independent
4946	bike	rider	independent
4947	bike	accident	independent
4948	bike	bike rider	independent
4949	bike	accident of another bike rider	independent
4950	designed	looking	independent
4951	motocross	bike	forwardentailment
4952	motocross	rider	independent
4953	motocross	accident	independent
4954	motocross	bike rider	independent
4955	motocross	accident of another bike rider	independent
4956	lying	looking	disjoint
4957	side	bike	independent
4958	side	rider	independent
4959	side	accident	independent
4960	side	bike rider	independent
4961	side	accident of another bike rider	independent
4962	racing	bike	independent
4963	racing	rider	independent
4964	racing	accident	independent
4965	racing	bike rider	independent
4966	racing	accident of another bike rider	disjoint
4967	little	green	independent
4968	boy	soccer	independent
4969	boy	strip	independent
4970	boy	green soccer strip	independent
4971	green	little	independent
4972	soccer	boy	independent
4973	soccer	strip	disjoint
4974	soccer	grass	disjoint
4975	soccer	little boy	independent
4976	soccer	green soccer strip	independent
4977	strip	boy	independent
4978	strip	soccer	disjoint
4979	strip	grass	independent
4980	strip	little boy	independent
4981	strip	green soccer strip	reverseentailment
4982	running	wearing	independent
4983	grass	boy	independent
4984	grass	soccer	disjoint
4985	grass	strip	independent
4986	grass	little boy	independent
4987	grass	green soccer strip	independent
4988	green soccer strip	boy	independent
4989	green soccer strip	soccer	independent
4990	green soccer strip	strip	forwardentailment
4991	green soccer strip	grass	independent
4992	green soccer strip	little boy	independent
4993	man	handstand	independent
4994	man	sand	independent
4995	man	edge	independent
4996	man	water	independent
4997	man	beach	independent
4998	man	handstand on the wet sand	independent
4999	man	wet sand	independent
5000	man	edge of the water	independent
5001	beach	handstand	independent
5002	beach	sand	independent
5003	beach	edge	independent
5004	beach	water	independent
5005	beach	handstand on the wet sand	independent
5006	beach	wet sand	independent
5007	beach	edge of the water	independent
5008	handstand	man	independent
5009	handstand	sand	independent
5010	handstand	edge	disjoint
5011	handstand	water	disjoint
5012	handstand	beach	disjoint
5013	handstand	handstand on the wet sand	reverseentailment
5014	handstand	wet sand	independent
5015	handstand	edge of the water	disjoint
5016	sand	man	independent
5017	sand	handstand	disjoint
5018	sand	edge	independent
5019	sand	water	disjoint
5020	sand	beach	independent
5021	sand	handstand on the wet sand	independent
5022	sand	wet sand	independent
5023	sand	edge of the water	independent
5024	edge	man	independent
5025	edge	handstand	independent
5026	edge	sand	independent
5027	edge	water	independent
5028	edge	beach	independent
5029	edge	handstand on the wet sand	independent
5030	edge	wet sand	independent
5031	edge	edge of the water	reverseentailment
5032	water	handstand	disjoint
5033	water	sand	disjoint
5034	water	edge	independent
5035	water	beach	independent
5036	water	handstand on the wet sand	independent
5037	water	wet sand	independent
5038	water	edge of the water	independent
5039	man at the beach	man	independent
5040	man at the beach	handstand	independent
5041	man at the beach	sand	independent
5042	man at the beach	edge	independent
5043	man at the beach	water	independent
5044	man at the beach	beach	independent
5045	man at the beach	handstand on the wet sand	independent
5046	man at the beach	wet sand	independent
5047	man at the beach	edge of the water	independent
5048	handstand on the wet sand	man	independent
5049	handstand on the wet sand	handstand	forwardentailment
5050	handstand on the wet sand	sand	independent
5051	handstand on the wet sand	edge	independent
5052	handstand on the wet sand	water	independent
5053	handstand on the wet sand	beach	independent
5054	handstand on the wet sand	wet sand	forwardentailment
5055	handstand on the wet sand	edge of the water	independent
5056	wet sand	man	independent
5057	wet sand	handstand	disjoint
5058	wet sand	sand	independent
5059	wet sand	edge	independent
5060	wet sand	water	independent
5061	wet sand	beach	independent
5062	wet sand	handstand on the wet sand	reverseentailment
5063	wet sand	edge of the water	independent
5064	edge of the water	man	independent
5065	edge of the water	handstand	disjoint
5066	edge of the water	sand	independent
5067	edge of the water	edge	forwardentailment
5068	edge of the water	water	independent
5069	edge of the water	beach	independent
5070	edge of the water	handstand on the wet sand	independent
5071	edge of the water	wet sand	independent
5072	mother	boy	disjoint
5073	mother	park	independent
5074	mother	young boy	independent
5075	boy	park	independent
5076	boy	mother	disjoint
5077	boy	young boy	independent
5078	park	boy	independent
5079	park	mother	independent
5080	park	young boy	independent
5081	young mother	boy	disjoint
5082	young mother	park	independent
5083	young mother	mother	independent
5084	young mother	young boy	disjoint
5085	with her boy	in the park	independent
5086	with her boy	with his mother	independent
5087	in the park	with his mother	independent
5088	man	super	independent
5089	man	soaker	independent
5090	man	mouth	independent
5091	man	super soaker	independent
5092	man	mouth of a dog	disjoint
5093	super	man	independent
5094	super	soaker	disjoint
5095	super	mouth	independent
5096	super	dog	independent
5097	super	super soaker	independent
5098	super	mouth of a dog	independent
5099	soaker	man	independent
5100	soaker	super	independent
5101	soaker	mouth	disjoint
5102	soaker	dog	independent
5103	soaker	super soaker	reverseentailment
5104	soaker	mouth of a dog	disjoint
5105	mouth	man	independent
5106	mouth	super	independent
5107	mouth	soaker	disjoint
5108	mouth	super soaker	disjoint
5109	mouth	mouth of a dog	reverseentailment
5110	dog	man	disjoint
5111	dog	super	independent
5112	dog	soaker	independent
5113	dog	super soaker	disjoint
5114	dog	mouth of a dog	independent
5115	super soaker	man	independent
5116	super soaker	super	forwardentailment
5117	super soaker	soaker	independent
5118	super soaker	mouth	disjoint
5119	super soaker	dog	disjoint
5120	super soaker	mouth of a dog	disjoint
5121	mouth of a dog	man	disjoint
5122	mouth of a dog	super	independent
5123	mouth of a dog	soaker	independent
5124	mouth of a dog	mouth	forwardentailment
5125	mouth of a dog	dog	independent
5126	mouth of a dog	super soaker	disjoint
5127	man	squirt	independent
5128	man	dog with a squirt gun	disjoint
5129	man	squirt gun	independent
5130	spraying	squirting	synonym
5131	super	water	independent
5132	super	squirt	disjoint
5133	super	gun	disjoint
5134	super	dog with a squirt gun	disjoint
5135	super	squirt gun	disjoint
5136	soaker	water	forwardentailment
5137	soaker	squirt	disjoint
5138	soaker	gun	independent
5139	soaker	dog with a squirt gun	disjoint
5140	soaker	squirt gun	disjoint
5141	mouth	water	independent
5142	mouth	squirt	independent
5143	mouth	gun	disjoint
5144	mouth	dog with a squirt gun	disjoint
5145	mouth	squirt gun	disjoint
5146	dog	squirt	disjoint
5147	dog	gun	disjoint
5148	dog	dog with a squirt gun	independent
5149	dog	squirt gun	disjoint
5150	super soaker	water	forwardentailment
5151	super soaker	squirt	disjoint
5152	super soaker	gun	disjoint
5153	super soaker	dog with a squirt gun	disjoint
5154	super soaker	squirt gun	forwardentailment
5155	mouth of a dog	water	disjoint
5156	mouth of a dog	squirt	disjoint
5157	mouth of a dog	gun	disjoint
5158	mouth of a dog	dog with a squirt gun	disjoint
5159	mouth of a dog	squirt gun	disjoint
5160	boy	coat	independent
5161	boy	father	disjoint
5162	boy	umbrella	disjoint
5163	boy	blue coat	independent
5164	umbrella	boy	independent
5165	umbrella	coat	disjoint
5166	umbrella	father	independent
5167	umbrella	blue coat	independent
5168	held	wearing	reverseentailment
5169	father	boy	disjoint
5170	father	coat	independent
5171	father	umbrella	disjoint
5172	father	blue coat	independent
5173	wearing	held	forwardentailment
5174	coat	boy	independent
5175	coat	father	independent
5176	coat	umbrella	disjoint
5177	coat	blue coat	reverseentailment
5178	boy under an umbrella	boy	independent
5179	boy under an umbrella	coat	independent
5180	boy under an umbrella	father	disjoint
5181	boy under an umbrella	umbrella	independent
5182	boy under an umbrella	blue coat	independent
5183	blue coat	boy	independent
5184	blue coat	coat	forwardentailment
5185	blue coat	father	independent
5186	blue coat	umbrella	independent
5187	boy	child	independent
5188	boy	world	independent
5189	boy	new world	independent
5190	umbrella	child	independent
5191	umbrella	world	disjoint
5192	umbrella	new world	disjoint
5193	held	experiencing	disjoint
5194	father	child	disjoint
5195	father	world	independent
5196	father	new world	independent
5197	wearing	experiencing	forwardentailment
5198	blue	new	independent
5199	coat	child	independent
5200	coat	world	disjoint
5201	coat	new world	disjoint
5202	boy under an umbrella	child	independent
5203	boy under an umbrella	world	disjoint
5204	boy under an umbrella	new world	independent
5205	blue coat	child	independent
5206	blue coat	world	independent
5207	blue coat	new world	independent
5208	dog	snowdrift	disjoint
5209	playing	walking	disjoint
5210	beach	dog	independent
5211	beach	snowdrift	disjoint
5212	covered	walking	independent
5213	snow	snowdrift	reverseentailment
5214	beach covered by snow	dog	disjoint
5215	beach covered by snow	snowdrift	disjoint
5216	by snow	along a snowdrift	independent
5217	surfer	wave	disjoint
5218	surfer	small wave	independent
5219	big	small	disjoint
5220	wave	surfer	independent
5221	wave	small wave	reverseentailment
5222	dark	small	independent
5223	green	small	independent
5224	water	surfer	independent
5225	water	wave	reverseentailment
5226	water	small wave	independent
5227	wave across dark green water	surfer	independent
5228	wave across dark green water	wave	independent
5229	wave across dark green water	small wave	independent
5230	dark green water	surfer	independent
5231	dark green water	wave	independent
5232	dark green water	small wave	independent
5233	tennis	player	independent
5234	tennis	left	independent
5235	tennis	tennis player	independent
5236	player	tennis	independent
5237	player	left	independent
5238	player	tennis player	reverseentailment
5239	lunging	jumping	forwardentailment
5240	left	tennis	independent
5241	left	player	independent
5242	left	tennis player	independent
5243	tennis player	tennis	independent
5244	tennis player	player	forwardentailment
5245	tennis player	left	independent
5246	dogs	stream	independent
5247	looking	playing	independent
5248	splashing	playing	independent
5249	water	dogs	independent
5250	water	stream	reverseentailment
5251	Two dogs	stream	disjoint
5252	in the water	in a stream	reverseentailment
5253	man	blue	independent
5254	man	man in blue	independent
5255	man	dirt road	independent
5256	cowboy	man	independent
5257	cowboy	blue	independent
5258	cowboy	horse	independent
5259	cowboy	dirt	independent
5260	cowboy	road	independent
5261	cowboy	man in blue	independent
5262	cowboy	dirt road	independent
5263	hat	blue	independent
5264	hat	horse	disjoint
5265	hat	dirt	independent
5266	hat	road	independent
5267	hat	man in blue	independent
5268	hat	dirt road	independent
5269	horse	blue	independent
5270	horse	dirt	independent
5271	horse	road	independent
5272	horse	man in blue	disjoint
5273	horse	dirt road	independent
5274	blue cowboy hat	man	independent
5275	blue cowboy hat	blue	independent
5276	blue cowboy hat	horse	independent
5277	blue cowboy hat	dirt	independent
5278	blue cowboy hat	road	independent
5279	blue cowboy hat	man in blue	independent
5280	blue cowboy hat	dirt road	independent
5281	white horse	man	disjoint
5282	white horse	blue	disjoint
5283	white horse	horse	forwardentailment
5284	white horse	dirt	independent
5285	white horse	road	independent
5286	white horse	man in blue	disjoint
5287	white horse	dirt road	independent
5288	dogs	dog	synonym
5289	dogs	ball	disjoint
5290	dogs	Two white dogs	independent
5291	dogs	brown dog	reverseentailment
5292	dog	Two white dogs	independent
5293	tennis	dogs	disjoint
5294	tennis	dog	disjoint
5295	tennis	ball	independent
5296	tennis	Two white dogs	disjoint
5297	tennis	brown dog	independent
5298	ball	dogs	disjoint
5299	ball	Two white dogs	disjoint
5300	ball	brown dog	independent
5301	Two white dogs	dogs	independent
5302	Two white dogs	dog	independent
5303	Two white dogs	ball	disjoint
5304	Two white dogs	brown dog	disjoint
5305	brown dog	dogs	forwardentailment
5306	brown dog	ball	disjoint
5307	brown dog	Two white dogs	disjoint
5308	tennis ball	dogs	independent
5309	tennis ball	dog	disjoint
5310	tennis ball	ball	forwardentailment
5311	tennis ball	Two white dogs	disjoint
5312	tennis ball	brown dog	independent
5313	person	athletes	reverseentailment
5314	person	stadium	independent
5315	person	Four athletes	independent
5316	person	woman in a crowded stadium	independent
5317	person	crowded stadium	independent
5318	pink	crowded	independent
5319	jacket	athletes	independent
5320	jacket	woman	independent
5321	jacket	stadium	independent
5322	jacket	Four athletes	independent
5323	jacket	woman in a crowded stadium	independent
5324	jacket	crowded stadium	independent
5325	field	athletes	independent
5326	field	woman	independent
5327	field	stadium	independent
5328	field	Four athletes	independent
5329	field	woman in a crowded stadium	independent
5330	field	crowded stadium	independent
5331	person in a pink jacket	athletes	independent
5332	person in a pink jacket	woman	independent
5333	person in a pink jacket	stadium	independent
5334	person in a pink jacket	Four athletes	disjoint
5335	person in a pink jacket	woman in a crowded stadium	independent
5336	person in a pink jacket	crowded stadium	independent
5337	pink jacket	athletes	independent
5338	pink jacket	woman	independent
5339	pink jacket	stadium	independent
5340	pink jacket	Four athletes	independent
5341	pink jacket	woman in a crowded stadium	independent
5342	pink jacket	crowded stadium	independent
5343	woman	clothing	independent
5344	woman	crowd	independent
5345	woman	woman dressed in elegant clothing	independent
5346	woman	elegant clothing	independent
5347	woman	crowd of people	independent
5348	dressed	looking	independent
5349	clothing	woman	independent
5350	clothing	crowd	independent
5351	clothing	people	disjoint
5352	clothing	woman dressed in elegant clothing	independent
5353	clothing	elegant clothing	reverseentailment
5354	clothing	crowd of people	independent
5355	crowd	woman	independent
5356	crowd	clothing	independent
5357	crowd	people	forwardentailment
5358	crowd	woman dressed in elegant clothing	independent
5359	crowd	elegant clothing	independent
5360	crowd	crowd of people	synonym
5361	people	woman	reverseentailment
5362	people	clothing	independent
5363	people	crowd	reverseentailment
5364	people	woman dressed in elegant clothing	independent
5365	people	elegant clothing	independent
5366	people	crowd of people	reverseentailment
5367	looking	dressed	independent
5368	woman dressed in elegant clothing	woman	independent
5369	woman dressed in elegant clothing	clothing	independent
5370	woman dressed in elegant clothing	crowd	disjoint
5371	woman dressed in elegant clothing	people	independent
5372	woman dressed in elegant clothing	elegant clothing	forwardentailment
5373	woman dressed in elegant clothing	crowd of people	disjoint
5374	in elegant clothing	inside a crowd of people	independent
5375	elegant clothing	woman	independent
5376	elegant clothing	clothing	forwardentailment
5377	elegant clothing	crowd	independent
5378	elegant clothing	people	independent
5379	elegant clothing	woman dressed in elegant clothing	reverseentailment
5380	elegant clothing	crowd of people	independent
5381	inside a crowd of people	in elegant clothing	independent
5382	crowd of people	woman	independent
5383	crowd of people	clothing	independent
5384	crowd of people	crowd	synonym
5385	crowd of people	people	forwardentailment
5386	crowd of people	woman dressed in elegant clothing	independent
5387	crowd of people	elegant clothing	independent
5388	Asian	elegant	independent
5389	woman	elegant woman	independent
5390	holding	looking	disjoint
5391	fur	woman	independent
5392	fur	crowd	independent
5393	fur	people	disjoint
5394	fur	elegant woman	independent
5395	fur	crowd of people	independent
5396	scarf	crowd	independent
5397	scarf	elegant woman	independent
5398	scarf	crowd of people	independent
5399	Asian woman	woman	independent
5400	Asian woman	crowd	independent
5401	Asian woman	people	independent
5402	Asian woman	elegant woman	independent
5403	Asian woman	crowd of people	independent
5404	fur scarf	woman	independent
5405	fur scarf	crowd	independent
5406	fur scarf	people	disjoint
5407	fur scarf	elegant woman	independent
5408	fur scarf	crowd of people	independent
5409	kid	water	independent
5410	kid	beach	independent
5411	t-shirt	boy	independent
5412	t-shirt	water	independent
5413	t-shirt	beach	independent
5414	splashing	running	independent
5415	kid in a white t-shirt	boy	independent
5416	kid in a white t-shirt	water	independent
5417	kid in a white t-shirt	beach	independent
5418	white t-shirt	boy	independent
5419	white t-shirt	water	independent
5420	white t-shirt	beach	independent
5421	in shallow water	through the water	independent
5422	in shallow water	at the beach	independent
5423	shallow water	boy	independent
5424	shallow water	water	forwardentailment
5425	shallow water	beach	independent
5426	girl	t-shirt	independent
5427	girl	water	independent
5428	girl	boy in a white t-shirt	disjoint
5429	girl	white t-shirt	independent
5430	girl	shallow water	independent
5431	running	splashing	independent
5432	water	t-shirt	independent
5433	water	boy in a white t-shirt	independent
5434	water	white t-shirt	independent
5435	water	shallow water	reverseentailment
5436	beach	boy	independent
5437	beach	t-shirt	independent
5438	beach	boy in a white t-shirt	independent
5439	beach	white t-shirt	independent
5440	beach	shallow water	independent
5441	through the water	in shallow water	independent
5442	at the beach	in shallow water	independent
5443	boy	beach	independent
5444	boy in a white t-shirt	boy	independent
5445	boy in a white t-shirt	water	independent
5446	boy in a white t-shirt	beach	independent
5447	kids	Children	synonym
5448	kids	swimming	independent
5449	kids	suits	independent
5450	kids	water	independent
5451	kids	Children in swimming suits	reverseentailment
5452	kids	swimming suits	independent
5453	wearing	playing	independent
5454	suits	Children	independent
5455	suits	swimming	independent
5456	suits	water	independent
5457	suits	Children in swimming suits	reverseentailment
5458	suits	swimming suits	reverseentailment
5459	water	Children	independent
5460	water	swimming	independent
5461	water	suits	independent
5462	water	Children in swimming suits	independent
5463	water	swimming suits	independent
5464	young	little	independent
5465	young	patterned	independent
5466	young	black	independent
5467	young	yellow	independent
5468	girl	swim	independent
5469	girl	suit	independent
5470	girl	cap	independent
5471	girl	swimming	independent
5472	girl	goggles	independent
5473	girl	head	independent
5474	girl	little girl	independent
5475	girl	blue patterned swim suit	independent
5476	girl	black and yellow swim cap	independent
5477	girl	swim cap	independent
5478	girl	swimming goggles on the head	independent
5479	girl	goggles on the head	independent
5480	blue	little	independent
5481	blue	patterned	independent
5482	blue	yellow	disjoint
5483	patterned	little	independent
5484	patterned	blue	independent
5485	patterned	black	independent
5486	patterned	yellow	independent
5487	swim	girl	independent
5488	swim	suit	independent
5489	swim	cap	disjoint
5490	swim	swimming	synonym
5491	swim	goggles	independent
5492	swim	head	independent
5493	swim	little girl	independent
5494	swim	blue patterned swim suit	independent
5495	swim	black and yellow swim cap	independent
5496	swim	swim cap	independent
5497	swim	swimming goggles on the head	independent
5498	swim	goggles on the head	independent
5499	suit	girl	independent
5500	suit	swim	independent
5501	suit	cap	independent
5502	suit	swimming	independent
5503	suit	goggles	independent
5504	suit	head	independent
5505	suit	little girl	disjoint
5506	suit	blue patterned swim suit	reverseentailment
5507	suit	black and yellow swim cap	independent
5508	suit	swim cap	independent
5509	suit	swimming goggles on the head	disjoint
5510	suit	goggles on the head	disjoint
5511	black	little	independent
5512	black	patterned	independent
5513	black	yellow	disjoint
5514	yellow	little	independent
5515	yellow	blue	disjoint
5516	yellow	patterned	independent
5517	yellow	black	disjoint
5518	cap	girl	independent
5519	cap	swim	disjoint
5520	cap	suit	disjoint
5521	cap	swimming	independent
5522	cap	goggles	disjoint
5523	cap	head	disjoint
5524	cap	little girl	independent
5525	cap	blue patterned swim suit	independent
5526	cap	black and yellow swim cap	reverseentailment
5527	cap	swim cap	reverseentailment
5528	cap	swimming goggles on the head	independent
5529	cap	goggles on the head	disjoint
5530	swimming	girl	independent
5531	swimming	swim	synonym
5532	swimming	suit	independent
5533	swimming	cap	independent
5534	swimming	goggles	independent
5535	swimming	head	independent
5536	swimming	little girl	independent
5537	swimming	blue patterned swim suit	independent
5538	swimming	black and yellow swim cap	independent
5539	swimming	swim cap	independent
5540	swimming	swimming goggles on the head	independent
5541	swimming	goggles on the head	independent
5542	goggles	girl	independent
5543	goggles	swim	independent
5544	goggles	suit	disjoint
5545	goggles	cap	disjoint
5546	goggles	swimming	independent
5547	goggles	head	disjoint
5548	goggles	little girl	independent
5549	goggles	blue patterned swim suit	independent
5550	goggles	black and yellow swim cap	independent
5551	goggles	swim cap	disjoint
5552	goggles	swimming goggles on the head	reverseentailment
5553	goggles	goggles on the head	reverseentailment
5554	head	girl	independent
5555	head	swim	disjoint
5556	head	suit	independent
5557	head	cap	independent
5558	head	swimming	independent
5559	head	goggles	disjoint
5560	head	little girl	independent
5561	head	blue patterned swim suit	independent
5562	head	black and yellow swim cap	independent
5563	head	swim cap	independent
5564	head	swimming goggles on the head	independent
5565	head	goggles on the head	reverseentailment
5566	young girl	swim	independent
5567	young girl	suit	independent
5568	young girl	cap	independent
5569	young girl	swimming	independent
5570	young girl	goggles	independent
5571	young girl	head	independent
5572	young girl	little girl	reverseentailment
5573	young girl	blue patterned swim suit	independent
5574	young girl	black and yellow swim cap	independent
5575	young girl	swim cap	independent
5576	young girl	swimming goggles on the head	independent
5577	young girl	goggles on the head	independent
5578	blue patterned swim suit	girl	independent
5579	blue patterned swim suit	swim	independent
5580	blue patterned swim suit	suit	forwardentailment
5581	blue patterned swim suit	cap	independent
5582	blue patterned swim suit	swimming	independent
5583	blue patterned swim suit	goggles	independent
5584	blue patterned swim suit	head	independent
5585	blue patterned swim suit	little girl	independent
5586	blue patterned swim suit	black and yellow swim cap	independent
5587	blue patterned swim suit	swim cap	independent
5588	blue patterned swim suit	swimming goggles on the head	independent
5589	blue patterned swim suit	goggles on the head	independent
5590	black and yellow swim cap	girl	independent
5591	black and yellow swim cap	swim	independent
5592	black and yellow swim cap	suit	independent
5593	black and yellow swim cap	cap	forwardentailment
5594	black and yellow swim cap	swimming	independent
5595	black and yellow swim cap	goggles	disjoint
5596	black and yellow swim cap	head	independent
5597	black and yellow swim cap	little girl	independent
5598	black and yellow swim cap	blue patterned swim suit	disjoint
5599	black and yellow swim cap	swim cap	forwardentailment
5600	black and yellow swim cap	swimming goggles on the head	disjoint
5601	black and yellow swim cap	goggles on the head	disjoint
5602	swim cap	girl	independent
5603	swim cap	swim	independent
5604	swim cap	suit	independent
5605	swim cap	cap	forwardentailment
5606	swim cap	swimming	independent
5607	swim cap	goggles	disjoint
5608	swim cap	head	forwardentailment
5609	swim cap	little girl	independent
5610	swim cap	blue patterned swim suit	independent
5611	swim cap	black and yellow swim cap	reverseentailment
5612	swim cap	swimming goggles on the head	disjoint
5613	swim cap	goggles on the head	disjoint
5614	swimming goggles on her head	girl	independent
5615	swimming goggles on her head	swim	independent
5616	swimming goggles on her head	suit	disjoint
5617	swimming goggles on her head	cap	disjoint
5618	swimming goggles on her head	swimming	independent
5619	swimming goggles on her head	goggles	forwardentailment
5620	swimming goggles on her head	head	forwardentailment
5621	swimming goggles on her head	little girl	independent
5622	swimming goggles on her head	blue patterned swim suit	independent
5623	swimming goggles on her head	black and yellow swim cap	independent
5624	swimming goggles on her head	swim cap	disjoint
5625	swimming goggles on her head	swimming goggles on the head	forwardentailment
5626	swimming goggles on her head	goggles on the head	forwardentailment
5627	goggles on her head	girl	disjoint
5628	goggles on her head	swim	independent
5629	goggles on her head	suit	disjoint
5630	goggles on her head	cap	disjoint
5631	goggles on her head	swimming	independent
5632	goggles on her head	goggles	forwardentailment
5633	goggles on her head	head	forwardentailment
5634	goggles on her head	little girl	independent
5635	goggles on her head	blue patterned swim suit	independent
5636	goggles on her head	black and yellow swim cap	independent
5637	goggles on her head	swim cap	disjoint
5638	goggles on her head	swimming goggles on the head	independent
5639	goggles on her head	goggles on the head	forwardentailment
5640	cheerleader	cheerleaders	forwardentailment
5641	sitting	relaxing	independent
5642	knee	cheerleaders	independent
5643	male	cheerleaders	independent
5644	female cheerleader	cheerleaders	forwardentailment
5645	knee of a male cheerleader	cheerleaders	independent
5646	male cheerleader	cheerleaders	forwardentailment
5647	girl	piercings	independent
5648	girl	ear	independent
5649	girl	tattoo	independent
5650	girl	back	independent
5651	girl	red hair and eyebrows	independent
5652	girl	several piercings	independent
5653	girl	tattoo on the back	independent
5654	red	several	independent
5655	hair	piercings	disjoint
5656	hair	ear	disjoint
5657	hair	tattoo	disjoint
5658	hair	back	independent
5659	hair	red hair and eyebrows	independent
5660	hair	several piercings	disjoint
5661	hair	tattoo on the back	disjoint
5662	several	red	independent
5663	piercings	girl	independent
5664	piercings	hair	disjoint
5665	piercings	ear	disjoint
5666	piercings	tattoo	disjoint
5667	piercings	back	disjoint
5668	piercings	red hair and eyebrows	independent
5669	piercings	several piercings	independent
5670	piercings	tattoo on the back	disjoint
5671	ear	girl	independent
5672	ear	hair	disjoint
5673	ear	piercings	disjoint
5674	ear	tattoo	disjoint
5675	ear	back	disjoint
5676	ear	red hair and eyebrows	disjoint
5677	ear	several piercings	independent
5678	ear	tattoo on the back	disjoint
5679	drawing	girl	independent
5680	drawing	hair	independent
5681	drawing	piercings	disjoint
5682	drawing	ear	disjoint
5683	drawing	tattoo	reverseentailment
5684	drawing	back	independent
5685	drawing	red hair and eyebrows	independent
5686	drawing	several piercings	independent
5687	drawing	tattoo on the back	reverseentailment
5688	back	girl	independent
5689	back	hair	independent
5690	back	piercings	independent
5691	back	ear	disjoint
5692	back	tattoo	independent
5693	back	red hair and eyebrows	independent
5694	back	several piercings	independent
5695	back	tattoo on the back	reverseentailment
5696	red hair and eyebrows	girl	independent
5697	red hair and eyebrows	hair	independent
5698	red hair and eyebrows	piercings	disjoint
5699	red hair and eyebrows	ear	disjoint
5700	red hair and eyebrows	tattoo	independent
5701	red hair and eyebrows	back	disjoint
5702	red hair and eyebrows	several piercings	independent
5703	red hair and eyebrows	tattoo on the back	disjoint
5704	several piercings	girl	independent
5705	several piercings	hair	disjoint
5706	several piercings	piercings	independent
5707	several piercings	ear	independent
5708	several piercings	tattoo	disjoint
5709	several piercings	back	independent
5710	several piercings	red hair and eyebrows	independent
5711	several piercings	tattoo on the back	disjoint
5712	drawing on the back	girl	independent
5713	drawing on the back	hair	independent
5714	drawing on the back	piercings	disjoint
5715	drawing on the back	ear	disjoint
5716	drawing on the back	tattoo	independent
5717	drawing on the back	back	forwardentailment
5718	drawing on the back	red hair and eyebrows	independent
5719	drawing on the back	several piercings	disjoint
5720	drawing on the back	tattoo on the back	reverseentailment
5721	girl	eyebrows	independent
5722	girl	midspeech	independent
5723	girl	red hair and red eyebrows	independent
5724	girl	hair and red eyebrows	independent
5725	hair	eyebrows	reverseentailment
5726	hair	midspeech	independent
5727	hair	red hair and red eyebrows	independent
5728	hair	hair and red eyebrows	independent
5729	piercings	eyebrows	disjoint
5730	piercings	midspeech	disjoint
5731	piercings	red hair and red eyebrows	independent
5732	piercings	hair and red eyebrows	independent
5733	ear	eyebrows	disjoint
5734	ear	midspeech	disjoint
5735	ear	red hair and red eyebrows	independent
5736	ear	hair and red eyebrows	disjoint
5737	tattoo	girl	independent
5738	tattoo	hair	disjoint
5739	tattoo	eyebrows	independent
5740	tattoo	midspeech	disjoint
5741	tattoo	red hair and red eyebrows	independent
5742	tattoo	hair and red eyebrows	independent
5743	back	eyebrows	disjoint
5744	back	midspeech	disjoint
5745	back	red hair and red eyebrows	independent
5746	back	hair and red eyebrows	independent
5747	red hair and eyebrows	eyebrows	independent
5748	red hair and eyebrows	midspeech	disjoint
5749	red hair and eyebrows	red hair and red eyebrows	reverseentailment
5750	red hair and eyebrows	hair and red eyebrows	forwardentailment
5751	several piercings	eyebrows	disjoint
5752	several piercings	midspeech	independent
5753	several piercings	red hair and red eyebrows	independent
5754	several piercings	hair and red eyebrows	independent
5755	tattoo on the back	girl	independent
5756	tattoo on the back	hair	disjoint
5757	tattoo on the back	eyebrows	disjoint
5758	tattoo on the back	midspeech	disjoint
5759	tattoo on the back	red hair and red eyebrows	independent
5760	tattoo on the back	hair and red eyebrows	disjoint
5761	people	jeep	disjoint
5762	people	girl	independent
5763	people	top	independent
5764	people	Two people	independent
5765	people	top of it	independent
5766	driving	sitting	disjoint
5767	jeep	people	disjoint
5768	jeep	girl	independent
5769	jeep	top	independent
5770	jeep	Two people	independent
5771	jeep	top of it	independent
5772	lady	people	independent
5773	lady	jeep	disjoint
5774	lady	top	independent
5775	lady	Two people	independent
5776	lady	top of it	independent
5777	sitting	driving	disjoint
5778	top	people	disjoint
5779	top	jeep	independent
5780	top	girl	independent
5781	top	Two people	independent
5782	top	top of it	synonym
5783	Two people	people	independent
5784	Two people	jeep	disjoint
5785	Two people	girl	independent
5786	Two people	top	independent
5787	Two people	top of it	independent
5788	top of it	people	disjoint
5789	top of it	jeep	independent
5790	top of it	girl	independent
5791	top of it	top	forwardentailment
5792	top of it	Two people	independent
5793	adults	children	disjoint
5794	adults	seating	independent
5795	adults	arrangement	independent
5796	adults	adults and children	independent
5797	adults	outdoor seating arrangement	independent
5798	children	adults	disjoint
5799	children	seating	independent
5800	children	arrangement	independent
5801	children	adults and children	reverseentailment
5802	children	outdoor seating arrangement	independent
5803	seating	adults	independent
5804	seating	children	independent
5805	seating	arrangement	forwardentailment
5806	seating	adults and children	independent
5807	seating	outdoor seating arrangement	reverseentailment
5808	arrangement	adults	independent
5809	arrangement	children	independent
5810	arrangement	seating	reverseentailment
5811	arrangement	adults and children	independent
5812	arrangement	outdoor seating arrangement	reverseentailment
5813	adults and children	adults	independent
5814	adults and children	children	forwardentailment
5815	adults and children	seating	independent
5816	adults and children	arrangement	independent
5817	adults and children	outdoor seating arrangement	independent
5818	outdoor seating arrangement	adults	independent
5819	outdoor seating arrangement	children	independent
5820	outdoor seating arrangement	seating	forwardentailment
5821	outdoor seating arrangement	arrangement	forwardentailment
5822	outdoor seating arrangement	adults and children	independent
5823	girl	group	independent
5824	girl	beads	independent
5825	girl	black shirt	independent
5826	girl	pink beads	independent
5827	colored	wearing	independent
5828	colored	pink	reverseentailment
5829	patches	girl	independent
5830	patches	group	forwardentailment
5831	patches	shirt	disjoint
5832	patches	beads	disjoint
5833	patches	black shirt	independent
5834	patches	pink beads	independent
5835	cheeks	girl	independent
5836	cheeks	group	independent
5837	cheeks	shirt	disjoint
5838	cheeks	beads	disjoint
5839	cheeks	black shirt	independent
5840	cheeks	pink beads	independent
5841	on the cheeks	in a group	disjoint
5842	dogs	high grass	independent
5843	water	grass	independent
5844	water	Two dogs	independent
5845	water	high grass	independent
5846	Two dogs	high grass	independent
5847	through water	through high grass	disjoint
5848	people	vehicles	disjoint
5849	people	street	independent
5850	people	people and vehicles	independent
5851	people	almost empty street	disjoint
5852	vehicles	people	disjoint
5853	vehicles	street	independent
5854	vehicles	people and vehicles	independent
5855	vehicles	almost empty street	independent
5856	crowded	empty	disjoint
5857	street	people	independent
5858	street	vehicles	independent
5859	street	people and vehicles	independent
5860	street	almost empty street	independent
5861	people and vehicles	people	independent
5862	people and vehicles	vehicles	independent
5863	people and vehicles	street	independent
5864	people and vehicles	almost empty street	disjoint
5865	on a crowded street	on a almost empty street	disjoint
5866	crowded street	people	independent
5867	crowded street	vehicles	independent
5868	crowded street	street	independent
5869	crowded street	people and vehicles	independent
5870	crowded street	almost empty street	disjoint
5871	girl	Children	forwardentailment
5872	girl	costumes	independent
5873	girl	game	independent
5874	face	Children	independent
5875	face	costumes	independent
5876	face	game	disjoint
5877	standing	dressed	independent
5878	children	Children	forwardentailment
5879	children	costumes	independent
5880	children	game	independent
5881	young girl with painted face	Children	independent
5882	young girl with painted face	costumes	independent
5883	young girl with painted face	game	independent
5884	girl with painted face	Children	independent
5885	girl with painted face	costumes	independent
5886	girl with painted face	game	independent
5887	painted face	Children	independent
5888	painted face	costumes	independent
5889	painted face	game	independent
5890	other children	Children	forwardentailment
5891	other children	costumes	independent
5892	other children	game	independent
5893	bmx	bikers	forwardentailment
5894	bmx	dirt	disjoint
5895	bmx	ramps	disjoint
5896	bmx	front	independent
5897	bmx	body	forwardentailment
5898	bmx	water	independent
5899	bmx	Two bmx bikers	independent
5900	bmx	dirt ramps	disjoint
5901	bmx	body of water	disjoint
5902	biker	bmx	independent
5903	biker	bikers	forwardentailment
5904	biker	dirt	independent
5905	biker	ramps	independent
5906	biker	front	independent
5907	biker	body	independent
5908	biker	water	disjoint
5909	biker	Two bmx bikers	independent
5910	biker	dirt ramps	independent
5911	biker	body of water	disjoint
5912	dirt	bmx	disjoint
5913	dirt	bikers	independent
5914	dirt	ramps	independent
5915	dirt	front	independent
5916	dirt	body	disjoint
5917	dirt	water	disjoint
5918	dirt	Two bmx bikers	independent
5919	dirt	dirt ramps	independent
5920	dirt	body of water	disjoint
5921	ramps	bmx	disjoint
5922	ramps	bikers	independent
5923	ramps	dirt	independent
5924	ramps	front	independent
5925	ramps	body	disjoint
5926	ramps	water	independent
5927	ramps	Two bmx bikers	independent
5928	ramps	dirt ramps	reverseentailment
5929	ramps	body of water	forwardentailment
5930	front	bmx	independent
5931	front	bikers	independent
5932	front	dirt	independent
5933	front	ramps	independent
5934	front	body	disjoint
5935	front	water	independent
5936	front	Two bmx bikers	independent
5937	front	dirt ramps	independent
5938	front	body of water	disjoint
5939	body	bmx	disjoint
5940	body	bikers	independent
5941	body	dirt	disjoint
5942	body	ramps	independent
5943	body	front	independent
5944	body	water	disjoint
5945	body	Two bmx bikers	independent
5946	body	dirt ramps	independent
5947	body	body of water	independent
5948	water	bmx	disjoint
5949	water	bikers	independent
5950	water	dirt	disjoint
5951	water	ramps	independent
5952	water	front	independent
5953	water	body	forwardentailment
5954	water	Two bmx bikers	disjoint
5955	water	dirt ramps	disjoint
5956	water	body of water	synonym
5957	bmx biker	bmx	forwardentailment
5958	bmx biker	bikers	forwardentailment
5959	bmx biker	dirt	independent
5960	bmx biker	ramps	independent
5961	bmx biker	front	independent
5962	bmx biker	body	independent
5963	bmx biker	water	disjoint
5964	bmx biker	Two bmx bikers	independent
5965	bmx biker	dirt ramps	independent
5966	bmx biker	body of water	disjoint
5967	dirt ramps	bmx	disjoint
5968	dirt ramps	bikers	independent
5969	dirt ramps	dirt	independent
5970	dirt ramps	ramps	forwardentailment
5971	dirt ramps	front	independent
5972	dirt ramps	body	independent
5973	dirt ramps	water	independent
5974	dirt ramps	Two bmx bikers	independent
5975	dirt ramps	body of water	disjoint
5976	body of water	bmx	disjoint
5977	body of water	bikers	disjoint
5978	body of water	dirt	disjoint
5979	body of water	ramps	disjoint
5980	body of water	front	independent
5981	body of water	body	independent
5982	body of water	water	synonym
5983	body of water	Two bmx bikers	disjoint
5984	body of water	dirt ramps	disjoint
5985	man	trick	independent
5986	man	skateboard	independent
5987	trick	person	independent
5988	trick	skateboard	independent
5989	skateboard	person	disjoint
5990	skateboard	trick	independent
5991	man	motocross	independent
5992	man	helmet	independent
5993	man	motorcycle	independent
5994	man	person in a motocross uniform	independent
5995	man	motocross uniform	independent
5996	man	red motorcycle	independent
5997	motocross	person	disjoint
5998	motocross	uniform	independent
5999	motocross	motorcycle	forwardentailment
6000	motocross	person in a motocross uniform	independent
6001	motocross	motocross uniform	independent
6002	motocross	red motorcycle	independent
6003	uniform	person	independent
6004	uniform	motocross	independent
6005	uniform	helmet	independent
6006	uniform	motorcycle	disjoint
6007	uniform	person in a motocross uniform	reverseentailment
6008	uniform	motocross uniform	reverseentailment
6009	uniform	red motorcycle	independent
6010	wearing	rides	independent
6011	helmet	person	disjoint
6012	helmet	motocross	independent
6013	helmet	uniform	disjoint
6014	helmet	motorcycle	independent
6015	helmet	person in a motocross uniform	independent
6016	helmet	motocross uniform	independent
6017	helmet	red motorcycle	independent
6018	rides	wearing	disjoint
6019	motorcycle	motocross	reverseentailment
6020	motorcycle	uniform	independent
6021	motorcycle	helmet	independent
6022	motorcycle	person in a motocross uniform	independent
6023	motorcycle	motocross uniform	independent
6024	motorcycle	red motorcycle	reverseentailment
6025	man in a motocross uniform	person	independent
6026	man in a motocross uniform	motocross	independent
6027	man in a motocross uniform	uniform	forwardentailment
6028	man in a motocross uniform	helmet	independent
6029	man in a motocross uniform	motorcycle	independent
6030	man in a motocross uniform	person in a motocross uniform	forwardentailment
6031	man in a motocross uniform	motocross uniform	forwardentailment
6032	man in a motocross uniform	red motorcycle	independent
6033	motocross uniform	person	independent
6034	motocross uniform	motocross	independent
6035	motocross uniform	uniform	forwardentailment
6036	motocross uniform	helmet	independent
6037	motocross uniform	motorcycle	disjoint
6038	motocross uniform	person in a motocross uniform	synonym
6039	motocross uniform	red motorcycle	independent
6040	red motorcycle	person	disjoint
6041	red motorcycle	motocross	independent
6042	red motorcycle	uniform	disjoint
6043	red motorcycle	helmet	independent
6044	red motorcycle	motorcycle	forwardentailment
6045	red motorcycle	person in a motocross uniform	independent
6046	red motorcycle	motocross uniform	independent
6047	boy	front	independent
6048	boy	fountain	independent
6049	boy	boy in a striped shirt	independent
6050	boy	striped shirt	independent
6051	boy	front of a water fountain	independent
6052	boy	water fountain	independent
6053	shirt	front	independent
6054	shirt	water	independent
6055	shirt	fountain	independent
6056	shirt	boy in a striped shirt	independent
6057	shirt	striped shirt	reverseentailment
6058	shirt	front of a water fountain	independent
6059	shirt	water fountain	independent
6060	water	shirt	independent
6061	water	fountain	independent
6062	water	boy in a striped shirt	independent
6063	water	striped shirt	independent
6064	water	front of a water fountain	independent
6065	water	water fountain	reverseentailment
6066	fountain	boy	independent
6067	fountain	shirt	disjoint
6068	fountain	front	independent
6069	fountain	water	independent
6070	fountain	boy in a striped shirt	independent
6071	fountain	striped shirt	independent
6072	fountain	front of a water fountain	independent
6073	fountain	water fountain	synonym
6074	boy in a striped shirt	boy	independent
6075	boy in a striped shirt	shirt	independent
6076	boy in a striped shirt	front	independent
6077	boy in a striped shirt	water	independent
6078	boy in a striped shirt	fountain	independent
6079	boy in a striped shirt	striped shirt	forwardentailment
6080	boy in a striped shirt	front of a water fountain	independent
6081	boy in a striped shirt	water fountain	independent
6082	striped shirt	boy	independent
6083	striped shirt	shirt	forwardentailment
6084	striped shirt	front	independent
6085	striped shirt	water	independent
6086	striped shirt	fountain	independent
6087	striped shirt	boy in a striped shirt	reverseentailment
6088	striped shirt	front of a water fountain	independent
6089	striped shirt	water fountain	independent
6090	water fountain	boy	independent
6091	water fountain	shirt	independent
6092	water fountain	front	independent
6093	water fountain	water	forwardentailment
6094	water fountain	fountain	forwardentailment
6095	water fountain	boy in a striped shirt	independent
6096	water fountain	striped shirt	independent
6097	water fountain	front of a water fountain	independent
6098	large	snowy	independent
6099	dogs	rocks	independent
6100	dogs	snowy grass and rocks	disjoint
6101	light	dogs	independent
6102	light	grass	independent
6103	light	rocks	disjoint
6104	light	Two dogs	disjoint
6105	light	snowy grass and rocks	disjoint
6106	colored	leaping	independent
6107	dark	snowy	disjoint
6108	sleeping	leaping	disjoint
6109	terrain	dogs	independent
6110	terrain	grass	independent
6111	terrain	rocks	independent
6112	terrain	Two dogs	disjoint
6113	terrain	snowy grass and rocks	independent
6114	Two large dogs	dogs	independent
6115	Two large dogs	grass	independent
6116	Two large dogs	rocks	disjoint
6117	Two large dogs	Two dogs	forwardentailment
6118	Two large dogs	snowy grass and rocks	disjoint
6119	dark one	dogs	independent
6120	dark one	grass	independent
6121	dark one	rocks	independent
6122	dark one	Two dogs	independent
6123	dark one	snowy grass and rocks	disjoint
6124	on a snowy terrain	through snowy grass and rocks	independent
6125	snowy terrain	dogs	disjoint
6126	snowy terrain	grass	disjoint
6127	snowy terrain	rocks	independent
6128	snowy terrain	Two dogs	disjoint
6129	snowy terrain	snowy grass and rocks	independent
6130	girl	slide	independent
6131	blue	slide	independent
6132	sliding	enjoying	independent
6133	green	young	independent
6134	slide	girl	independent
6135	slide	blue	independent
6136	slide	young girl in blue	independent
6137	slide	girl in blue	independent
6138	girl in blue	slide	independent
6139	green slide	girl	independent
6140	green slide	blue	disjoint
6141	green slide	slide	forwardentailment
6142	green slide	young girl in blue	independent
6143	green slide	girl in blue	independent
6144	white	next	independent
6145	white	big	independent
6146	man	building	independent
6147	man	city	independent
6148	man	black man	reverseentailment
6149	man	building in a big city	independent
6150	man	big city	independent
6151	next	black	independent
6152	next	big	independent
6153	building	man	independent
6154	building	city	independent
6155	building	black man	independent
6156	building	building in a big city	independent
6157	building	big city	independent
6158	big	black	independent
6159	big	next	independent
6160	city	man	independent
6161	city	building	independent
6162	city	black man	independent
6163	city	building in a big city	independent
6164	city	big city	reverseentailment
6165	white man	building	independent
6166	white man	city	independent
6167	white man	black man	disjoint
6168	white man	building in a big city	independent
6169	white man	big city	independent
6170	building in a big city	man	independent
6171	building in a big city	building	independent
6172	building in a big city	city	independent
6173	building in a big city	black man	independent
6174	building in a big city	big city	independent
6175	big city	man	independent
6176	big city	building	independent
6177	big city	city	forwardentailment
6178	big city	black man	independent
6179	big city	building in a big city	independent
6180	man	ground	independent
6181	man	man with a backwards hat	independent
6182	man	backwards hat	independent
6183	hat	ground	disjoint
6184	hat	man with a backwards hat	independent
6185	hat	backwards hat	reverseentailment
6186	ground	man	independent
6187	ground	hat	independent
6188	ground	man with a backwards hat	independent
6189	ground	backwards hat	disjoint
6190	man with no hat	man	independent
6191	man with no hat	hat	disjoint
6192	man with no hat	ground	independent
6193	man with no hat	man with a backwards hat	disjoint
6194	man with no hat	backwards hat	disjoint
6195	girl	sweater	independent
6196	girl	toy	independent
6197	girl	shoulders	independent
6198	girl	girl in blue sweater	independent
6199	girl	blue sweater	independent
6200	girl	multicolor toy	independent
6201	girl	shoulders of a man	independent
6202	girl	grey hair	independent
6203	blue	multicolor	independent
6204	blue	grey	disjoint
6205	sweater	girl	independent
6206	sweater	toy	disjoint
6207	sweater	shoulders	independent
6208	sweater	man	independent
6209	sweater	hair	disjoint
6210	sweater	girl in blue sweater	independent
6211	sweater	blue sweater	reverseentailment
6212	sweater	multicolor toy	independent
6213	sweater	shoulders of a man	independent
6214	sweater	grey hair	independent
6215	holding	sitting	disjoint
6216	multicolor	blue	independent
6217	multicolor	grey	disjoint
6218	toy	sweater	disjoint
6219	toy	shoulders	independent
6220	toy	man	disjoint
6221	toy	hair	independent
6222	toy	girl in blue sweater	independent
6223	toy	blue sweater	independent
6224	toy	multicolor toy	reverseentailment
6225	toy	shoulders of a man	disjoint
6226	toy	grey hair	independent
6227	sitting	holding	disjoint
6228	shoulders	girl	independent
6229	shoulders	sweater	independent
6230	shoulders	toy	independent
6231	shoulders	man	independent
6232	shoulders	hair	disjoint
6233	shoulders	girl in blue sweater	independent
6234	shoulders	blue sweater	independent
6235	shoulders	multicolor toy	independent
6236	shoulders	shoulders of a man	reverseentailment
6237	shoulders	grey hair	independent
6238	old	blue	independent
6239	old	multicolor	independent
6240	old	grey	independent
6241	man	sweater	independent
6242	man	toy	independent
6243	man	shoulders	independent
6244	man	girl in blue sweater	disjoint
6245	man	blue sweater	independent
6246	man	multicolor toy	independent
6247	man	shoulders of a man	independent
6248	man	grey hair	independent
6249	grey	blue	disjoint
6250	grey	multicolor	disjoint
6251	hair	sweater	disjoint
6252	hair	toy	disjoint
6253	hair	shoulders	independent
6254	hair	man	independent
6255	hair	girl in blue sweater	independent
6256	hair	blue sweater	independent
6257	hair	multicolor toy	independent
6258	hair	shoulders of a man	independent
6259	hair	grey hair	reverseentailment
6260	girl in blue sweater	girl	independent
6261	girl in blue sweater	sweater	independent
6262	girl in blue sweater	toy	independent
6263	girl in blue sweater	shoulders	independent
6264	girl in blue sweater	man	independent
6265	girl in blue sweater	hair	independent
6266	girl in blue sweater	blue sweater	independent
6267	girl in blue sweater	multicolor toy	independent
6268	girl in blue sweater	shoulders of a man	disjoint
6269	girl in blue sweater	grey hair	disjoint
6270	blue sweater	girl	independent
6271	blue sweater	sweater	forwardentailment
6272	blue sweater	toy	independent
6273	blue sweater	shoulders	independent
6274	blue sweater	man	independent
6275	blue sweater	hair	independent
6276	blue sweater	girl in blue sweater	independent
6277	blue sweater	multicolor toy	disjoint
6278	blue sweater	shoulders of a man	independent
6279	blue sweater	grey hair	independent
6280	multicolor toy	girl	independent
6281	multicolor toy	sweater	disjoint
6282	multicolor toy	toy	forwardentailment
6283	multicolor toy	shoulders	independent
6284	multicolor toy	man	disjoint
6285	multicolor toy	hair	independent
6286	multicolor toy	girl in blue sweater	independent
6287	multicolor toy	blue sweater	disjoint
6288	multicolor toy	shoulders of a man	disjoint
6289	multicolor toy	grey hair	disjoint
6290	shoulders of an old man	girl	disjoint
6291	shoulders of an old man	sweater	independent
6292	shoulders of an old man	toy	disjoint
6293	shoulders of an old man	shoulders	forwardentailment
6294	shoulders of an old man	man	independent
6295	shoulders of an old man	hair	independent
6296	shoulders of an old man	girl in blue sweater	disjoint
6297	shoulders of an old man	blue sweater	independent
6298	shoulders of an old man	multicolor toy	disjoint
6299	shoulders of an old man	shoulders of a man	forwardentailment
6300	shoulders of an old man	grey hair	independent
6301	old man	girl	disjoint
6302	old man	sweater	independent
6303	old man	toy	disjoint
6304	old man	shoulders	independent
6305	old man	man	forwardentailment
6306	old man	hair	independent
6307	old man	girl in blue sweater	disjoint
6308	old man	blue sweater	independent
6309	old man	multicolor toy	independent
6310	old man	shoulders of a man	independent
6311	old man	grey hair	independent
6312	grey hair	girl	disjoint
6313	grey hair	sweater	independent
6314	grey hair	toy	independent
6315	grey hair	shoulders	independent
6316	grey hair	man	independent
6317	grey hair	hair	forwardentailment
6318	grey hair	girl in blue sweater	independent
6319	grey hair	blue sweater	independent
6320	grey hair	multicolor toy	independent
6321	grey hair	shoulders of a man	independent
6322	man	sea	independent
6323	water	person	independent
6324	water	sea	reverseentailment
6325	into the water	into the sea	reverseentailment
6326	people	park	independent
6327	people	day	independent
6328	people	park bench	disjoint
6329	people	hot day	independent
6330	park	bench	independent
6331	park	day	independent
6332	park	Two people	independent
6333	park	park bench	independent
6334	park	hot day	independent
6335	bench	park	independent
6336	bench	day	independent
6337	bench	Two people	disjoint
6338	bench	park bench	reverseentailment
6339	bench	hot day	independent
6340	sunny	hot	forwardentailment
6341	day	people	independent
6342	day	park	independent
6343	day	bench	independent
6344	day	Two people	independent
6345	day	park bench	independent
6346	day	hot day	independent
6347	Two people	park	independent
6348	Two people	bench	disjoint
6349	Two people	day	independent
6350	Two people	park bench	disjoint
6351	Two people	hot day	independent
6352	on a park bench	on a hot day	independent
6353	park bench	people	independent
6354	park bench	park	independent
6355	park bench	bench	forwardentailment
6356	park bench	day	independent
6357	park bench	Two people	independent
6358	park bench	hot day	independent
6359	on a sunny day	on a park bench	independent
6360	on a sunny day	on a hot day	independent
6361	sunny day	people	independent
6362	sunny day	park	independent
6363	sunny day	bench	independent
6364	sunny day	day	forwardentailment
6365	sunny day	Two people	independent
6366	sunny day	park bench	independent
6367	sunny day	hot day	independent
6368	child	toddler	reverseentailment
6369	child	splash	independent
6370	child	paddling	independent
6371	child	blue paddling pool	independent
6372	splashing	making	disjoint
6373	water	toddler	independent
6374	water	splash	independent
6375	water	paddling	independent
6376	water	pool	reverseentailment
6377	water	blue paddling pool	independent
6378	big	blue	independent
6379	red	blue	disjoint
6380	pool	toddler	independent
6381	pool	splash	independent
6382	pool	blue paddling pool	reverseentailment
6383	in a big red pool	inside a blue paddling pool	disjoint
6384	big red pool	toddler	independent
6385	big red pool	splash	independent
6386	big red pool	paddling	independent
6387	big red pool	pool	forwardentailment
6388	big red pool	blue paddling pool	disjoint
6389	grey	grass	independent
6390	grey	brown dog	disjoint
6391	grey	dry grass	independent
6392	silky	brown	disjoint
6393	silky	black	disjoint
6394	silky	dry	disjoint
6395	dog	dry grass	independent
6396	lying	spotting	disjoint
6397	grass	dry grass	reverseentailment
6398	brown	dry	disjoint
6399	looking	spotting	reverseentailment
6400	looking	lying	disjoint
6401	grey silky dog	dog	forwardentailment
6402	grey silky dog	grass	independent
6403	grey silky dog	brown dog	disjoint
6404	grey silky dog	dry grass	disjoint
6405	in the grass	in the dry grass	reverseentailment
6406	brown dog	grass	independent
6407	brown dog	dry grass	independent
6408	black	large	independent
6409	black	small	independent
6410	black	next	independent
6411	dog	kitchen	disjoint
6412	dog	counter	disjoint
6413	dog	large dog	independent
6414	dog	small dog	reverseentailment
6415	dog	kitchen counter	disjoint
6416	small	large	disjoint
6417	small	next	independent
6418	white	large	independent
6419	white	small	independent
6420	looking	investigating	synonym
6421	kitchen	dog	disjoint
6422	kitchen	counter	independent
6423	kitchen	large dog	disjoint
6424	kitchen	small dog	disjoint
6425	kitchen	kitchen counter	independent
6426	countertop	dog	disjoint
6427	countertop	kitchen	independent
6428	countertop	counter	synonym
6429	countertop	large dog	disjoint
6430	countertop	small dog	disjoint
6431	countertop	kitchen counter	reverseentailment
6432	black dog	kitchen	disjoint
6433	black dog	counter	disjoint
6434	black dog	large dog	independent
6435	black dog	small dog	independent
6436	black dog	kitchen counter	disjoint
6437	small white and black dog	dog	independent
6438	small white and black dog	kitchen	disjoint
6439	small white and black dog	counter	disjoint
6440	small white and black dog	large dog	disjoint
6441	small white and black dog	small dog	forwardentailment
6442	small white and black dog	kitchen counter	disjoint
6443	white and black dog	dog	independent
6444	white and black dog	kitchen	disjoint
6445	white and black dog	counter	disjoint
6446	white and black dog	large dog	independent
6447	white and black dog	small dog	independent
6448	white and black dog	kitchen counter	disjoint
6449	kitchen countertop	dog	disjoint
6450	kitchen countertop	kitchen	independent
6451	kitchen countertop	counter	forwardentailment
6452	kitchen countertop	large dog	disjoint
6453	kitchen countertop	small dog	independent
6454	kitchen countertop	kitchen counter	forwardentailment
6455	man	bay	independent
6456	man	rock climbing	independent
6457	rock	city	independent
6458	rock	bay	disjoint
6459	rock	background	independent
6460	rock	rock climbing	independent
6461	city	rock	disjoint
6462	city	bay	disjoint
6463	city	background	independent
6464	city	rock climbing	disjoint
6465	bay	man	independent
6466	bay	rock	disjoint
6467	bay	city	disjoint
6468	bay	background	independent
6469	bay	rock climbing	disjoint
6470	background	rock	independent
6471	background	city	independent
6472	background	bay	independent
6473	background	rock climbing	independent
6474	rock climbing	man	independent
6475	rock climbing	rock	independent
6476	rock climbing	city	disjoint
6477	rock climbing	bay	disjoint
6478	rock climbing	background	independent
6479	man	route	independent
6480	rock	route	disjoint
6481	climbing	stopping	disjoint
6482	climbing	calculating	disjoint
6483	pausing	climbing	disjoint
6484	pausing	stopping	synonym
6485	pausing	calculating	independent
6486	calculating	climbing	independent
6487	calculating	stopping	disjoint
6488	route	man	independent
6489	route	rock	disjoint
6490	group	carnival	independent
6491	people	carnival	independent
6492	gathering	standing	independent
6493	stand	people	disjoint
6494	stand	carnival	independent
6495	group of people	carnival	independent
6496	at a stand	at a carnival	independent
6497	at the fair	at a carnival	reverseentailment
6498	group	rollerbladers	independent
6499	group	road	independent
6500	group	group of rollerbladers	independent
6501	rollerbladers	group	independent
6502	rollerbladers	road	independent
6503	rollerbladers	group of rollerbladers	synonym
6504	street	group	independent
6505	street	rollerbladers	independent
6506	street	group of rollerbladers	independent
6507	group of rollerbladers	group	independent
6508	group of rollerbladers	rollerbladers	forwardentailment
6509	group of rollerbladers	road	independent
6510	on the street	on the road	synonym
6511	skateboarder	jump	independent
6512	skateboarder	ramp	independent
6513	skateboarder	jump off a ramp	independent
6514	jumping	making	independent
6515	ramp	skateboarder	independent
6516	ramp	jump	disjoint
6517	ramp	jump off a ramp	reverseentailment
6518	black	green	disjoint
6519	orange	black	disjoint
6520	orange	yellow	disjoint
6521	orange	green	disjoint
6522	bird	beak	independent
6523	bird	grass	independent
6524	bird	bird with a yellow beak	independent
6525	bird	yellow beak	independent
6526	bird	green grass	independent
6527	grass	bird	independent
6528	grass	beak	disjoint
6529	grass	bird with a yellow beak	disjoint
6530	grass	yellow beak	disjoint
6531	grass	green grass	reverseentailment
6532	black and orange bird	bird	independent
6533	black and orange bird	beak	independent
6534	black and orange bird	grass	independent
6535	black and orange bird	bird with a yellow beak	independent
6536	black and orange bird	yellow beak	disjoint
6537	black and orange bird	green grass	independent
6538	in the grass	in the green grass	reverseentailment
6539	group	sound	independent
6540	group	equipment	disjoint
6541	group	sound equipment	disjoint
6542	people	sound	disjoint
6543	people	equipment	disjoint
6544	people	sound equipment	disjoint
6545	sound	people	disjoint
6546	sound	equipment	forwardentailment
6547	sound	sound equipment	independent
6548	mixing	looking	independent
6549	table	sound	independent
6550	table	equipment	independent
6551	table	sound equipment	disjoint
6552	group of people	sound	independent
6553	group of people	equipment	independent
6554	group of people	sound equipment	disjoint
6555	around a sound mixing table	at sound equipment	independent
6556	sound mixing table	people	disjoint
6557	sound mixing table	sound	independent
6558	sound mixing table	equipment	forwardentailment
6559	sound mixing table	sound equipment	forwardentailment
6560	girl	rope	independent
6561	girl	street	independent
6562	rope	girl	independent
6563	rope	street	independent
6564	sidewalk	rope	disjoint
6565	sidewalk	street	independent
6566	rope on a sidewalk	girl	independent
6567	rope on a sidewalk	rope	independent
6568	rope on a sidewalk	street	independent
6569	jumping	skipping	reverseentailment
6570	parking	girl	independent
6571	parking	rope	independent
6572	parking	street	independent
6573	garage	girl	independent
6574	garage	rope	independent
6575	garage	street	disjoint
6576	sidewalk near a parking garage	girl	independent
6577	sidewalk near a parking garage	rope	independent
6578	sidewalk near a parking garage	street	independent
6579	parking garage	girl	independent
6580	parking garage	rope	independent
6581	parking garage	street	disjoint
6582	dog	animal	forwardentailment
6583	dog	body	independent
6584	dog	body of water	disjoint
6585	body	animal	independent
6586	water	animal	independent
6587	body of water	animal	disjoint
6588	woman	ledge	independent
6589	woman	balcony	independent
6590	woman	ledge of a balcony	independent
6591	ledge	man	independent
6592	ledge	balcony	independent
6593	ledge	ledge of a balcony	reverseentailment
6594	balcony	man	independent
6595	balcony	ledge	forwardentailment
6596	balcony	ledge of a balcony	independent
6597	ledge of a balcony	man	independent
6598	ledge of a balcony	ledge	forwardentailment
6599	ledge of a balcony	balcony	independent
6600	small	white	independent
6601	dog	lawn	independent
6602	dog	big white dog	independent
6603	lawn	dog	independent
6604	lawn	big white dog	independent
6605	small white dog	dog	independent
6606	small white dog	lawn	independent
6607	small white dog	big white dog	disjoint
6608	dog	leash	independent
6609	dog	black dog on a leash	independent
6610	dog	dog on a leash	independent
6611	leash	dog	disjoint
6612	leash	water	independent
6613	leash	black dog on a leash	independent
6614	leash	dog on a leash	independent
6615	water	leash	independent
6616	water	black dog on a leash	independent
6617	water	dog on a leash	disjoint
6618	on a leash	in the water	disjoint
6619	near the water	in the water	reverseentailment
6620	boy	males	forwardentailment
6621	boy	cliff	disjoint
6622	boy	edge	independent
6623	boy	Two males	forwardentailment
6624	boy	cliff edge	independent
6625	orange	males	independent
6626	orange	cliff	disjoint
6627	orange	edge	independent
6628	orange	water	independent
6629	orange	Two males	independent
6630	orange	cliff edge	disjoint
6631	shorts	males	independent
6632	shorts	cliff	disjoint
6633	shorts	edge	independent
6634	shorts	water	independent
6635	shorts	Two males	independent
6636	shorts	cliff edge	disjoint
6637	standing	jumping	disjoint
6638	rock	males	independent
6639	rock	edge	independent
6640	rock	water	disjoint
6641	rock	Two males	independent
6642	rock	cliff edge	independent
6643	cliff	males	independent
6644	cliff	edge	forwardentailment
6645	cliff	water	disjoint
6646	cliff	Two males	independent
6647	cliff	cliff edge	synonym
6648	water	males	independent
6649	water	cliff	disjoint
6650	water	Two males	independent
6651	water	cliff edge	disjoint
6652	jumping	standing	disjoint
6653	One boy in orange shorts	males	independent
6654	One boy in orange shorts	cliff	disjoint
6655	One boy in orange shorts	edge	independent
6656	One boy in orange shorts	water	independent
6657	One boy in orange shorts	Two males	forwardentailment
6658	One boy in orange shorts	cliff edge	independent
6659	boy in orange shorts	males	independent
6660	boy in orange shorts	cliff	disjoint
6661	boy in orange shorts	edge	independent
6662	boy in orange shorts	water	independent
6663	boy in orange shorts	Two males	independent
6664	boy in orange shorts	cliff edge	disjoint
6665	orange shorts	males	independent
6666	orange shorts	cliff	disjoint
6667	orange shorts	edge	independent
6668	orange shorts	water	independent
6669	orange shorts	Two males	independent
6670	orange shorts	cliff edge	independent
6671	on a rock cliff	on a cliff edge	forwardentailment
6672	on a rock cliff	into the water	disjoint
6673	rock cliff	males	independent
6674	rock cliff	cliff	forwardentailment
6675	rock cliff	edge	independent
6676	rock cliff	water	disjoint
6677	rock cliff	Two males	independent
6678	rock cliff	cliff edge	independent
6679	over the water	on a cliff edge	disjoint
6680	over the water	into the water	disjoint
6681	other boy in black shorts	males	independent
6682	other boy in black shorts	cliff	disjoint
6683	other boy in black shorts	edge	independent
6684	other boy in black shorts	water	independent
6685	other boy in black shorts	Two males	independent
6686	other boy in black shorts	cliff edge	disjoint
6687	boy in black shorts	males	independent
6688	boy in black shorts	cliff	disjoint
6689	boy in black shorts	edge	independent
6690	boy in black shorts	water	independent
6691	boy in black shorts	Two males	independent
6692	boy in black shorts	cliff edge	independent
6693	black shorts	males	independent
6694	black shorts	cliff	disjoint
6695	black shorts	edge	independent
6696	black shorts	water	independent
6697	black shorts	Two males	independent
6698	black shorts	cliff edge	independent
6699	of it	on a cliff edge	independent
6700	of it	into the water	independent
6701	into the water	on a cliff edge	disjoint
6702	group	adults	independent
6703	group	indoors	independent
6704	group	group of five young adults	independent
6705	group	five young adults	independent
6706	people	adults	reverseentailment
6707	people	indoors	independent
6708	people	group of five young adults	independent
6709	people	five young adults	independent
6710	standing	lounging	disjoint
6711	sitting	lounging	reverseentailment
6712	sofa	group	disjoint
6713	sofa	adults	independent
6714	sofa	indoors	independent
6715	sofa	group of five young adults	independent
6716	sofa	five young adults	independent
6717	small group of people	group	independent
6718	small group of people	adults	independent
6719	small group of people	indoors	independent
6720	small group of people	group of five young adults	independent
6721	small group of people	five young adults	independent
6722	group of people	adults	independent
6723	group of people	indoors	independent
6724	group of people	group of five young adults	independent
6725	group of people	five young adults	independent
6726	girl	suite	independent
6727	girl	young girl in swimming suite	independent
6728	girl	girl in swimming suite	independent
6729	girl	swimming suite	disjoint
6730	bikini	girl	independent
6731	bikini	swimming	independent
6732	bikini	suite	disjoint
6733	bikini	beach	independent
6734	bikini	young girl in swimming suite	independent
6735	bikini	girl in swimming suite	forwardentailment
6736	bikini	swimming suite	forwardentailment
6737	beach	girl	independent
6738	beach	swimming	independent
6739	beach	suite	disjoint
6740	beach	young girl in swimming suite	independent
6741	beach	girl in swimming suite	independent
6742	beach	swimming suite	disjoint
6743	young girl in a bikini	girl	independent
6744	young girl in a bikini	swimming	independent
6745	young girl in a bikini	suite	disjoint
6746	young girl in a bikini	beach	independent
6747	young girl in a bikini	young girl in swimming suite	forwardentailment
6748	young girl in a bikini	girl in swimming suite	forwardentailment
6749	young girl in a bikini	swimming suite	forwardentailment
6750	girl in a bikini	girl	independent
6751	girl in a bikini	swimming	independent
6752	girl in a bikini	suite	disjoint
6753	girl in a bikini	beach	independent
6754	girl in a bikini	young girl in swimming suite	disjoint
6755	girl in a bikini	girl in swimming suite	forwardentailment
6756	girl in a bikini	swimming suite	independent
6757	blond	dark	independent
6758	child	hair	independent
6759	child	slide	independent
6760	child	child with dark hair	independent
6761	child	dark hair	independent
6762	going	throwing	disjoint
6763	slide	child	independent
6764	slide	hair	independent
6765	slide	arms	independent
6766	slide	child with dark hair	independent
6767	slide	dark hair	independent
6768	throwing	going	disjoint
6769	arms	hair	disjoint
6770	arms	slide	independent
6771	arms	child with dark hair	independent
6772	arms	dark hair	independent
6773	blond child	child	independent
6774	blond child	hair	independent
6775	blond child	slide	independent
6776	blond child	arms	independent
6777	blond child	child with dark hair	disjoint
6778	blond child	dark hair	disjoint
6779	dogs	shore	independent
6780	dogs	black dog	reverseentailment
6781	dogs	rocky shore	independent
6782	playing	running	independent
6783	forest	dog	independent
6784	forest	shore	disjoint
6785	forest	brown dog	independent
6786	forest	black dog	independent
6787	forest	rocky shore	disjoint
6788	Two dogs	dog	forwardentailment
6789	Two dogs	shore	independent
6790	Two dogs	brown dog	independent
6791	Two dogs	black dog	independent
6792	Two dogs	rocky shore	independent
6793	in a forest	after a black dog	independent
6794	in a forest	on a rocky shore	disjoint
6795	white	rocky	independent
6796	dog	beach	independent
6797	dog	Two dogs	independent
6798	dog	rocky beach	independent
6799	approaching	playing	independent
6800	golden	rocky	disjoint
6801	beach	dogs	independent
6802	beach	Two dogs	independent
6803	beach	rocky beach	reverseentailment
6804	white dog	dogs	forwardentailment
6805	white dog	beach	independent
6806	white dog	Two dogs	independent
6807	white dog	rocky beach	independent
6808	golden dog on pebbly beach	dogs	forwardentailment
6809	golden dog on pebbly beach	beach	independent
6810	golden dog on pebbly beach	Two dogs	disjoint
6811	golden dog on pebbly beach	rocky beach	independent
6812	dog on pebbly beach	dogs	forwardentailment
6813	dog on pebbly beach	beach	independent
6814	dog on pebbly beach	Two dogs	disjoint
6815	dog on pebbly beach	rocky beach	independent
6816	pebbly beach	dogs	independent
6817	pebbly beach	beach	forwardentailment
6818	pebbly beach	Two dogs	independent
6819	pebbly beach	rocky beach	forwardentailment
6820	girls	kids	forwardentailment
6821	girls	tongues	independent
6822	girls	Two kids	independent
6823	girls	blue and green colored tongues	independent
6824	girls	colored tongues	independent
6825	wearing	sticking	disjoint
6826	wearing	colored	independent
6827	hats	kids	independent
6828	hats	tongues	disjoint
6829	hats	Two kids	independent
6830	hats	blue and green colored tongues	independent
6831	hats	colored tongues	independent
6832	sticking	colored	independent
6833	colored	sticking	independent
6834	tongues	kids	independent
6835	tongues	Two kids	independent
6836	tongues	blue and green colored tongues	reverseentailment
6837	tongues	colored tongues	independent
6838	Two young girls	kids	independent
6839	Two young girls	tongues	independent
6840	Two young girls	Two kids	forwardentailment
6841	Two young girls	blue and green colored tongues	independent
6842	Two young girls	colored tongues	independent
6843	boys	water	independent
6844	boys	beach	independent
6845	boys	Two boys	independent
6846	ocean	boys	independent
6847	ocean	water	forwardentailment
6848	ocean	beach	independent
6849	ocean	Two boys	independent
6850	beach	Two boys	independent
6851	Two boys	boys	independent
6852	Two boys	water	independent
6853	Two boys	beach	independent
6854	in the ocean	in the water	forwardentailment
6855	large	different	independent
6856	man	veteran	independent
6857	man	things	independent
6858	man	war	independent
6859	man	war to some people	independent
6860	sitting	showing	independent
6861	military	different	independent
6862	accessories	veteran	independent
6863	accessories	things	forwardentailment
6864	accessories	war	independent
6865	accessories	people	disjoint
6866	accessories	war to some people	independent
6867	store	veteran	independent
6868	store	things	independent
6869	store	war	disjoint
6870	store	people	disjoint
6871	store	war to some people	disjoint
6872	large man	veteran	independent
6873	large man	things	independent
6874	large man	war	independent
6875	large man	people	independent
6876	large man	war to some people	independent
6877	military accessories store	veteran	independent
6878	military accessories store	things	independent
6879	military accessories store	war	disjoint
6880	military accessories store	people	independent
6881	military accessories store	war to some people	disjoint
6882	dog	soccer	disjoint
6883	dog	head	independent
6884	dog	grey dog	reverseentailment
6885	dog	soccer ball on its head	disjoint
6886	dog	ball on its head	independent
6887	dog	grass field	independent
6888	collar	grey	independent
6889	collar	dog	independent
6890	collar	soccer	disjoint
6891	collar	ball	disjoint
6892	collar	head	disjoint
6893	collar	grass	disjoint
6894	collar	field	independent
6895	collar	grey dog	independent
6896	collar	soccer ball on its head	disjoint
6897	collar	ball on its head	disjoint
6898	collar	grass field	independent
6899	playing	bouncing	independent
6900	ball	grey	independent
6901	ball	soccer	independent
6902	ball	head	independent
6903	ball	grass	disjoint
6904	ball	field	independent
6905	ball	grey dog	independent
6906	ball	soccer ball on its head	independent
6907	ball	ball on its head	reverseentailment
6908	ball	grass field	independent
6909	outside	grey	independent
6910	outside	dog	independent
6911	outside	soccer	independent
6912	outside	ball	independent
6913	outside	head	independent
6914	outside	grass	independent
6915	outside	field	reverseentailment
6916	outside	grey dog	independent
6917	outside	soccer ball on its head	independent
6918	outside	ball on its head	disjoint
6919	outside	grass field	reverseentailment
6920	dog with a blue collar	grey	independent
6921	dog with a blue collar	dog	independent
6922	dog with a blue collar	soccer	disjoint
6923	dog with a blue collar	ball	disjoint
6924	dog with a blue collar	head	independent
6925	dog with a blue collar	grass	independent
6926	dog with a blue collar	field	independent
6927	dog with a blue collar	grey dog	independent
6928	dog with a blue collar	soccer ball on its head	disjoint
6929	dog with a blue collar	ball on its head	independent
6930	dog with a blue collar	grass field	independent
6931	blue collar	grey	disjoint
6932	blue collar	dog	independent
6933	blue collar	soccer	independent
6934	blue collar	ball	independent
6935	blue collar	head	forwardentailment
6936	blue collar	grass	disjoint
6937	blue collar	field	independent
6938	blue collar	grey dog	independent
6939	blue collar	soccer ball on its head	disjoint
6940	blue collar	ball on its head	disjoint
6941	blue collar	grass field	independent
6942	with the ball outside	in a grass field	independent
6943	ball outside	grey	independent
6944	ball outside	dog	independent
6945	ball outside	soccer	independent
6946	ball outside	ball	independent
6947	ball outside	head	independent
6948	ball outside	grass	independent
6949	ball outside	field	independent
6950	ball outside	grey dog	independent
6951	ball outside	soccer ball on its head	independent
6952	ball outside	ball on its head	independent
6953	ball outside	grass field	independent
6954	young	colorful	independent
6955	woman	lot	independent
6956	woman	jewelry	independent
6957	woman	colorful shirt	independent
6958	woman	lot of jewelry	independent
6959	Indian	colorful	independent
6960	clothing	shirt	reverseentailment
6961	clothing	lot	independent
6962	clothing	jewelry	disjoint
6963	clothing	colorful shirt	reverseentailment
6964	clothing	lot of jewelry	disjoint
6965	henna	woman	independent
6966	henna	shirt	disjoint
6967	henna	lot	independent
6968	henna	jewelry	forwardentailment
6969	henna	colorful shirt	disjoint
6970	henna	lot of jewelry	disjoint
6971	hand	woman	independent
6972	hand	shirt	independent
6973	hand	lot	independent
6974	hand	jewelry	disjoint
6975	hand	colorful shirt	independent
6976	hand	lot of jewelry	independent
6977	going	wearing	disjoint
6978	paperwork	woman	independent
6979	paperwork	shirt	disjoint
6980	paperwork	lot	independent
6981	paperwork	jewelry	disjoint
6982	paperwork	colorful shirt	disjoint
6983	paperwork	lot of jewelry	disjoint
6984	young woman	woman	independent
6985	young woman	shirt	independent
6986	young woman	lot	independent
6987	young woman	jewelry	independent
6988	young woman	colorful shirt	independent
6989	young woman	lot of jewelry	independent
6990	Indian clothing and henna	woman	independent
6991	Indian clothing and henna	shirt	independent
6992	Indian clothing and henna	lot	independent
6993	Indian clothing and henna	jewelry	independent
6994	Indian clothing and henna	colorful shirt	independent
6995	Indian clothing and henna	lot of jewelry	disjoint
6996	man	jersey	independent
6997	man	man in a black jersey	independent
6998	man	black jersey	independent
6999	jersey	man	independent
7000	jersey	gym	disjoint
7001	jersey	man in a black jersey	independent
7002	jersey	black jersey	reverseentailment
7003	gym	man	independent
7004	gym	jersey	independent
7005	gym	man in a black jersey	independent
7006	gym	black jersey	independent
7007	man in a jersey	man	independent
7008	man in a jersey	jersey	independent
7009	man in a jersey	gym	independent
7010	man in a jersey	man in a black jersey	reverseentailment
7011	man in a jersey	black jersey	independent
7012	man in a black jersey	man	independent
7013	man in a black jersey	gym	independent
7014	man in a black jersey	jersey	independent
7015	black jersey	man	independent
7016	black jersey	gym	independent
7017	black jersey	jersey	forwardentailment
7018	little	white	independent
7019	brown	dog	independent
7020	brown	road	independent
7021	brown	little brown and white dog	independent
7022	brown	brown and white dog	independent
7023	white	little	independent
7024	dog	brown	independent
7025	dog	little brown and white dog	independent
7026	sidewalk	brown	independent
7027	sidewalk	dog	independent
7028	sidewalk	road	disjoint
7029	sidewalk	little brown and white dog	independent
7030	sidewalk	brown and white dog	independent
7031	little brown and white dog	brown	independent
7032	little brown and white dog	dog	independent
7033	little brown and white dog	road	independent
7034	little brown and white dog	brown and white dog	forwardentailment
7035	brown and white dog	brown	independent
7036	brown and white dog	road	independent
7037	brown and white dog	little brown and white dog	reverseentailment
7038	on the sidewalk	on the road	disjoint
7039	turning	chasing	independent
7040	grass	ball	disjoint
7041	grass	yellow dog	independent
7042	pursuing	chasing	synonym
7043	flying	chasing	disjoint
7044	tennis	yellow dog	independent
7045	ball	yellow dog	disjoint
7046	flying tennis ball	dog	disjoint
7047	flying tennis ball	ball	forwardentailment
7048	flying tennis ball	yellow dog	independent
7049	woman	lady	synonym
7050	woman	street	independent
7051	woman	school	independent
7052	woman	children	independent
7053	woman	school children	independent
7054	jeans	lady	independent
7055	jeans	school	disjoint
7056	jeans	children	independent
7057	jeans	school children	independent
7058	standing	surrounded	independent
7059	front	lady	independent
7060	front	street	independent
7061	front	school	independent
7062	front	school children	independent
7063	group	lady	independent
7064	group	street	independent
7065	group	school	independent
7066	group	children	independent
7067	group	school children	independent
7068	children	lady	disjoint
7069	children	street	independent
7070	children	school	independent
7071	children	school children	reverseentailment
7072	stone	lady	independent
7073	stone	street	independent
7074	stone	school	independent
7075	stone	children	independent
7076	stone	school children	independent
7077	built	standing	independent
7078	built	surrounded	independent
7079	house	lady	disjoint
7080	house	street	independent
7081	house	school	disjoint
7082	house	children	independent
7083	house	school children	disjoint
7084	woman in blue jeans	lady	independent
7085	woman in blue jeans	street	independent
7086	woman in blue jeans	school	independent
7087	woman in blue jeans	children	independent
7088	woman in blue jeans	school children	disjoint
7089	blue jeans	lady	independent
7090	blue jeans	street	independent
7091	blue jeans	school	independent
7092	blue jeans	children	independent
7093	blue jeans	school children	independent
7094	group of children	lady	disjoint
7095	group of children	street	independent
7096	group of children	school	independent
7097	group of children	children	independent
7098	group of children	school children	independent
7099	beside a stone built house	on the street	independent
7100	beside a stone built house	by school children	independent
7101	stone built house	lady	independent
7102	stone built house	street	independent
7103	stone built house	school	disjoint
7104	stone built house	children	independent
7105	stone built house	school children	disjoint
7106	lady	man	disjoint
7107	lady	jeans	independent
7108	lady	front	independent
7109	lady	group	independent
7110	lady	children	independent
7111	lady	stone	independent
7112	lady	house	disjoint
7113	lady	man in blue jeans	disjoint
7114	lady	blue jeans	independent
7115	lady	group of children	disjoint
7116	lady	stone built house	independent
7117	standing	built	disjoint
7118	street	jeans	independent
7119	street	front	independent
7120	street	children	independent
7121	street	stone	independent
7122	street	house	independent
7123	street	man in blue jeans	independent
7124	street	blue jeans	independent
7125	street	group of children	independent
7126	street	stone built house	independent
7127	surrounded	standing	disjoint
7128	surrounded	built	independent
7129	school	man	independent
7130	school	jeans	disjoint
7131	school	front	independent
7132	school	group	independent
7133	school	children	independent
7134	school	stone	independent
7135	school	house	disjoint
7136	school	man in blue jeans	independent
7137	school	blue jeans	independent
7138	school	group of children	independent
7139	school	stone built house	disjoint
7140	children	jeans	independent
7141	children	front	independent
7142	children	group	independent
7143	children	stone	independent
7144	children	house	disjoint
7145	children	man in blue jeans	disjoint
7146	children	blue jeans	independent
7147	children	group of children	independent
7148	children	stone built house	independent
7149	on the street	beside a stone built house	independent
7150	by school children	beside a stone built house	independent
7151	school children	man	disjoint
7152	school children	jeans	independent
7153	school children	front	independent
7154	school children	group	independent
7155	school children	children	forwardentailment
7156	school children	stone	independent
7157	school children	house	disjoint
7158	school children	man in blue jeans	disjoint
7159	school children	blue jeans	independent
7160	school children	group of children	independent
7161	school children	stone built house	disjoint
7162	guy	air	independent
7163	guy	area	independent
7164	guy	wooded area	independent
7165	air	guy	independent
7166	air	area	forwardentailment
7167	air	wooded area	independent
7168	wood	guy	independent
7169	wood	air	disjoint
7170	wood	area	forwardentailment
7171	wood	wooded area	forwardentailment
7172	into the air	in a wooded area	independent
7173	in wood	into the air	disjoint
7174	in wood	in a wooded area	forwardentailment
7175	dog	blue and white ball	independent
7176	ball	mouth	disjoint
7177	ball	black dog	independent
7178	ball	blue and white ball	independent
7179	with a ball	in its mouth	independent
7180	man	wheel	disjoint
7181	man	trunk	disjoint
7182	man	classic American car	disjoint
7183	man	trunk open	independent
7184	blue	man	independent
7185	blue	wheel	independent
7186	blue	car	independent
7187	blue	door	independent
7188	blue	trunk	independent
7189	blue	classic American car	independent
7190	blue	trunk open	independent
7191	posing	standing	synonym
7192	picture	wheel	independent
7193	picture	car	independent
7194	picture	door	disjoint
7195	picture	trunk	disjoint
7196	picture	classic American car	disjoint
7197	picture	trunk open	disjoint
7198	next	classic	independent
7199	next	American	independent
7200	next	open	independent
7201	vehicle	man	independent
7202	vehicle	wheel	independent
7203	vehicle	car	synonym
7204	vehicle	door	independent
7205	vehicle	trunk	independent
7206	vehicle	classic American car	reverseentailment
7207	vehicle	trunk open	independent
7208	man in blue	man	independent
7209	man in blue	wheel	disjoint
7210	man in blue	car	independent
7211	man in blue	door	independent
7212	man in blue	trunk	independent
7213	man in blue	classic American car	disjoint
7214	man in blue	trunk open	independent
7215	picture next to a vehicle	man	independent
7216	picture next to a vehicle	wheel	independent
7217	picture next to a vehicle	car	independent
7218	picture next to a vehicle	door	independent
7219	picture next to a vehicle	trunk	independent
7220	picture next to a vehicle	classic American car	independent
7221	picture next to a vehicle	trunk open	independent
7222	man	railing	disjoint
7223	man	snow	independent
7224	skiing	snowboarding	disjoint
7225	hill	man	independent
7226	hill	railing	disjoint
7227	hill	snow	independent
7228	jumping	snowboarding	independent
7229	obstacle	man	independent
7230	obstacle	railing	independent
7231	obstacle	snow	independent
7232	red obstacle	man	independent
7233	red obstacle	railing	independent
7234	red obstacle	snow	disjoint
7235	skateboarder	air	disjoint
7236	air	skateboarder	independent
7237	snowboarder	acrobatics	disjoint
7238	snowboarder	snowboard	synonym
7239	grinding	doing	forwardentailment
7240	concrete	person	disjoint
7241	concrete	acrobatics	independent
7242	concrete	snowboard	disjoint
7243	rail	person	disjoint
7244	rail	acrobatics	disjoint
7245	rail	snowboard	independent
7246	long concrete rail	person	disjoint
7247	long concrete rail	acrobatics	independent
7248	long concrete rail	snowboard	disjoint
7249	group	city	independent
7250	group	sidewalk	independent
7251	group	hat	independent
7252	group	Four people	independent
7253	group	city sidewalk	independent
7254	group	one in the green hat	independent
7255	group	green hat	independent
7256	people	city	independent
7257	people	sidewalk	independent
7258	people	hat	independent
7259	people	Four people	independent
7260	people	city sidewalk	independent
7261	people	one in the green hat	independent
7262	people	green hat	independent
7263	walking	phoning	disjoint
7264	street	city	independent
7265	street	sidewalk	independent
7266	street	hat	independent
7267	street	Four people	independent
7268	street	city sidewalk	independent
7269	street	one in the green hat	independent
7270	street	green hat	independent
7271	person	people	synonym
7272	person	city	independent
7273	person	sidewalk	independent
7274	person	hat	independent
7275	person	Four people	disjoint
7276	person	city sidewalk	independent
7277	person	one in the green hat	independent
7278	person	green hat	independent
7279	hat	people	disjoint
7280	hat	city	independent
7281	hat	sidewalk	independent
7282	hat	Four people	independent
7283	hat	city sidewalk	independent
7284	hat	one in the green hat	reverseentailment
7285	hat	green hat	reverseentailment
7286	phone	people	disjoint
7287	phone	city	independent
7288	phone	sidewalk	independent
7289	phone	hat	disjoint
7290	phone	Four people	disjoint
7291	phone	city sidewalk	independent
7292	phone	one in the green hat	independent
7293	phone	green hat	independent
7294	group of people	city	independent
7295	group of people	sidewalk	independent
7296	group of people	hat	independent
7297	group of people	Four people	reverseentailment
7298	group of people	city sidewalk	independent
7299	group of people	one in the green hat	independent
7300	group of people	green hat	independent
7301	person in a green hat	people	independent
7302	person in a green hat	city	independent
7303	person in a green hat	sidewalk	independent
7304	person in a green hat	hat	independent
7305	person in a green hat	Four people	independent
7306	person in a green hat	city sidewalk	independent
7307	person in a green hat	one in the green hat	reverseentailment
7308	person in a green hat	green hat	independent
7309	green hat	people	independent
7310	green hat	city	independent
7311	green hat	sidewalk	independent
7312	green hat	hat	forwardentailment
7313	green hat	Four people	independent
7314	green hat	city sidewalk	independent
7315	green hat	one in the green hat	reverseentailment
7316	on the phone	along a city sidewalk	independent
7317	surfer	huge wave	independent
7318	big	huge	reverseentailment
7319	wave	huge wave	reverseentailment
7320	big wave	surfer	independent
7321	big wave	wave	forwardentailment
7322	big wave	huge wave	forwardentailment
7323	person	jacket	independent
7324	person	khaki	independent
7325	person	pants	independent
7326	person	state	disjoint
7327	person	red jacket and khaki pants	independent
7328	person	jacket and khaki pants	independent
7329	person	European state	independent
7330	red	European	independent
7331	hooded	red	independent
7332	hooded	European	independent
7333	jacket	man	independent
7334	jacket	khaki	independent
7335	jacket	pants	disjoint
7336	jacket	state	disjoint
7337	jacket	red jacket and khaki pants	independent
7338	jacket	jacket and khaki pants	independent
7339	jacket	European state	independent
7340	black	red	disjoint
7341	black	European	independent
7342	backpack	man	independent
7343	backpack	jacket	independent
7344	backpack	khaki	independent
7345	backpack	pants	disjoint
7346	backpack	state	disjoint
7347	backpack	red jacket and khaki pants	independent
7348	backpack	jacket and khaki pants	independent
7349	backpack	European state	independent
7350	rocky	red	independent
7351	rocky	European	independent
7352	wall	man	independent
7353	wall	jacket	independent
7354	wall	khaki	independent
7355	wall	pants	disjoint
7356	wall	state	disjoint
7357	wall	red jacket and khaki pants	disjoint
7358	wall	jacket and khaki pants	disjoint
7359	wall	European state	independent
7360	red hooded jacket	man	independent
7361	red hooded jacket	jacket	forwardentailment
7362	red hooded jacket	khaki	independent
7363	red hooded jacket	pants	independent
7364	red hooded jacket	state	independent
7365	red hooded jacket	red jacket and khaki pants	independent
7366	red hooded jacket	jacket and khaki pants	independent
7367	red hooded jacket	European state	independent
7368	black backpack	man	independent
7369	black backpack	jacket	independent
7370	black backpack	khaki	disjoint
7371	black backpack	pants	independent
7372	black backpack	state	disjoint
7373	black backpack	red jacket and khaki pants	independent
7374	black backpack	jacket and khaki pants	independent
7375	black backpack	European state	independent
7376	near a rocky wall	through an European state	independent
7377	rocky wall	man	disjoint
7378	rocky wall	jacket	independent
7379	rocky wall	khaki	independent
7380	rocky wall	pants	disjoint
7381	rocky wall	state	independent
7382	rocky wall	red jacket and khaki pants	independent
7383	rocky wall	jacket and khaki pants	independent
7384	rocky wall	European state	independent
7385	players	man	independent
7386	players	green	independent
7387	players	ball	independent
7388	players	man in green	independent
7389	players	soccer ball	independent
7390	players	man in purple and white	independent
7391	maneuvering	kicking	independent
7392	maneuvering	rising	independent
7393	soccer	green	independent
7394	soccer	ball	independent
7395	soccer	man in green	independent
7396	soccer	soccer ball	independent
7397	soccer	man in purple and white	independent
7398	ball	green	independent
7399	ball	man in green	independent
7400	ball	soccer ball	reverseentailment
7401	ball	man in purple and white	independent
7402	soccer ball	green	independent
7403	soccer ball	soccer	independent
7404	soccer ball	ball	forwardentailment
7405	soccer ball	man in green	independent
7406	soccer ball	man in purple and white	independent
7407	man	leather	independent
7408	man	chaps	independent
7409	man	camera	independent
7410	man	purple shirt	independent
7411	man	black leather chaps	independent
7412	dressed	posing	independent
7413	leather	man	independent
7414	leather	shirt	disjoint
7415	leather	chaps	reverseentailment
7416	leather	camera	independent
7417	leather	purple shirt	disjoint
7418	leather	black leather chaps	reverseentailment
7419	chaps	man	independent
7420	chaps	shirt	disjoint
7421	chaps	leather	forwardentailment
7422	chaps	camera	independent
7423	chaps	purple shirt	independent
7424	chaps	black leather chaps	reverseentailment
7425	purple	black	disjoint
7426	shirt	leather	disjoint
7427	shirt	chaps	disjoint
7428	shirt	camera	independent
7429	shirt	purple shirt	reverseentailment
7430	shirt	black leather chaps	disjoint
7431	standing	posing	synonym
7432	front	shirt	independent
7433	front	leather	independent
7434	front	chaps	independent
7435	front	camera	independent
7436	front	purple shirt	independent
7437	front	black leather chaps	independent
7438	lookers	man	independent
7439	lookers	shirt	independent
7440	lookers	leather	independent
7441	lookers	chaps	independent
7442	lookers	camera	independent
7443	lookers	purple shirt	independent
7444	lookers	black leather chaps	independent
7445	leather chaps	man	independent
7446	leather chaps	shirt	disjoint
7447	leather chaps	leather	forwardentailment
7448	leather chaps	chaps	forwardentailment
7449	leather chaps	camera	disjoint
7450	leather chaps	purple shirt	disjoint
7451	leather chaps	black leather chaps	reverseentailment
7452	purple shirt	man	independent
7453	purple shirt	shirt	forwardentailment
7454	purple shirt	leather	disjoint
7455	purple shirt	chaps	independent
7456	purple shirt	camera	disjoint
7457	purple shirt	black leather chaps	disjoint
7458	in front of someone lookers	for the camera	independent
7459	front of someone lookers	man	independent
7460	front of someone lookers	shirt	independent
7461	front of someone lookers	leather	independent
7462	front of someone lookers	chaps	independent
7463	front of someone lookers	camera	independent
7464	front of someone lookers	purple shirt	independent
7465	front of someone lookers	black leather chaps	independent
7466	someone lookers	man	independent
7467	someone lookers	shirt	independent
7468	someone lookers	leather	independent
7469	someone lookers	chaps	independent
7470	someone lookers	camera	independent
7471	someone lookers	purple shirt	independent
7472	someone lookers	black leather chaps	independent
7473	dog	sand	independent
7474	dog	air	independent
7475	area	dog	independent
7476	area	sand	independent
7477	area	air	disjoint
7478	sand	dog	independent
7479	sand	air	disjoint
7480	stirred	blowing	forwardentailment
7481	air	dog	independent
7482	air	sand	disjoint
7483	plants	dog	independent
7484	plants	sand	independent
7485	plants	air	independent
7486	background	dog	independent
7487	background	sand	independent
7488	background	air	disjoint
7489	area with the sand	dog	independent
7490	area with the sand	sand	independent
7491	area with the sand	air	disjoint
7492	into the air	in the air	synonym
7493	several plants	dog	independent
7494	several plants	sand	independent
7495	several plants	air	independent
7496	in the background	in the air	disjoint
7497	dog	area	independent
7498	dog	plants	disjoint
7499	dog	background	independent
7500	dog	area with the sand	independent
7501	dog	several plants	disjoint
7502	sand	area	forwardentailment
7503	sand	plants	disjoint
7504	sand	background	independent
7505	sand	area with the sand	independent
7506	sand	several plants	disjoint
7507	blowing	stirred	reverseentailment
7508	wind	dog	disjoint
7509	wind	area	disjoint
7510	wind	sand	independent
7511	wind	air	forwardentailment
7512	wind	plants	independent
7513	wind	background	independent
7514	wind	area with the sand	independent
7515	wind	several plants	independent
7516	in the wind	into the air	independent
7517	in the wind	in the background	independent
7518	dog	outdoors	independent
7519	green	black	disjoint
7520	yard	outdoors	forwardentailment
7521	yard	black and white dog	independent
7522	black and white dog	dog	independent
7523	black and white dog	outdoors	independent
7524	green yard	dog	independent
7525	green yard	outdoors	forwardentailment
7526	green yard	black and white dog	independent
7527	dog	shade	disjoint
7528	dog	trees	independent
7529	dog	shade of some trees	independent
7530	air	shade	disjoint
7531	air	trees	independent
7532	air	shade of some trees	independent
7533	country	dog	disjoint
7534	country	shade	disjoint
7535	country	trees	independent
7536	country	shade of some trees	independent
7537	air in the country	dog	independent
7538	air in the country	shade	disjoint
7539	air in the country	trees	independent
7540	air in the country	shade of some trees	independent
7541	dog	cat	disjoint
7542	dog	country	disjoint
7543	dog	air in the country	independent
7544	shade	cat	independent
7545	shade	air	disjoint
7546	shade	country	disjoint
7547	shade	air in the country	independent
7548	trees	cat	independent
7549	trees	air	disjoint
7550	trees	country	independent
7551	trees	air in the country	independent
7552	shade of some trees	cat	independent
7553	shade of some trees	air	disjoint
7554	shade of some trees	country	independent
7555	shade of some trees	air in the country	independent
7556	cluster	dogs	independent
7557	cluster	area	forwardentailment
7558	cluster	Four dogs	independent
7559	cluster	grassy area	independent
7560	brown	grassy	disjoint
7561	dogs	area	independent
7562	dogs	Four dogs	independent
7563	dogs	grassy area	independent
7564	field	dogs	independent
7565	field	area	forwardentailment
7566	field	Four dogs	independent
7567	field	grassy area	independent
7568	grass	Four dogs	independent
7569	cluster of four brown dogs	dogs	independent
7570	cluster of four brown dogs	area	independent
7571	cluster of four brown dogs	Four dogs	forwardentailment
7572	cluster of four brown dogs	grassy area	independent
7573	four brown dogs	dogs	independent
7574	four brown dogs	area	independent
7575	four brown dogs	Four dogs	forwardentailment
7576	four brown dogs	grassy area	independent
7577	field of brown grass	dogs	independent
7578	field of brown grass	area	forwardentailment
7579	field of brown grass	Four dogs	independent
7580	field of brown grass	grassy area	forwardentailment
7581	brown grass	dogs	independent
7582	brown grass	area	independent
7583	brown grass	Four dogs	disjoint
7584	brown grass	grassy area	independent
7585	brown	nap	independent
7586	brown	park	independent
7587	brown	nap in the park	independent
7588	dog	nap	disjoint
7589	dog	park	independent
7590	dog	nap in the park	disjoint
7591	jacket	dog	disjoint
7592	jacket	nap	disjoint
7593	jacket	park	independent
7594	jacket	nap in the park	disjoint
7595	street	dog	independent
7596	street	nap	disjoint
7597	street	park	disjoint
7598	street	nap in the park	disjoint
7599	brown and white spotted dog	dog	independent
7600	brown and white spotted dog	nap	independent
7601	brown and white spotted dog	park	independent
7602	brown and white spotted dog	nap in the park	independent
7603	spotted dog	dog	forwardentailment
7604	spotted dog	nap	disjoint
7605	spotted dog	park	independent
7606	spotted dog	nap in the park	disjoint
7607	jacket on the street	dog	disjoint
7608	jacket on the street	nap	disjoint
7609	jacket on the street	park	disjoint
7610	jacket on the street	nap in the park	disjoint
7611	man	rider	independent
7612	man	orange	independent
7613	man	rider dressed in orange	independent
7614	man	one wheel	independent
7615	sport	rider	independent
7616	sport	orange	independent
7617	sport	motorcycle	independent
7618	sport	wheel	disjoint
7619	sport	rider dressed in orange	independent
7620	sport	one wheel	independent
7621	bike	orange	disjoint
7622	bike	motorcycle	reverseentailment
7623	bike	wheel	independent
7624	bike	rider dressed in orange	independent
7625	bike	one wheel	independent
7626	doing	dressed	independent
7627	doing	driving	reverseentailment
7628	wheelie	rider	independent
7629	wheelie	orange	disjoint
7630	wheelie	motorcycle	independent
7631	wheelie	wheel	forwardentailment
7632	wheelie	rider dressed in orange	independent
7633	wheelie	one wheel	disjoint
7634	friend	rider	independent
7635	friend	orange	independent
7636	friend	motorcycle	independent
7637	friend	wheel	independent
7638	friend	rider dressed in orange	independent
7639	friend	one wheel	independent
7640	catching	dressed	independent
7641	catching	driving	disjoint
7642	yellow sport bike	rider	independent
7643	yellow sport bike	orange	disjoint
7644	yellow sport bike	motorcycle	independent
7645	yellow sport bike	wheel	independent
7646	yellow sport bike	rider dressed in orange	independent
7647	yellow sport bike	one wheel	independent
7648	friend on a black bike	rider	independent
7649	friend on a black bike	orange	independent
7650	friend on a black bike	motorcycle	independent
7651	friend on a black bike	wheel	independent
7652	friend on a black bike	rider dressed in orange	independent
7653	friend on a black bike	one wheel	independent
7654	black bike	rider	independent
7655	black bike	orange	disjoint
7656	black bike	motorcycle	independent
7657	black bike	wheel	independent
7658	black bike	rider dressed in orange	independent
7659	black bike	one wheel	independent
7660	elder	man	independent
7661	elder	bench	disjoint
7662	elder	elderly man	synonym
7663	man	bench	disjoint
7664	man	elderly man	independent
7665	bench	man	independent
7666	bench	elderly man	independent
7667	gray	elderly	independent
7668	jacket	bench	independent
7669	jacket	elderly man	independent
7670	black	elderly	independent
7671	pants	man	independent
7672	pants	bench	disjoint
7673	pants	elderly man	independent
7674	elder man	man	forwardentailment
7675	elder man	bench	disjoint
7676	elder man	elderly man	forwardentailment
7677	gray jacket	man	independent
7678	gray jacket	bench	independent
7679	gray jacket	elderly man	independent
7680	black pants	man	independent
7681	black pants	bench	independent
7682	black pants	elderly man	independent
7683	woman	paintbrush	independent
7684	woman	artist	independent
7685	woman	easel	disjoint
7686	paintbrush	lady	independent
7687	paintbrush	artist	independent
7688	paintbrush	easel	independent
7689	artist	lady	independent
7690	artist	paintbrush	independent
7691	artist	easel	independent
7692	easel	lady	independent
7693	easel	paintbrush	independent
7694	easel	artist	independent
7695	man	barefoot	independent
7696	man	tennis	independent
7697	man	court	independent
7698	man	blue shirt	independent
7699	man	tennis court	independent
7700	wearing	walking	independent
7701	shirt	woman	independent
7702	shirt	barefoot	independent
7703	shirt	tennis	disjoint
7704	shirt	court	independent
7705	shirt	tennis court	disjoint
7706	walking	wearing	independent
7707	barefoot	woman	independent
7708	barefoot	shirt	independent
7709	barefoot	tennis	independent
7710	barefoot	court	independent
7711	barefoot	blue shirt	independent
7712	barefoot	tennis court	independent
7713	tennis	woman	independent
7714	tennis	shirt	independent
7715	tennis	barefoot	independent
7716	tennis	court	independent
7717	tennis	blue shirt	independent
7718	tennis	tennis court	independent
7719	court	woman	independent
7720	court	shirt	disjoint
7721	court	barefoot	independent
7722	court	tennis	independent
7723	court	blue shirt	independent
7724	court	tennis court	reverseentailment
7725	blue shirt	woman	independent
7726	blue shirt	barefoot	independent
7727	blue shirt	tennis	independent
7728	blue shirt	court	independent
7729	blue shirt	tennis court	independent
7730	tennis court	woman	independent
7731	tennis court	shirt	independent
7732	tennis court	barefoot	independent
7733	tennis court	tennis	independent
7734	tennis court	court	forwardentailment
7735	tennis court	blue shirt	independent
7736	girl	edge	independent
7737	girl	fountain	independent
7738	girl	edge of a fountain	independent
7739	girl	older woman	disjoint
7740	edge	girl	independent
7741	edge	fountain	independent
7742	edge	woman	independent
7743	edge	young girl	independent
7744	edge	edge of a fountain	reverseentailment
7745	edge	older woman	independent
7746	fountain	girl	independent
7747	fountain	edge	independent
7748	fountain	woman	independent
7749	fountain	young girl	independent
7750	fountain	edge of a fountain	independent
7751	fountain	older woman	independent
7752	woman	edge	independent
7753	woman	fountain	independent
7754	woman	young girl	disjoint
7755	woman	edge of a fountain	independent
7756	woman	older woman	independent
7757	watching	playing	disjoint
7758	young girl	edge	independent
7759	young girl	fountain	independent
7760	young girl	woman	independent
7761	young girl	edge of a fountain	independent
7762	young girl	older woman	disjoint
7763	edge of a fountain	girl	independent
7764	edge of a fountain	edge	forwardentailment
7765	edge of a fountain	fountain	independent
7766	edge of a fountain	woman	independent
7767	edge of a fountain	young girl	independent
7768	edge of a fountain	older woman	independent
7769	older woman	girl	disjoint
7770	older woman	edge	independent
7771	older woman	fountain	independent
7772	older woman	woman	independent
7773	older woman	young girl	disjoint
7774	older woman	edge of a fountain	independent
7775	girl	city	independent
7776	girl	woman wearing a yellow shirt	independent
7777	girl	yellow shirt	independent
7778	girl	city fountain	independent
7779	playing	getting	disjoint
7780	playing	splashed	independent
7781	edge	shirt	independent
7782	edge	city	independent
7783	edge	little girl	independent
7784	edge	woman wearing a yellow shirt	independent
7785	edge	yellow shirt	independent
7786	edge	city fountain	independent
7787	fountain	city	independent
7788	fountain	little girl	independent
7789	fountain	woman wearing a yellow shirt	independent
7790	fountain	yellow shirt	independent
7791	fountain	city fountain	reverseentailment
7792	woman	city	independent
7793	woman	little girl	disjoint
7794	woman	woman wearing a yellow shirt	independent
7795	woman	yellow shirt	independent
7796	woman	city fountain	independent
7797	watching	wearing	disjoint
7798	watching	getting	disjoint
7799	watching	splashed	independent
7800	young girl	shirt	independent
7801	young girl	city	independent
7802	young girl	woman wearing a yellow shirt	disjoint
7803	young girl	yellow shirt	independent
7804	young girl	city fountain	independent
7805	edge of a fountain	shirt	disjoint
7806	edge of a fountain	city	independent
7807	edge of a fountain	little girl	independent
7808	edge of a fountain	woman wearing a yellow shirt	independent
7809	edge of a fountain	yellow shirt	independent
7810	edge of a fountain	city fountain	independent
7811	older woman	shirt	independent
7812	older woman	city	independent
7813	older woman	little girl	disjoint
7814	older woman	woman wearing a yellow shirt	independent
7815	older woman	yellow shirt	independent
7816	older woman	city fountain	independent
7817	dog	branch	independent
7818	dog	dog with a large branch	independent
7819	dog	large branch	independent
7820	large	black	independent
7821	large	white	independent
7822	branch	dog	independent
7823	branch	field	independent
7824	branch	dog with a large branch	independent
7825	branch	large branch	independent
7826	standing	running	disjoint
7827	field	branch	independent
7828	field	dog with a large branch	independent
7829	field	large branch	independent
7830	dog with a large branch	dog	independent
7831	dog with a large branch	branch	independent
7832	dog with a large branch	field	independent
7833	dog with a large branch	large branch	independent
7834	large branch	dog	independent
7835	large branch	branch	independent
7836	large branch	field	disjoint
7837	large branch	dog with a large branch	independent
7838	huge	black	independent
7839	huge	white	independent
7840	huge	large	disjoint
7841	stick	dog	disjoint
7842	stick	branch	independent
7843	stick	field	independent
7844	stick	dog with a large branch	independent
7845	stick	large branch	independent
7846	grass	branch	independent
7847	grass	dog with a large branch	independent
7848	grass	large branch	independent
7849	black and white dog	branch	independent
7850	black and white dog	field	independent
7851	black and white dog	dog with a large branch	independent
7852	black and white dog	large branch	independent
7853	huge stick	dog	disjoint
7854	huge stick	branch	independent
7855	huge stick	field	independent
7856	huge stick	dog with a large branch	independent
7857	huge stick	large branch	independent
7858	on the green grass	in the field	independent
7859	green grass	dog	independent
7860	green grass	branch	independent
7861	green grass	field	independent
7862	green grass	dog with a large branch	disjoint
7863	green grass	large branch	independent
7864	boy	barefoot	independent
7865	boy	sandy	independent
7866	boy	hill	independent
7867	boy	boy wearing a striped shirt	independent
7868	boy	sandy hill	independent
7869	sand	boy	independent
7870	sand	shirt	independent
7871	sand	barefoot	independent
7872	sand	sandy	independent
7873	sand	hill	independent
7874	sand	boy wearing a striped shirt	independent
7875	sand	striped shirt	independent
7876	sand	sandy hill	independent
7877	through the sand	on the sandy hill	independent
7878	boys	tongue	independent
7879	boys	camera	independent
7880	boys	little boy	reverseentailment
7881	looking	sticking	independent
7882	camera	boy	independent
7883	camera	tongue	disjoint
7884	camera	little boy	independent
7885	sticking	looking	independent
7886	tongue	boy	independent
7887	tongue	camera	disjoint
7888	tongue	little boy	independent
7889	Two young boys	boy	independent
7890	Two young boys	tongue	independent
7891	Two young boys	camera	independent
7892	Two young boys	little boy	independent
7893	at the camera	for the camera	synonym
7894	boy	kids	independent
7895	boy	camera	independent
7896	boy	tongue	independent
7897	boy	Two kids	independent
7898	tongue	kids	independent
7899	tongue	Two kids	independent
7900	camera	kids	independent
7901	camera	Two kids	independent
7902	little boy	kids	forwardentailment
7903	little boy	camera	independent
7904	little boy	tongue	independent
7905	little boy	Two kids	independent
7906	for the camera	at the camera	synonym
7907	laughing	jumping	independent
7908	child	person	forwardentailment
7909	child	jacket	independent
7910	child	cement	independent
7911	child	wall	disjoint
7912	child	person in a blue jacket	independent
7913	child	blue jacket	independent
7914	child	tall cement wall	disjoint
7915	holding	jumping	independent
7916	water	jacket	independent
7917	water	cement	disjoint
7918	water	wall	disjoint
7919	water	person in a blue jacket	independent
7920	water	blue jacket	independent
7921	water	tall cement wall	disjoint
7922	gun	person	disjoint
7923	gun	jacket	independent
7924	gun	cement	independent
7925	gun	wall	independent
7926	gun	person in a blue jacket	independent
7927	gun	blue jacket	independent
7928	gun	tall cement wall	independent
7929	getting	jumping	reverseentailment
7930	sprayed	jumping	independent
7931	laughing child	person	forwardentailment
7932	laughing child	jacket	independent
7933	laughing child	cement	disjoint
7934	laughing child	wall	disjoint
7935	laughing child	person in a blue jacket	independent
7936	laughing child	blue jacket	independent
7937	laughing child	tall cement wall	disjoint
7938	water gun	person	disjoint
7939	water gun	jacket	independent
7940	water gun	cement	disjoint
7941	water gun	wall	disjoint
7942	water gun	person in a blue jacket	independent
7943	water gun	blue jacket	independent
7944	water gun	tall cement wall	independent
7945	with water	onto a tall cement wall	independent
7946	person	elephant	disjoint
7947	slicing	ridden	independent
7948	mushrooms	elephant	disjoint
7949	mushrooms	woman	independent
7950	children	dog	disjoint
7951	children	field	independent
7952	children	toy	independent
7953	playing	chasing	independent
7954	toy	field	disjoint
7955	car	dog	disjoint
7956	car	field	disjoint
7957	street	field	disjoint
7958	street	toy	independent
7959	Two small children	dog	disjoint
7960	Two small children	field	disjoint
7961	Two small children	toy	independent
7962	with a toy car	through a field	independent
7963	toy car	dog	disjoint
7964	toy car	field	disjoint
7965	in the street	through a field	disjoint
7966	man	drinks	independent
7967	playing	pointing	independent
7968	guitar	group	independent
7969	guitar	people	disjoint
7970	guitar	drinks	disjoint
7971	guitar	camera	disjoint
7972	guitar	group of people	independent
7973	electric guitar	group	independent
7974	electric guitar	people	disjoint
7975	electric guitar	drinks	disjoint
7976	electric guitar	camera	disjoint
7977	electric guitar	group of people	independent
7978	girl	brush	independent
7979	girl	photo	independent
7980	gold	man	independent
7981	gold	brush	disjoint
7982	gold	photo	independent
7983	purple	man	independent
7984	purple	brush	independent
7985	purple	photo	independent
7986	holding	squatting	disjoint
7987	holding	taking	reverseentailment
7988	rainbow	man	independent
7989	rainbow	brush	independent
7990	rainbow	photo	independent
7991	afghan	man	independent
7992	afghan	brush	disjoint
7993	afghan	photo	independent
7994	girl in gold and purple	man	independent
7995	girl in gold and purple	brush	independent
7996	girl in gold and purple	photo	independent
7997	girl in gold	man	independent
7998	girl in gold	brush	independent
7999	girl in gold	photo	independent
8000	rainbow afghan	man	independent
8001	rainbow afghan	brush	independent
8002	rainbow afghan	photo	independent
8003	people	practicing	independent
8004	people	jumper	independent
8005	people	person	synonym
8006	people	snowboard	disjoint
8007	people	air	independent
8008	people	practicing jumper	independent
8009	riding	tossing	disjoint
8010	bike	practicing	independent
8011	bike	jumper	disjoint
8012	bike	person	disjoint
8013	bike	snowboard	disjoint
8014	bike	air	independent
8015	bike	practicing jumper	disjoint
8016	Two people	practicing	independent
8017	Two people	jumper	independent
8018	Two people	person	disjoint
8019	Two people	snowboard	disjoint
8020	Two people	air	independent
8021	Two people	practicing jumper	independent
8022	instruments	woman	independent
8023	instruments	paint	disjoint
8024	instruments	young , topless woman	disjoint
8025	played	covered	independent
8026	band	woman	independent
8027	band	paint	disjoint
8028	band	young , topless woman	disjoint
8029	by a band	in paint	independent
8030	family	suit	independent
8031	family	microphone	disjoint
8032	family	singing	independent
8033	family	man in a suit	independent
8034	family	microphone and singing	disjoint
8035	buying	standing	disjoint
8036	vending	suit	independent
8037	vending	microphone	disjoint
8038	vending	singing	disjoint
8039	vending	man in a suit	independent
8040	vending	microphone and singing	disjoint
8041	machine	suit	independent
8042	machine	microphone	reverseentailment
8043	machine	singing	disjoint
8044	machine	man in a suit	independent
8045	machine	microphone and singing	independent
8046	something at the vending machine	man	independent
8047	something at the vending machine	suit	disjoint
8048	something at the vending machine	microphone	disjoint
8049	something at the vending machine	singing	disjoint
8050	something at the vending machine	man in a suit	independent
8051	something at the vending machine	microphone and singing	disjoint
8052	vending machine	suit	disjoint
8053	vending machine	microphone	disjoint
8054	vending machine	singing	disjoint
8055	vending machine	man in a suit	disjoint
8056	vending machine	microphone and singing	disjoint
8057	bike	hill	independent
8058	bike	bike down a dirt hill	reverseentailment
8059	bike	dirt hill	disjoint
8060	monkey	person	disjoint
8061	monkey	dirt	independent
8062	monkey	bike	disjoint
8063	monkey	hill	independent
8064	monkey	bike down a dirt hill	disjoint
8065	monkey	dirt hill	disjoint
8066	biker	man	independent
8067	biker	road	independent
8068	riding	dancing	disjoint
8069	fence	man	independent
8070	fence	road	independent
8071	from a fence	on the road	disjoint
8072	woman	kid	disjoint
8073	guitar	kid	independent
8074	electric guitar	kid	independent
8075	animal	cop	disjoint
8076	animal	police	disjoint
8077	animal	bike	disjoint
8078	animal	police bike	disjoint
8079	grazing	sitting	disjoint
8080	grass	cop	disjoint
8081	grass	police	independent
8082	grass	bike	disjoint
8083	grass	police bike	disjoint
8084	on the grass	on a police bike	disjoint
8085	dog	girl	disjoint
8086	dog	band	disjoint
8087	dog	instrument	disjoint
8088	dog	girl in a band	disjoint
8089	snapping	playing	independent
8090	droplets	girl	independent
8091	droplets	band	independent
8092	droplets	instrument	independent
8093	droplets	girl in a band	independent
8094	water	girl	independent
8095	water	band	independent
8096	water	instrument	independent
8097	water	girl in a band	independent
8098	droplets of water	girl	independent
8099	droplets of water	band	independent
8100	droplets of water	instrument	independent
8101	droplets of water	girl in a band	independent
8102	man	tennis ball	disjoint
8103	pushing	swimming	disjoint
8104	motocross	dog	disjoint
8105	motocross	tennis	disjoint
8106	motocross	ball	disjoint
8107	motocross	tennis ball	disjoint
8108	bike	dog	disjoint
8109	bike	tennis	disjoint
8110	bike	ball	disjoint
8111	bike	tennis ball	disjoint
8112	dirt	tennis	independent
8113	dirt	tennis ball	disjoint
8114	hill	dog	independent
8115	hill	tennis	disjoint
8116	hill	ball	disjoint
8117	hill	tennis ball	disjoint
8118	young man	dog	disjoint
8119	young man	tennis	independent
8120	young man	ball	independent
8121	young man	tennis ball	disjoint
8122	bike down a dirt hill	dog	disjoint
8123	bike down a dirt hill	tennis	disjoint
8124	bike down a dirt hill	ball	disjoint
8125	bike down a dirt hill	tennis ball	disjoint
8126	dirt hill	dog	independent
8127	dirt hill	tennis	disjoint
8128	dirt hill	ball	disjoint
8129	dirt hill	tennis ball	disjoint
